rq,dataset,model,adaptation,method,seed,basis,baseline_artifact_paths,comparison_artifact_path,confound,baseline_accuracy,comparison_accuracy,delta_accuracy,baseline_macro_f1,comparison_macro_f1,delta_macro_f1,baseline_nll,comparison_nll,delta_nll,baseline_brier,comparison_brier,delta_brier,baseline_ece_10,comparison_ece_10,delta_ece_10,baseline_ece_15,comparison_ece_15,delta_ece_15,baseline_ece_30,comparison_ece_30,delta_ece_30,baseline_miou,comparison_miou,delta_miou,baseline_pixel_accuracy,comparison_pixel_accuracy,delta_pixel_accuracy,baseline_iou_building,comparison_iou_building,delta_iou_building,baseline_foreground_ece_15,comparison_foreground_ece_15,delta_foreground_ece_15,baseline_boundary_ece_15,comparison_boundary_ece_15,delta_boundary_ece_15
RQ1,eurosat,panopticon_minus_dofa,frozen,deterministic,42,Panopticon minus DOFA; entire configuration contrast,results/baselines/dofa_eurosat_frozen_bnlinear/runs/20260807T103233022656Z_eurosat_dofa_frozen_bnlinear_seed42_338e2700/predictions/test/deterministic/predictions.parquet,results/baselines/panopticon_eurosat_frozen_bnlinear/runs/20260815T195254997519Z_eurosat_panopticon_frozen_bnlinear_seed42_74d738b8/predictions/test/deterministic/predictions.parquet,backend normalization differs,0.9830508474576272,0.9837877671333825,0.0007369196757552876,0.9820321179321507,0.9832295981792253,0.001197480247074556,0.05810932382339024,0.051498536888575,-0.0066107869348152395,0.026905956161040682,0.025838579490714744,-0.001067376670325939,0.0036530492932987987,0.0068974068763068075,0.003244357583008009,0.004230741814997763,0.007695890551291587,0.003465148736293824,0.007084720281440718,0.009458219985269675,0.002373499703828957,,,,,,,,,,,,,,,
RQ1,eurosat,panopticon_minus_dofa,frozen,deterministic,43,Panopticon minus DOFA; entire configuration contrast,results/baselines/dofa_eurosat_frozen_bnlinear/runs/20260807T104927933179Z_eurosat_dofa_frozen_bnlinear_seed43_3567033c/predictions/test/deterministic/predictions.parquet,results/baselines/panopticon_eurosat_frozen_bnlinear/runs/20260815T231227548291Z_eurosat_panopticon_frozen_bnlinear_seed43_743e193d/predictions/test/deterministic/predictions.parquet,backend normalization differs,0.9841562269712602,0.9830508474576272,-0.001105379513632987,0.9831336902774762,0.9823087497750616,-0.0008249405024146617,0.050330715675589256,0.046421732448028594,-0.003908983227560663,0.024243360452169457,0.024619526961733276,0.0003761665095638189,0.002672317147518487,0.003986379923676425,0.0013140627761579382,0.0071251012862563225,0.003624748968427991,-0.0035003523178283313,0.007608060416880125,0.005543769372238687,-0.0020642910446414375,,,,,,,,,,,,,,,
RQ1,eurosat,panopticon_minus_dofa,frozen,deterministic,44,Panopticon minus DOFA; entire configuration contrast,results/baselines/dofa_eurosat_frozen_bnlinear/runs/20260807T110954653187Z_eurosat_dofa_frozen_bnlinear_seed44_36c48b49/predictions/test/deterministic/predictions.parquet,results/baselines/panopticon_eurosat_frozen_bnlinear/runs/20260816T004654290690Z_eurosat_panopticon_frozen_bnlinear_seed44_4f21cdf8/predictions/test/deterministic/predictions.parquet,backend normalization differs,0.9830508474576272,0.9830508474576272,0.0,0.9818590980786089,0.9823891267973742,0.0005300287187652852,0.05473035796903158,0.05346244245739627,-0.001267915511635305,0.026847744245377,0.026447723663292348,-0.00040002058208465224,0.0022858886285660983,0.008165129160476943,0.005879240531910844,0.0036683374344643723,0.008542608757974825,0.004874271323510453,0.006021997675178854,0.0087786788174398,0.0027566811422609456,,,,,,,,,,,,,,,
RQ1,eurosat,panopticon_minus_dofa,full_finetune,deterministic,42,Panopticon minus DOFA; entire configuration contrast,results/baselines/dofa_eurosat_full_finetune/runs/20260808T211626550846Z_eurosat_dofa_full_finetune_seed42_466f9f00/predictions/test/deterministic/predictions.parquet,results/baselines/panopticon_eurosat_full_finetune/runs/20260815T210816909227Z_eurosat_panopticon_full_finetune_seed42_d280d48a/predictions/test/deterministic/predictions.parquet,backend normalization differs,0.970891672807664,0.9679439941046426,-0.0029476787030213725,0.9700730838673988,0.9674469537089507,-0.0026261301584480368,0.083690893234053,0.09865374542764949,0.014962852193596485,0.043979038164620635,0.04820857618290921,0.004229538018288577,0.004807878809987225,0.005965332073065491,0.0011574532630782668,0.007804339873764387,0.005855335039344006,-0.0019490048344203807,0.010494420501179087,0.010427448094198611,-6.697240698047557e-05,,,,,,,,,,,,,,,
RQ1,eurosat,panopticon_minus_dofa,full_finetune,deterministic,43,Panopticon minus DOFA; entire configuration contrast,results/baselines/dofa_eurosat_full_finetune/runs/20260808T215707981044Z_eurosat_dofa_full_finetune_seed43_53c8b069/predictions/test/deterministic/predictions.parquet,results/baselines/panopticon_eurosat_full_finetune/runs/20260816T023205454878Z_eurosat_panopticon_full_finetune_seed43_e304fee6/predictions/test/deterministic/predictions.parquet,backend normalization differs,0.9605747973470892,0.9657332350773765,0.005158437730287346,0.9602080708560228,0.9632016801889336,0.002993609332910818,0.12139354467006654,0.08418453140077854,-0.037209013269287994,0.05937078197142694,0.047577100823913226,-0.011793681147513717,0.00887212427381039,0.005777042636382905,-0.0030950816374274845,0.008803532592672237,0.007313713716863268,-0.0014898188758089691,0.012969005520763693,0.009799420449254085,-0.003169585071509608,,,,,,,,,,,,,,,
RQ1,eurosat,panopticon_minus_dofa,full_finetune,deterministic,44,Panopticon minus DOFA; entire configuration contrast,results/baselines/dofa_eurosat_full_finetune/runs/20260808T225252226548Z_eurosat_dofa_full_finetune_seed44_a9291cb9/predictions/test/deterministic/predictions.parquet,results/baselines/panopticon_eurosat_full_finetune/runs/20260816T034514128137Z_eurosat_panopticon_full_finetune_seed44_0883c676/predictions/test/deterministic/predictions.parquet,backend normalization differs,0.9631540162122328,0.9543109801031687,-0.008843036109064117,0.9609621683383477,0.9515934332109893,-0.009368735127358363,0.11574802638296275,0.1550083212716363,0.03926029488867355,0.056458336931848915,0.07147996395394808,0.015021627022099165,0.01664373178691133,0.012936548628434593,-0.0037071831584767363,0.016743802890324296,0.015190208614882777,-0.0015535942754415187,0.01735663784059779,0.017906849436577225,0.0005502115959794343,,,,,,,,,,,,,,,
RQ1,treesatai,panopticon_minus_dofa,frozen,deterministic,42,Panopticon minus DOFA; entire configuration contrast,results/final_thesis/classification/treesatai_frozen/runs/20260815T202926010453Z_treesatai_dofa_frozen_seed42_3dae0e5b/predictions/test/deterministic/predictions.parquet,results/final_thesis/classification/treesatai_frozen/runs/20260815T204959852998Z_treesatai_panopticon_frozen_seed42_5c8cc8e4/predictions/test/deterministic/predictions.parquet,within-dataset common input protocol,0.255,0.2395,-0.015500000000000014,0.21952595320890655,0.2067960209801897,-0.01272993222871685,0.25653112849224985,0.25819314083634115,0.0016620123440913015,0.07417677748713968,0.07572142477398956,0.0015446472868498873,0.010478647837757428,0.008868239890161325,-0.0016104079475961035,0.00997010348659763,0.010479455220324962,0.0005093517337273323,0.010514641026377346,0.010935011428220242,0.00042037040184289554,,,,,,,,,,,,,,,
RQ1,treesatai,panopticon_minus_dofa,frozen,deterministic,43,Panopticon minus DOFA; entire configuration contrast,results/final_thesis/classification/treesatai_frozen/runs/20260816T012149418043Z_treesatai_dofa_frozen_seed43_d484c9b3/predictions/test/deterministic/predictions.parquet,results/final_thesis/classification/treesatai_frozen/runs/20260816T014811037405Z_treesatai_panopticon_frozen_seed43_baa4ef7a/predictions/test/deterministic/predictions.parquet,within-dataset common input protocol,0.258,0.2395,-0.018500000000000016,0.2269122959768888,0.2170863143629495,-0.0098259816139393,0.25505652619165814,0.25458321659831534,-0.00047330959334279665,0.0737731909845718,0.0746615230539549,0.000888332069383102,0.011679578425984194,0.008081028914565832,-0.003598549511418362,0.010719108342131828,0.008726503198459735,-0.001992605143672093,0.011901780335605933,0.008899772953107944,-0.003002007382497989,,,,,,,,,,,,,,,
RQ1,treesatai,panopticon_minus_dofa,frozen,deterministic,44,Panopticon minus DOFA; entire configuration contrast,results/final_thesis/classification/treesatai_frozen/runs/20260816T013516128703Z_treesatai_dofa_frozen_seed44_f16a2a61/predictions/test/deterministic/predictions.parquet,results/final_thesis/classification/treesatai_frozen/runs/20260816T020829175076Z_treesatai_panopticon_frozen_seed44_341d0eca/predictions/test/deterministic/predictions.parquet,within-dataset common input protocol,0.257,0.2345,-0.02250000000000002,0.22305546606281948,0.20865760915644568,-0.014397856906373796,0.2559439182346577,0.2582176728557611,0.0022737546211034076,0.07399353938123633,0.07574351895939471,0.001749979578158381,0.011684101469154363,0.008638205387421476,-0.003045896081732887,0.011730424709454443,0.009280648868012456,-0.002449775841441987,0.011730424709454321,0.009741233105190622,-0.0019891916042636994,,,,,,,,,,,,,,,
RQ1,treesatai,panopticon_minus_dofa,full_finetune,deterministic,42,Panopticon minus DOFA; entire configuration contrast,results/final_thesis/classification/treesatai_full_finetune/runs/20260815T222120553265Z_treesatai_dofa_full_finetune_seed42_9845090f/predictions/test/deterministic/predictions.parquet,results/final_thesis/classification/treesatai_full_finetune/runs/20260815T223733845323Z_treesatai_panopticon_full_finetune_seed42_432b3047/predictions/test/deterministic/predictions.parquet,within-dataset common input protocol,0.265,0.2835,0.01849999999999996,0.24827355184214414,0.2447009605210901,-0.0035725913210540305,0.2499352651808189,0.24993001678748528,-5.24839333362892e-06,0.07259371298037501,0.07284414770273882,0.00025043472236381537,0.013653943376882792,0.011003725151432931,-0.0026502182254498612,0.014092692175650519,0.011266771733972806,-0.0028259204416777126,0.01443244248146196,0.011453337757004677,-0.002979104724457284,,,,,,,,,,,,,,,
RQ1,treesatai,panopticon_minus_dofa,full_finetune,deterministic,43,Panopticon minus DOFA; entire configuration contrast,results/final_thesis/classification/treesatai_full_finetune/runs/20260816T050303117850Z_treesatai_dofa_full_finetune_seed43_e40f79f2/predictions/test/deterministic/predictions.parquet,results/final_thesis/classification/treesatai_full_finetune/runs/20260816T053348883249Z_treesatai_panopticon_full_finetune_seed43_b7ae4087/predictions/test/deterministic/predictions.parquet,within-dataset common input protocol,0.2655,0.25,-0.015500000000000014,0.2298206297766517,0.21852796184352316,-0.011292667933128553,0.2439097361777931,0.24623769712438703,0.002327960946593932,0.07065762458783592,0.07177279995436456,0.0011151753665286368,0.00747251530900224,0.0036567401330093465,-0.003815775175992894,0.008119487144198016,0.004157547277253858,-0.003961939866944158,0.008388041261977135,0.004386594777844342,-0.004001446484132793,,,,,,,,,,,,,,,
RQ1,treesatai,panopticon_minus_dofa,full_finetune,deterministic,44,Panopticon minus DOFA; entire configuration contrast,results/final_thesis/classification/treesatai_full_finetune/runs/20260816T051814359617Z_treesatai_dofa_full_finetune_seed44_6a6f8fd9/predictions/test/deterministic/predictions.parquet,results/final_thesis/classification/treesatai_full_finetune/runs/20260816T060624868595Z_treesatai_panopticon_full_finetune_seed44_d6d97c6a/predictions/test/deterministic/predictions.parquet,within-dataset common input protocol,0.27,0.221,-0.049000000000000016,0.25337500735077423,0.1960271104495312,-0.057347896901243034,0.24673070866807678,0.25520544955130714,0.008474740883230358,0.07181984030490755,0.07494079566163814,0.0031209553567305842,0.015451789449343535,0.006980663971502024,-0.008471125477841512,0.015451789449343535,0.007464281140166956,-0.00798750830917658,0.01611030750144467,0.007848663994072316,-0.008261643507372355,,,,,,,,,,,,,,,
RQ1,cloudsen12,panopticon_minus_dofa,frozen,deterministic,42,Panopticon minus DOFA; entire configuration contrast,results/final_thesis/segmentation/cloudsen12_frozen/runs/20260823T212554430984Z_cloudsen12_dofa_frozen_seed42_5d8edd5b/predictions/test/deterministic/predictions.npz,results/final_thesis/segmentation/cloudsen12_frozen/runs/20260824T024636502649Z_cloudsen12_panopticon_frozen_seed42_987db5bf/predictions/test/deterministic/predictions.npz,within-dataset common input protocol,,,,,,,0.4625481666175915,0.4378204701065929,-0.024727696510998598,0.24074333193531652,0.21070196581135395,-0.030041366123962576,0.019294438592290696,0.04996056987018257,0.030666131277891872,0.019294824558505758,0.04996056987018257,0.03066574531167681,0.019294824558505758,0.04996056987018257,0.03066574531167681,0.6003162432776954,0.654634748638508,0.05431850536081262,0.8322424654958137,0.859185022566719,0.026942557070905315,,,,,,,,,
RQ1,cloudsen12,panopticon_minus_dofa,frozen,deterministic,43,Panopticon minus DOFA; entire configuration contrast,results/final_thesis/segmentation/cloudsen12_frozen/runs/20260824T063305175307Z_cloudsen12_dofa_frozen_seed43_d20a830e/predictions/test/deterministic/predictions.npz,results/final_thesis/segmentation/cloudsen12_frozen/runs/20260824T073937493619Z_cloudsen12_panopticon_frozen_seed43_9688327e/predictions/test/deterministic/predictions.npz,within-dataset common input protocol,,,,,,,0.4722835050278589,0.4063239765377326,-0.06595952849012626,0.23934912449420223,0.20424868896168966,-0.035100435532512575,0.050078845177803914,0.03844469212351427,-0.011634153054289643,0.050078845177803914,0.03844469212351427,-0.011634153054289643,0.050078845177803914,0.03844469212351427,-0.011634153054289643,0.6075052712185145,0.6537769566901619,0.046271685471647395,0.8362984448587127,0.8610903159340659,0.02479187107535319,,,,,,,,,
RQ1,cloudsen12,panopticon_minus_dofa,frozen,deterministic,44,Panopticon minus DOFA; entire configuration contrast,results/final_thesis/segmentation/cloudsen12_frozen/runs/20260824T135116679838Z_cloudsen12_dofa_frozen_seed44_2cce2dc4/predictions/test/deterministic/predictions.npz,results/final_thesis/segmentation/cloudsen12_frozen/runs/20260824T150154916514Z_cloudsen12_panopticon_frozen_seed44_953e2ce2/predictions/test/deterministic/predictions.npz,within-dataset common input protocol,,,,,,,0.4849438210815431,0.3969944022239774,-0.08794941885756569,0.2456242040360217,0.2034180244304211,-0.04220617960560061,0.05067139588559947,0.0364534143294535,-0.014217981556145967,0.05067139588559947,0.03645374106977747,-0.014217654815821996,0.05067139588559947,0.03645374106977747,-0.014217654815821996,0.6054874516766118,0.6547583055295483,0.0492708538529365,0.8331777783228677,0.8606068280677656,0.027429049744897904,,,,,,,,,
RQ1,cloudsen12,panopticon_minus_dofa,full_finetune,deterministic,42,Panopticon minus DOFA; entire configuration contrast,results/final_thesis/segmentation/cloudsen12_full_finetune/runs/20260823T224711552022Z_cloudsen12_dofa_full_finetune_seed42_9e2211d7/predictions/test/deterministic/predictions.npz,results/final_thesis/segmentation/cloudsen12_full_finetune/runs/20260824T002903622341Z_cloudsen12_panopticon_full_finetune_seed42_797a0b89/predictions/test/deterministic/predictions.npz,within-dataset common input protocol,,,,,,,0.4952006490683634,0.39547800780183434,-0.09972264126652908,0.21245527007407783,0.1928278449242537,-0.01962742514982413,0.0680183540384278,0.04288938285007745,-0.025128971188350356,0.0680183540384278,0.04288938285007745,-0.025128971188350356,0.0680183540384278,0.04288938285007745,-0.025128971188350356,0.656148945112433,0.6704898254541842,0.014340880341751183,0.8630831984236003,0.8700848909275248,0.0070016925039245725,,,,,,,,,
RQ1,cloudsen12,panopticon_minus_dofa,full_finetune,deterministic,43,Panopticon minus DOFA; entire configuration contrast,results/final_thesis/segmentation/cloudsen12_full_finetune/runs/20260824T041629083560Z_cloudsen12_dofa_full_finetune_seed43_6547906a/predictions/test/deterministic/predictions.npz,results/final_thesis/segmentation/cloudsen12_full_finetune/runs/20260824T055703693822Z_cloudsen12_panopticon_full_finetune_seed43_8e8dc6a5/predictions/test/deterministic/predictions.npz,within-dataset common input protocol,,,,,,,0.47862183940895986,0.370835032750112,-0.10778680665884788,0.20720312873556643,0.1872858405875459,-0.019917288148020518,0.06389967744508117,0.03805115461159726,-0.025848522833483906,0.06389968995745479,0.03805115461159726,-0.02584853534585753,0.06389968995745479,0.03805115461159726,-0.02584853534585753,0.6637905518125411,0.6767050537278565,0.012914501915315402,0.8669656756933543,0.8725182128139718,0.00555253712061754,,,,,,,,,
RQ1,cloudsen12,panopticon_minus_dofa,full_finetune,deterministic,44,Panopticon minus DOFA; entire configuration contrast,results/final_thesis/segmentation/cloudsen12_full_finetune/runs/20260824T084553296954Z_cloudsen12_dofa_full_finetune_seed44_9c298bb6/predictions/test/deterministic/predictions.npz,results/final_thesis/segmentation/cloudsen12_full_finetune/runs/20260824T102603117304Z_cloudsen12_panopticon_full_finetune_seed44_fde03f5e/predictions/test/deterministic/predictions.npz,within-dataset common input protocol,,,,,,,0.4650155097413431,0.39788461143072523,-0.06713089831061786,0.21682125436775673,0.19413296361293264,-0.022688290754824092,0.059130500917446475,0.04553030588056513,-0.013600195036881348,0.059130500917446475,0.045530404393033144,-0.013600096524413331,0.059130500917446475,0.045530404393033144,-0.013600096524413331,0.6504370791990615,0.6702407495033659,0.01980367030430441,0.8575951318027211,0.868835953852695,0.011240822049973898,,,,,,,,,
RQ1,spacenet7,panopticon_minus_dofa,frozen,deterministic,42,Panopticon minus DOFA; entire configuration contrast,results/final_thesis/segmentation/spacenet7_frozen/runs/20260823T212554554121Z_spacenet7_dofa_frozen_seed42_bb178c28/predictions/test/deterministic/predictions.npz,results/final_thesis/segmentation/spacenet7_frozen/runs/20260824T012909480544Z_spacenet7_panopticon_frozen_seed42_5bc79e91/predictions/test/deterministic/predictions.npz,within-dataset common input protocol,,,,,,,0.28227755431969476,0.35448375268828003,0.07220619836858527,0.1277050676206929,0.1368182836351938,0.009113216014500908,0.03568138187143702,0.04087724273019052,0.005195860858753502,0.03568138187143702,0.041094754292284826,0.005413372420847808,0.03568138187143702,0.041094754292284826,0.005413372420847808,0.4879173171132102,0.5001099117069657,0.012192594593755546,0.9264936728272039,0.9185758837226297,-0.007917789104574191,0.049624177202618636,0.08224242644056454,0.0326182492379459,0.04116862055160098,0.055100920029726504,0.01393229947812552,0.1340956174226946,0.1437124767664018,0.009616859343707207
RQ1,spacenet7,panopticon_minus_dofa,frozen,deterministic,43,Panopticon minus DOFA; entire configuration contrast,results/final_thesis/segmentation/spacenet7_frozen/runs/20260824T084249767853Z_spacenet7_dofa_frozen_seed43_30065f6d/predictions/test/deterministic/predictions.npz,results/final_thesis/segmentation/spacenet7_frozen/runs/20260824T093212435964Z_spacenet7_panopticon_frozen_seed43_7a04c439/predictions/test/deterministic/predictions.npz,within-dataset common input protocol,,,,,,,0.3187652716224418,0.3558671532638373,0.037101881641395495,0.13050134121784923,0.1354809571213309,0.004979615903481671,0.040292685403145,0.04118314228947831,0.0008904568863333101,0.040292685403145,0.04118314228947831,0.0008904568863333101,0.040292685403145,0.04118314228947831,0.0008904568863333101,0.48765314699430373,0.503029026895774,0.015375879901470269,0.9251974542665373,0.9187161365604184,-0.0064813177061189275,0.05040704436682573,0.087984354679038,0.037577310312212266,0.04723130104697469,0.05541862729888589,0.008187326251911202,0.14248410335203823,0.14816653583646167,0.005682432484423433
RQ1,spacenet7,panopticon_minus_dofa,frozen,deterministic,44,Panopticon minus DOFA; entire configuration contrast,results/final_thesis/segmentation/spacenet7_frozen/runs/20260824T131025872125Z_spacenet7_dofa_frozen_seed44_505d5ab5/predictions/test/deterministic/predictions.npz,results/final_thesis/segmentation/spacenet7_frozen/runs/20260824T140818811757Z_spacenet7_panopticon_frozen_seed44_0f56f5e4/predictions/test/deterministic/predictions.npz,within-dataset common input protocol,,,,,,,0.33593999934919155,0.35424124042336647,0.018301241074174912,0.13403904610929349,0.13655739606068348,0.0025183499513899976,0.04142660100670374,0.041550523960739286,0.00012392295403554354,0.041426583706489384,0.04156490162737913,0.00013831792088974532,0.04142660100670374,0.04156490162737913,0.000138300620675387,0.48926579228719774,0.5008651482694175,0.011599355982219783,0.9224325859087125,0.9186355694621599,-0.0037970164465526146,0.056460712817130644,0.0837040109556011,0.02724329813847045,0.05110731919930517,0.055175664771411365,0.004068345572106197,0.14348525023626812,0.1464771088062603,0.0029918585699921785
RQ1,spacenet7,panopticon_minus_dofa,full_finetune,deterministic,42,Panopticon minus DOFA; entire configuration contrast,results/final_thesis/segmentation/spacenet7_full_finetune/runs/20260823T223417473200Z_spacenet7_dofa_full_finetune_seed42_6349d2a1/predictions/test/deterministic/predictions.npz,results/final_thesis/segmentation/spacenet7_full_finetune/runs/20260823T233635521819Z_spacenet7_panopticon_full_finetune_seed42_b6b452b4/predictions/test/deterministic/predictions.npz,within-dataset common input protocol,,,,,,,0.560001991066894,0.4801957556420711,-0.07980623542482285,0.1368507791273619,0.1446316983426356,0.007780919215273685,0.056913276639448576,0.052909786716539196,-0.00400348992290938,0.056913276639448576,0.052909786716539196,-0.00400348992290938,0.056913276639448576,0.052909786716539196,-0.00400348992290938,0.4972244771571725,0.5090204123518141,0.01179593519464156,0.9234290609554369,0.9132996816483755,-0.01012937930706137,0.07147388573996383,0.1056381989971903,0.03416431325722648,0.06208139523284534,0.06441336675785952,0.002331971525014187,0.1882441116635324,0.1793774682175122,-0.0088666434460202
RQ1,spacenet7,panopticon_minus_dofa,full_finetune,deterministic,43,Panopticon minus DOFA; entire configuration contrast,results/final_thesis/segmentation/spacenet7_full_finetune/runs/20260824T041628970344Z_spacenet7_dofa_full_finetune_seed43_2a812094/predictions/test/deterministic/predictions.npz,results/final_thesis/segmentation/spacenet7_full_finetune/runs/20260824T050749487080Z_spacenet7_panopticon_full_finetune_seed43_efe0a455/predictions/test/deterministic/predictions.npz,within-dataset common input protocol,,,,,,,0.41279288707068484,0.4821234588831329,0.06933057181244806,0.12959177672140496,0.1358786603901058,0.006286883668700838,0.04473213891812506,0.049546868754512,0.004814729836386943,0.04499762440365385,0.049546868754512,0.004549244350858149,0.04499762440365385,0.049546868754512,0.004549244350858149,0.4965585476640966,0.5046620663506325,0.008103518686535915,0.9253547651156817,0.9204024057539683,-0.004952359361713454,0.06817220770211918,0.08954981695854358,0.0213776092564244,0.05260172241116553,0.05915342140230499,0.006551698991139464,0.15256271712575534,0.16661387223412344,0.014051155108368102
RQ1,spacenet7,panopticon_minus_dofa,full_finetune,deterministic,44,Panopticon minus DOFA; entire configuration contrast,results/final_thesis/segmentation/spacenet7_full_finetune/runs/20260824T105029720150Z_spacenet7_dofa_full_finetune_seed44_0e9c0a7e/predictions/test/deterministic/predictions.npz,results/final_thesis/segmentation/spacenet7_full_finetune/runs/20260824T115507474539Z_spacenet7_panopticon_full_finetune_seed44_f73c1ae1/predictions/test/deterministic/predictions.npz,within-dataset common input protocol,,,,,,,0.43743494525417453,0.3331834745356621,-0.10425147071851243,0.1357861339435857,0.14300713822537547,0.007221004281789761,0.04697380285178044,0.032559768832513894,-0.014414034019266546,0.047032265706370695,0.03376175267643199,-0.013270513029938702,0.047032265706370695,0.03376175267643199,-0.013270513029938702,0.4996375408123507,0.49925550450079287,-0.0003820363115578096,0.9207077718375761,0.9153644622318329,-0.005343309605743252,0.07911113593617422,0.08380689585944294,0.004695759923268719,0.05795021794272423,0.05512195947911979,-0.0028282584636044397,0.16370555507192222,0.1304604890134432,-0.03324506605847902
RQ2,eurosat,dofa,full_finetune,deterministic,42,full minus frozen; adaptation recipes including LR/budget,results/baselines/dofa_eurosat_frozen_bnlinear/runs/20260807T103233022656Z_eurosat_dofa_frozen_bnlinear_seed42_338e2700/predictions/test/deterministic/predictions.parquet,results/baselines/dofa_eurosat_full_finetune/runs/20260808T211626550846Z_eurosat_dofa_full_finetune_seed42_466f9f00/predictions/test/deterministic/predictions.parquet,,0.9830508474576272,0.970891672807664,-0.01215917464996319,0.9820321179321507,0.9700730838673988,-0.011959034064751961,0.05810932382339024,0.083690893234053,0.02558156941066276,0.026905956161040682,0.043979038164620635,0.017073082003579952,0.0036530492932987987,0.004807878809987225,0.001154829516688426,0.004230741814997763,0.007804339873764387,0.0035735980587666234,0.007084720281440718,0.010494420501179087,0.003409700219738369,,,,,,,,,,,,,,,
RQ2,eurosat,dofa,full_finetune,deterministic,43,full minus frozen; adaptation recipes including LR/budget,results/baselines/dofa_eurosat_frozen_bnlinear/runs/20260807T104927933179Z_eurosat_dofa_frozen_bnlinear_seed43_3567033c/predictions/test/deterministic/predictions.parquet,results/baselines/dofa_eurosat_full_finetune/runs/20260808T215707981044Z_eurosat_dofa_full_finetune_seed43_53c8b069/predictions/test/deterministic/predictions.parquet,,0.9841562269712602,0.9605747973470892,-0.02358142962417098,0.9831336902774762,0.9602080708560228,-0.022925619421453436,0.050330715675589256,0.12139354467006654,0.07106282899447727,0.024243360452169457,0.05937078197142694,0.03512742151925749,0.002672317147518487,0.00887212427381039,0.006199807126291902,0.0071251012862563225,0.008803532592672237,0.0016784313064159145,0.007608060416880125,0.012969005520763693,0.005360945103883568,,,,,,,,,,,,,,,
RQ2,eurosat,dofa,full_finetune,deterministic,44,full minus frozen; adaptation recipes including LR/budget,results/baselines/dofa_eurosat_frozen_bnlinear/runs/20260807T110954653187Z_eurosat_dofa_frozen_bnlinear_seed44_36c48b49/predictions/test/deterministic/predictions.parquet,results/baselines/dofa_eurosat_full_finetune/runs/20260808T225252226548Z_eurosat_dofa_full_finetune_seed44_a9291cb9/predictions/test/deterministic/predictions.parquet,,0.9830508474576272,0.9631540162122328,-0.01989683124539432,0.9818590980786089,0.9609621683383477,-0.02089692974026125,0.05473035796903158,0.11574802638296275,0.06101766841393117,0.026847744245377,0.056458336931848915,0.029610592686471916,0.0022858886285660983,0.01664373178691133,0.014357843158345231,0.0036683374344643723,0.016743802890324296,0.013075465455859924,0.006021997675178854,0.01735663784059779,0.011334640165418935,,,,,,,,,,,,,,,
RQ2,eurosat,panopticon,full_finetune,deterministic,42,full minus frozen; adaptation recipes including LR/budget,results/baselines/panopticon_eurosat_frozen_bnlinear/runs/20260815T195254997519Z_eurosat_panopticon_frozen_bnlinear_seed42_74d738b8/predictions/test/deterministic/predictions.parquet,results/baselines/panopticon_eurosat_full_finetune/runs/20260815T210816909227Z_eurosat_panopticon_full_finetune_seed42_d280d48a/predictions/test/deterministic/predictions.parquet,,0.9837877671333825,0.9679439941046426,-0.01584377302873985,0.9832295981792253,0.9674469537089507,-0.015782644470274554,0.051498536888575,0.09865374542764949,0.047155208539074484,0.025838579490714744,0.04820857618290921,0.022369996692194468,0.0068974068763068075,0.005965332073065491,-0.0009320748032413161,0.007695890551291587,0.005855335039344006,-0.0018405555119475813,0.009458219985269675,0.010427448094198611,0.0009692281089289361,,,,,,,,,,,,,,,
RQ2,eurosat,panopticon,full_finetune,deterministic,43,full minus frozen; adaptation recipes including LR/budget,results/baselines/panopticon_eurosat_frozen_bnlinear/runs/20260815T231227548291Z_eurosat_panopticon_frozen_bnlinear_seed43_743e193d/predictions/test/deterministic/predictions.parquet,results/baselines/panopticon_eurosat_full_finetune/runs/20260816T023205454878Z_eurosat_panopticon_full_finetune_seed43_e304fee6/predictions/test/deterministic/predictions.parquet,,0.9830508474576272,0.9657332350773765,-0.017317612380250647,0.9823087497750616,0.9632016801889336,-0.019107069586127956,0.046421732448028594,0.08418453140077854,0.03776279895274995,0.024619526961733276,0.047577100823913226,0.02295757386217995,0.003986379923676425,0.005777042636382905,0.00179066271270648,0.003624748968427991,0.007313713716863268,0.0036889647484352767,0.005543769372238687,0.009799420449254085,0.004255651077015398,,,,,,,,,,,,,,,
RQ2,eurosat,panopticon,full_finetune,deterministic,44,full minus frozen; adaptation recipes including LR/budget,results/baselines/panopticon_eurosat_frozen_bnlinear/runs/20260816T004654290690Z_eurosat_panopticon_frozen_bnlinear_seed44_4f21cdf8/predictions/test/deterministic/predictions.parquet,results/baselines/panopticon_eurosat_full_finetune/runs/20260816T034514128137Z_eurosat_panopticon_full_finetune_seed44_0883c676/predictions/test/deterministic/predictions.parquet,,0.9830508474576272,0.9543109801031687,-0.028739867354458437,0.9823891267973742,0.9515934332109893,-0.030795693586384898,0.05346244245739627,0.1550083212716363,0.10154587881424003,0.026447723663292348,0.07147996395394808,0.04503224029065574,0.008165129160476943,0.012936548628434593,0.004771419467957651,0.008542608757974825,0.015190208614882777,0.006647599856907951,0.0087786788174398,0.017906849436577225,0.009128170619137425,,,,,,,,,,,,,,,
RQ2,treesatai,dofa,full_finetune,deterministic,42,full minus frozen; adaptation recipes including LR/budget,results/final_thesis/classification/treesatai_frozen/runs/20260815T202926010453Z_treesatai_dofa_frozen_seed42_3dae0e5b/predictions/test/deterministic/predictions.parquet,results/final_thesis/classification/treesatai_full_finetune/runs/20260815T222120553265Z_treesatai_dofa_full_finetune_seed42_9845090f/predictions/test/deterministic/predictions.parquet,,0.255,0.265,0.010000000000000009,0.21952595320890655,0.24827355184214414,0.028747598633237587,0.25653112849224985,0.2499352651808189,-0.006595863311430944,0.07417677748713968,0.07259371298037501,-0.001583064506764667,0.010478647837757428,0.013653943376882792,0.003175295539125364,0.00997010348659763,0.014092692175650519,0.004122588689052889,0.010514641026377346,0.01443244248146196,0.003917801455084614,,,,,,,,,,,,,,,
RQ2,treesatai,dofa,full_finetune,deterministic,43,full minus frozen; adaptation recipes including LR/budget,results/final_thesis/classification/treesatai_frozen/runs/20260816T012149418043Z_treesatai_dofa_frozen_seed43_d484c9b3/predictions/test/deterministic/predictions.parquet,results/final_thesis/classification/treesatai_full_finetune/runs/20260816T050303117850Z_treesatai_dofa_full_finetune_seed43_e40f79f2/predictions/test/deterministic/predictions.parquet,,0.258,0.2655,0.007500000000000007,0.2269122959768888,0.2298206297766517,0.0029083337997629077,0.25505652619165814,0.2439097361777931,-0.011146790013865038,0.0737731909845718,0.07065762458783592,-0.0031155663967358804,0.011679578425984194,0.00747251530900224,-0.004207063116981953,0.010719108342131828,0.008119487144198016,-0.0025996211979338116,0.011901780335605933,0.008388041261977135,-0.0035137390736287976,,,,,,,,,,,,,,,
RQ2,treesatai,dofa,full_finetune,deterministic,44,full minus frozen; adaptation recipes including LR/budget,results/final_thesis/classification/treesatai_frozen/runs/20260816T013516128703Z_treesatai_dofa_frozen_seed44_f16a2a61/predictions/test/deterministic/predictions.parquet,results/final_thesis/classification/treesatai_full_finetune/runs/20260816T051814359617Z_treesatai_dofa_full_finetune_seed44_6a6f8fd9/predictions/test/deterministic/predictions.parquet,,0.257,0.27,0.013000000000000012,0.22305546606281948,0.25337500735077423,0.03031954128795475,0.2559439182346577,0.24673070866807678,-0.009213209566580893,0.07399353938123633,0.07181984030490755,-0.002173699076328778,0.011684101469154363,0.015451789449343535,0.0037676879801891716,0.011730424709454443,0.015451789449343535,0.0037213647398890923,0.011730424709454321,0.01611030750144467,0.00437988279199035,,,,,,,,,,,,,,,
RQ2,treesatai,panopticon,full_finetune,deterministic,42,full minus frozen; adaptation recipes including LR/budget,results/final_thesis/classification/treesatai_frozen/runs/20260815T204959852998Z_treesatai_panopticon_frozen_seed42_5c8cc8e4/predictions/test/deterministic/predictions.parquet,results/final_thesis/classification/treesatai_full_finetune/runs/20260815T223733845323Z_treesatai_panopticon_full_finetune_seed42_432b3047/predictions/test/deterministic/predictions.parquet,,0.2395,0.2835,0.043999999999999984,0.2067960209801897,0.2447009605210901,0.037904939540900406,0.25819314083634115,0.24993001678748528,-0.008263124048855874,0.07572142477398956,0.07284414770273882,-0.002877277071250739,0.008868239890161325,0.011003725151432931,0.0021354852612716062,0.010479455220324962,0.011266771733972806,0.0007873165136478445,0.010935011428220242,0.011453337757004677,0.000518326328784435,,,,,,,,,,,,,,,
RQ2,treesatai,panopticon,full_finetune,deterministic,43,full minus frozen; adaptation recipes including LR/budget,results/final_thesis/classification/treesatai_frozen/runs/20260816T014811037405Z_treesatai_panopticon_frozen_seed43_baa4ef7a/predictions/test/deterministic/predictions.parquet,results/final_thesis/classification/treesatai_full_finetune/runs/20260816T053348883249Z_treesatai_panopticon_full_finetune_seed43_b7ae4087/predictions/test/deterministic/predictions.parquet,,0.2395,0.25,0.01050000000000001,0.2170863143629495,0.21852796184352316,0.0014416474805736545,0.25458321659831534,0.24623769712438703,-0.008345519473928309,0.0746615230539549,0.07177279995436456,-0.0028887230995903457,0.008081028914565832,0.0036567401330093465,-0.004424288781556485,0.008726503198459735,0.004157547277253858,-0.004568955921205877,0.008899772953107944,0.004386594777844342,-0.004513178175263602,,,,,,,,,,,,,,,
RQ2,treesatai,panopticon,full_finetune,deterministic,44,full minus frozen; adaptation recipes including LR/budget,results/final_thesis/classification/treesatai_frozen/runs/20260816T020829175076Z_treesatai_panopticon_frozen_seed44_341d0eca/predictions/test/deterministic/predictions.parquet,results/final_thesis/classification/treesatai_full_finetune/runs/20260816T060624868595Z_treesatai_panopticon_full_finetune_seed44_d6d97c6a/predictions/test/deterministic/predictions.parquet,,0.2345,0.221,-0.013499999999999984,0.20865760915644568,0.1960271104495312,-0.01263049870691449,0.2582176728557611,0.25520544955130714,-0.0030122233044539426,0.07574351895939471,0.07494079566163814,-0.0008027232977565746,0.008638205387421476,0.006980663971502024,-0.0016575414159194527,0.009280648868012456,0.007464281140166956,-0.0018163677278455002,0.009741233105190622,0.007848663994072316,-0.0018925691111183057,,,,,,,,,,,,,,,
RQ2,cloudsen12,dofa,full_finetune,deterministic,42,full minus frozen; adaptation recipes including LR/budget,results/final_thesis/segmentation/cloudsen12_frozen/runs/20260823T212554430984Z_cloudsen12_dofa_frozen_seed42_5d8edd5b/predictions/test/deterministic/predictions.npz,results/final_thesis/segmentation/cloudsen12_full_finetune/runs/20260823T224711552022Z_cloudsen12_dofa_full_finetune_seed42_9e2211d7/predictions/test/deterministic/predictions.npz,,,,,,,,0.4625481666175915,0.4952006490683634,0.0326524824507719,0.24074333193531652,0.21245527007407783,-0.028288061861238695,0.019294438592290696,0.0680183540384278,0.048723915446137106,0.019294824558505758,0.0680183540384278,0.04872352947992205,0.019294824558505758,0.0680183540384278,0.04872352947992205,0.6003162432776954,0.656148945112433,0.05583270183473765,0.8322424654958137,0.8630831984236003,0.03084073292778655,,,,,,,,,
RQ2,cloudsen12,dofa,full_finetune,deterministic,43,full minus frozen; adaptation recipes including LR/budget,results/final_thesis/segmentation/cloudsen12_frozen/runs/20260824T063305175307Z_cloudsen12_dofa_frozen_seed43_d20a830e/predictions/test/deterministic/predictions.npz,results/final_thesis/segmentation/cloudsen12_full_finetune/runs/20260824T041629083560Z_cloudsen12_dofa_full_finetune_seed43_6547906a/predictions/test/deterministic/predictions.npz,,,,,,,,0.4722835050278589,0.47862183940895986,0.006338334381100985,0.23934912449420223,0.20720312873556643,-0.032145995758635804,0.050078845177803914,0.06389967744508117,0.013820832267277254,0.050078845177803914,0.06389968995745479,0.013820844779650877,0.050078845177803914,0.06389968995745479,0.013820844779650877,0.6075052712185145,0.6637905518125411,0.0562852805940266,0.8362984448587127,0.8669656756933543,0.030667230834641512,,,,,,,,,
RQ2,cloudsen12,dofa,full_finetune,deterministic,44,full minus frozen; adaptation recipes including LR/budget,results/final_thesis/segmentation/cloudsen12_frozen/runs/20260824T135116679838Z_cloudsen12_dofa_frozen_seed44_2cce2dc4/predictions/test/deterministic/predictions.npz,results/final_thesis/segmentation/cloudsen12_full_finetune/runs/20260824T084553296954Z_cloudsen12_dofa_full_finetune_seed44_9c298bb6/predictions/test/deterministic/predictions.npz,,,,,,,,0.4849438210815431,0.4650155097413431,-0.01992831134020001,0.2456242040360217,0.21682125436775673,-0.028802949668264965,0.05067139588559947,0.059130500917446475,0.008459105031847006,0.05067139588559947,0.059130500917446475,0.008459105031847006,0.05067139588559947,0.059130500917446475,0.008459105031847006,0.6054874516766118,0.6504370791990615,0.04494962752244969,0.8331777783228677,0.8575951318027211,0.02441735347985341,,,,,,,,,
RQ2,cloudsen12,panopticon,full_finetune,deterministic,42,full minus frozen; adaptation recipes including LR/budget,results/final_thesis/segmentation/cloudsen12_frozen/runs/20260824T024636502649Z_cloudsen12_panopticon_frozen_seed42_987db5bf/predictions/test/deterministic/predictions.npz,results/final_thesis/segmentation/cloudsen12_full_finetune/runs/20260824T002903622341Z_cloudsen12_panopticon_full_finetune_seed42_797a0b89/predictions/test/deterministic/predictions.npz,,,,,,,,0.4378204701065929,0.39547800780183434,-0.04234246230475858,0.21070196581135395,0.1928278449242537,-0.017874120887100248,0.04996056987018257,0.04288938285007745,-0.007071187020105119,0.04996056987018257,0.04288938285007745,-0.007071187020105119,0.04996056987018257,0.04288938285007745,-0.007071187020105119,0.654634748638508,0.6704898254541842,0.015855076815676217,0.859185022566719,0.8700848909275248,0.010899868360805809,,,,,,,,,
RQ2,cloudsen12,panopticon,full_finetune,deterministic,43,full minus frozen; adaptation recipes including LR/budget,results/final_thesis/segmentation/cloudsen12_frozen/runs/20260824T073937493619Z_cloudsen12_panopticon_frozen_seed43_9688327e/predictions/test/deterministic/predictions.npz,results/final_thesis/segmentation/cloudsen12_full_finetune/runs/20260824T055703693822Z_cloudsen12_panopticon_full_finetune_seed43_8e8dc6a5/predictions/test/deterministic/predictions.npz,,,,,,,,0.4063239765377326,0.370835032750112,-0.03548894378762063,0.20424868896168966,0.1872858405875459,-0.016962848374143746,0.03844469212351427,0.03805115461159726,-0.00039353751191700814,0.03844469212351427,0.03805115461159726,-0.00039353751191700814,0.03844469212351427,0.03805115461159726,-0.00039353751191700814,0.6537769566901619,0.6767050537278565,0.022928097037694606,0.8610903159340659,0.8725182128139718,0.011427896879905863,,,,,,,,,
RQ2,cloudsen12,panopticon,full_finetune,deterministic,44,full minus frozen; adaptation recipes including LR/budget,results/final_thesis/segmentation/cloudsen12_frozen/runs/20260824T150154916514Z_cloudsen12_panopticon_frozen_seed44_953e2ce2/predictions/test/deterministic/predictions.npz,results/final_thesis/segmentation/cloudsen12_full_finetune/runs/20260824T102603117304Z_cloudsen12_panopticon_full_finetune_seed44_fde03f5e/predictions/test/deterministic/predictions.npz,,,,,,,,0.3969944022239774,0.39788461143072523,0.0008902092067478162,0.2034180244304211,0.19413296361293264,-0.00928506081748845,0.0364534143294535,0.04553030588056513,0.009076891551111625,0.03645374106977747,0.045530404393033144,0.009076663323255671,0.03645374106977747,0.045530404393033144,0.009076663323255671,0.6547583055295483,0.6702407495033659,0.015482443973817595,0.8606068280677656,0.868835953852695,0.008229125784929403,,,,,,,,,
RQ2,spacenet7,dofa,full_finetune,deterministic,42,full minus frozen; adaptation recipes including LR/budget,results/final_thesis/segmentation/spacenet7_frozen/runs/20260823T212554554121Z_spacenet7_dofa_frozen_seed42_bb178c28/predictions/test/deterministic/predictions.npz,results/final_thesis/segmentation/spacenet7_full_finetune/runs/20260823T223417473200Z_spacenet7_dofa_full_finetune_seed42_6349d2a1/predictions/test/deterministic/predictions.npz,,,,,,,,0.28227755431969476,0.560001991066894,0.2777244367471992,0.1277050676206929,0.1368507791273619,0.009145711506669013,0.03568138187143702,0.056913276639448576,0.02123189476801156,0.03568138187143702,0.056913276639448576,0.02123189476801156,0.03568138187143702,0.056913276639448576,0.02123189476801156,0.4879173171132102,0.4972244771571725,0.009307160043962315,0.9264936728272039,0.9234290609554369,-0.003064611871766987,0.049624177202618636,0.07147388573996383,0.02184970853734519,0.04116862055160098,0.06208139523284534,0.020912774681244355,0.1340956174226946,0.1882441116635324,0.054148494240837786
RQ2,spacenet7,dofa,full_finetune,deterministic,43,full minus frozen; adaptation recipes including LR/budget,results/final_thesis/segmentation/spacenet7_frozen/runs/20260824T084249767853Z_spacenet7_dofa_frozen_seed43_30065f6d/predictions/test/deterministic/predictions.npz,results/final_thesis/segmentation/spacenet7_full_finetune/runs/20260824T041628970344Z_spacenet7_dofa_full_finetune_seed43_2a812094/predictions/test/deterministic/predictions.npz,,,,,,,,0.3187652716224418,0.41279288707068484,0.09402761544824306,0.13050134121784923,0.12959177672140496,-0.0009095644964442762,0.040292685403145,0.04473213891812506,0.0044394535149800615,0.040292685403145,0.04499762440365385,0.004704939000508855,0.040292685403145,0.04499762440365385,0.004704939000508855,0.48765314699430373,0.4965585476640966,0.00890540066979284,0.9251974542665373,0.9253547651156817,0.00015731084914438753,0.05040704436682573,0.06817220770211918,0.017765163335293453,0.04723130104697469,0.05260172241116553,0.005370421364190837,0.14248410335203823,0.15256271712575534,0.010078613773717104
RQ2,spacenet7,dofa,full_finetune,deterministic,44,full minus frozen; adaptation recipes including LR/budget,results/final_thesis/segmentation/spacenet7_frozen/runs/20260824T131025872125Z_spacenet7_dofa_frozen_seed44_505d5ab5/predictions/test/deterministic/predictions.npz,results/final_thesis/segmentation/spacenet7_full_finetune/runs/20260824T105029720150Z_spacenet7_dofa_full_finetune_seed44_0e9c0a7e/predictions/test/deterministic/predictions.npz,,,,,,,,0.33593999934919155,0.43743494525417453,0.10149494590498298,0.13403904610929349,0.1357861339435857,0.001747087834292227,0.04142660100670374,0.04697380285178044,0.005547201845076698,0.041426583706489384,0.047032265706370695,0.005605681999881311,0.04142660100670374,0.047032265706370695,0.005605664699666953,0.48926579228719774,0.4996375408123507,0.010371748525152935,0.9224325859087125,0.9207077718375761,-0.001724814071136338,0.056460712817130644,0.07911113593617422,0.022650423119043576,0.05110731919930517,0.05795021794272423,0.0068428987434190625,0.14348525023626812,0.16370555507192222,0.020220304835654096
RQ2,spacenet7,panopticon,full_finetune,deterministic,42,full minus frozen; adaptation recipes including LR/budget,results/final_thesis/segmentation/spacenet7_frozen/runs/20260824T012909480544Z_spacenet7_panopticon_frozen_seed42_5bc79e91/predictions/test/deterministic/predictions.npz,results/final_thesis/segmentation/spacenet7_full_finetune/runs/20260823T233635521819Z_spacenet7_panopticon_full_finetune_seed42_b6b452b4/predictions/test/deterministic/predictions.npz,,,,,,,,0.35448375268828003,0.4801957556420711,0.1257120029537911,0.1368182836351938,0.1446316983426356,0.00781341470744179,0.04087724273019052,0.052909786716539196,0.012032543986348676,0.041094754292284826,0.052909786716539196,0.01181503242425437,0.041094754292284826,0.052909786716539196,0.01181503242425437,0.5001099117069657,0.5090204123518141,0.00891050064484833,0.9185758837226297,0.9132996816483755,-0.005276202074254166,0.08224242644056454,0.1056381989971903,0.02339577255662577,0.055100920029726504,0.06441336675785952,0.009312446728133021,0.1437124767664018,0.1793774682175122,0.03566499145111038
RQ2,spacenet7,panopticon,full_finetune,deterministic,43,full minus frozen; adaptation recipes including LR/budget,results/final_thesis/segmentation/spacenet7_frozen/runs/20260824T093212435964Z_spacenet7_panopticon_frozen_seed43_7a04c439/predictions/test/deterministic/predictions.npz,results/final_thesis/segmentation/spacenet7_full_finetune/runs/20260824T050749487080Z_spacenet7_panopticon_full_finetune_seed43_efe0a455/predictions/test/deterministic/predictions.npz,,,,,,,,0.3558671532638373,0.4821234588831329,0.12625630561929563,0.1354809571213309,0.1358786603901058,0.0003977032687748905,0.04118314228947831,0.049546868754512,0.008363726465033694,0.04118314228947831,0.049546868754512,0.008363726465033694,0.04118314228947831,0.049546868754512,0.008363726465033694,0.503029026895774,0.5046620663506325,0.001633039454858487,0.9187161365604184,0.9204024057539683,0.0016862691935498608,0.087984354679038,0.08954981695854358,0.001565462279505589,0.05541862729888589,0.05915342140230499,0.0037347941034190993,0.14816653583646167,0.16661387223412344,0.018447336397661773
RQ2,spacenet7,panopticon,full_finetune,deterministic,44,full minus frozen; adaptation recipes including LR/budget,results/final_thesis/segmentation/spacenet7_frozen/runs/20260824T140818811757Z_spacenet7_panopticon_frozen_seed44_0f56f5e4/predictions/test/deterministic/predictions.npz,results/final_thesis/segmentation/spacenet7_full_finetune/runs/20260824T115507474539Z_spacenet7_panopticon_full_finetune_seed44_f73c1ae1/predictions/test/deterministic/predictions.npz,,,,,,,,0.35424124042336647,0.3331834745356621,-0.02105776588770436,0.13655739606068348,0.14300713822537547,0.006449742164691991,0.041550523960739286,0.032559768832513894,-0.008990755128225392,0.04156490162737913,0.03376175267643199,-0.007803148950947136,0.04156490162737913,0.03376175267643199,-0.007803148950947136,0.5008651482694175,0.49925550450079287,-0.0016096437686246579,0.9186355694621599,0.9153644622318329,-0.003271107230326975,0.0837040109556011,0.08380689585944294,0.00010288490384184612,0.055175664771411365,0.05512195947911979,-5.3705292291574e-05,0.1464771088062603,0.1304604890134432,-0.0160166197928171
RQ3,eurosat,dofa,frozen,temperature_scaling,42,same checkpoint TS,results/baselines/dofa_eurosat_frozen_bnlinear/runs/20260807T103233022656Z_eurosat_dofa_frozen_bnlinear_seed42_338e2700/predictions/test/deterministic/predictions.parquet,results/final_thesis/c3_temperature_scaling_and_ensembles/classification/temperature_scaling/eurosat/dofa/frozen/seed42/test_predictions.parquet,,0.9830508474576272,0.9830508474576272,0.0,0.9820321179321507,0.9820321179321507,0.0,0.05810932382339024,0.05809589700905421,-1.3426814336033044e-05,0.026905956161040682,0.02686524118735821,-4.071497368247218e-05,0.0036530492932987987,0.003651726113786447,-1.3231795123517208e-06,0.004230741814997763,0.003991326657091117,-0.00023941515790664673,0.007084720281440718,0.006247743429588822,-0.000836976851851896,,,,,,,,,,,,,,,
RQ3,eurosat,dofa,frozen,temperature_scaling,43,same checkpoint TS,results/baselines/dofa_eurosat_frozen_bnlinear/runs/20260807T104927933179Z_eurosat_dofa_frozen_bnlinear_seed43_3567033c/predictions/test/deterministic/predictions.parquet,results/final_thesis/c3_temperature_scaling_and_ensembles/classification/temperature_scaling/eurosat/dofa/frozen/seed43/test_predictions.parquet,,0.9841562269712602,0.9841562269712602,0.0,0.9831336902774762,0.9831336902774762,0.0,0.050330715675589256,0.05034041486129431,9.699185705050462e-06,0.024243360452169457,0.024272071576345002,2.8711124175545555e-05,0.002672317147518487,0.0027121734701665377,3.9856322648050644e-05,0.0071251012862563225,0.0075183842082087865,0.00039328292195246403,0.007608060416880125,0.008106779016241324,0.0004987185993611991,,,,,,,,,,,,,,,
RQ3,eurosat,dofa,frozen,temperature_scaling,44,same checkpoint TS,results/baselines/dofa_eurosat_frozen_bnlinear/runs/20260807T110954653187Z_eurosat_dofa_frozen_bnlinear_seed44_36c48b49/predictions/test/deterministic/predictions.parquet,results/final_thesis/c3_temperature_scaling_and_ensembles/classification/temperature_scaling/eurosat/dofa/frozen/seed44/test_predictions.parquet,,0.9830508474576272,0.9830508474576272,0.0,0.9818590980786089,0.9818590980786089,0.0,0.05473035796903158,0.05476618106840133,3.582309936975281e-05,0.026847744245377,0.02678667080429916,-6.107344107783921e-05,0.0022858886285660983,0.0031228305889447155,0.0008369419603786172,0.0036683374344643723,0.0034400024689060487,-0.00022833496555832358,0.006021997675178854,0.0070103485511786665,0.0009883508759998124,,,,,,,,,,,,,,,
RQ3,eurosat,dofa,frozen,mc_dropout,42,separate dropout-trained model vs original p=0 model; dropout-off contrast missing,results/baselines/dofa_eurosat_frozen_bnlinear/runs/20260807T103233022656Z_eurosat_dofa_frozen_bnlinear_seed42_338e2700/predictions/test/deterministic/predictions.parquet,results/final_thesis/mc_dropout/inference/classification/eurosat/dofa/frozen/seed42/predictions.parquet,,0.9830508474576272,0.9852616064848931,0.002210759027265974,0.9820321179321507,0.9843577519639801,0.0023256340318293933,0.05810932382339024,0.04974346691455073,-0.008365856908839515,0.026905956161040682,0.024561494445547234,-0.0023444617154934483,0.0036530492932987987,0.00590375220635048,0.0022507029130516814,0.004230741814997763,0.00876192858356189,0.004531186768564127,0.007084720281440718,0.009824027087026075,0.0027393068055853566,,,,,,,,,,,,,,,
RQ3,eurosat,dofa,frozen,mc_dropout,43,separate dropout-trained model vs original p=0 model; dropout-off contrast missing,results/baselines/dofa_eurosat_frozen_bnlinear/runs/20260807T104927933179Z_eurosat_dofa_frozen_bnlinear_seed43_3567033c/predictions/test/deterministic/predictions.parquet,results/final_thesis/mc_dropout/inference/classification/eurosat/dofa/frozen/seed43/predictions.parquet,,0.9841562269712602,0.9834193072955048,-0.0007369196757553986,0.9831336902774762,0.9824134420635356,-0.0007202482139405664,0.050330715675589256,0.05720961820881597,0.006878902533226712,0.024243360452169457,0.028099286916666407,0.0038559264644969504,0.002672317147518487,0.009945212806421954,0.007272895658903466,0.0071251012862563225,0.011168621595765003,0.004043520309508681,0.007608060416880125,0.011168621595765003,0.0035605611788848785,,,,,,,,,,,,,,,
RQ3,eurosat,dofa,frozen,mc_dropout,44,separate dropout-trained model vs original p=0 model; dropout-off contrast missing,results/baselines/dofa_eurosat_frozen_bnlinear/runs/20260807T110954653187Z_eurosat_dofa_frozen_bnlinear_seed44_36c48b49/predictions/test/deterministic/predictions.parquet,results/final_thesis/mc_dropout/inference/classification/eurosat/dofa/frozen/seed44/predictions.parquet,,0.9830508474576272,0.9819454679439941,-0.001105379513633098,0.9818590980786089,0.9808163516206735,-0.0010427464579354506,0.05473035796903158,0.056449221412333855,0.0017188634433022779,0.026847744245377,0.026875702065537684,2.7957820160684488e-05,0.0022858886285660983,0.004269500207444193,0.0019836115788780945,0.0036683374344643723,0.0044236185801934036,0.0007552811457290313,0.006021997675178854,0.009617185957219202,0.0035951882820403477,,,,,,,,,,,,,,,
RQ3,eurosat,dofa,frozen,deep_ensemble,"ensemble(42,43,44)",one ensemble minus mean of its exact 3 members; no across-ensemble SD,results/baselines/dofa_eurosat_frozen_bnlinear/runs/20260807T103233022656Z_eurosat_dofa_frozen_bnlinear_seed42_338e2700/predictions/test/deterministic/predictions.parquet;results/baselines/dofa_eurosat_frozen_bnlinear/runs/20260807T104927933179Z_eurosat_dofa_frozen_bnlinear_seed43_3567033c/predictions/test/deterministic/predictions.parquet;results/baselines/dofa_eurosat_frozen_bnlinear/runs/20260807T110954653187Z_eurosat_dofa_frozen_bnlinear_seed44_36c48b49/predictions/test/deterministic/predictions.parquet,results/final_thesis/dofa_eurosat_ensembles/frozen/ensemble_predictions.parquet,,0.9834193072955048,0.9837877671333825,0.0003684598378776993,0.982341635429412,0.9827413914244524,0.00039975599504038506,0.05439013248933702,0.05199554988384144,-0.0023945826054955835,0.025999020286195714,0.02474792125532968,-0.001251099030866034,0.002870418356461128,0.003332052386252194,0.00046163402979106614,0.005008060178572819,0.005501114564060837,0.000493054385488018,0.006904926124499899,0.0077532537901941825,0.0008483276656942838,,,,,,,,,,,,,,,
RQ3,eurosat,dofa,full_finetune,temperature_scaling,42,same checkpoint TS,results/baselines/dofa_eurosat_full_finetune/runs/20260808T211626550846Z_eurosat_dofa_full_finetune_seed42_466f9f00/predictions/test/deterministic/predictions.parquet,results/final_thesis/c3_temperature_scaling_and_ensembles/classification/temperature_scaling/eurosat/dofa/full_finetune/seed42/test_predictions.parquet,,0.970891672807664,0.970891672807664,0.0,0.9700730838673988,0.9700730838673988,0.0,0.083690893234053,0.08489295560391845,0.0012020623698654476,0.043979038164620635,0.044263188941832704,0.0002841507772120694,0.004807878809987225,0.006829716117580303,0.002021837307593078,0.007804339873764387,0.007662572638294893,-0.00014176723546949384,0.010494420501179087,0.009806648276070341,-0.0006877722251087456,,,,,,,,,,,,,,,
RQ3,eurosat,dofa,full_finetune,temperature_scaling,43,same checkpoint TS,results/baselines/dofa_eurosat_full_finetune/runs/20260808T215707981044Z_eurosat_dofa_full_finetune_seed43_53c8b069/predictions/test/deterministic/predictions.parquet,results/final_thesis/c3_temperature_scaling_and_ensembles/classification/temperature_scaling/eurosat/dofa/full_finetune/seed43/test_predictions.parquet,,0.9605747973470892,0.9605747973470892,0.0,0.9602080708560228,0.9602080708560228,0.0,0.12139354467006654,0.120048087069729,-0.001345457600337538,0.05937078197142694,0.05932572061588796,-4.506135553898616e-05,0.00887212427381039,0.004675436563477703,-0.004196687710332687,0.008803532592672237,0.006851427977126655,-0.001952104615545582,0.012969005520763693,0.009721975810648554,-0.003247029710115139,,,,,,,,,,,,,,,
RQ3,eurosat,dofa,full_finetune,temperature_scaling,44,same checkpoint TS,results/baselines/dofa_eurosat_full_finetune/runs/20260808T225252226548Z_eurosat_dofa_full_finetune_seed44_a9291cb9/predictions/test/deterministic/predictions.parquet,results/final_thesis/c3_temperature_scaling_and_ensembles/classification/temperature_scaling/eurosat/dofa/full_finetune/seed44/test_predictions.parquet,,0.9631540162122328,0.9631540162122328,0.0,0.9609621683383477,0.9609621683383477,0.0,0.11574802638296275,0.10737727674016523,-0.00837074964279752,0.056458336931848915,0.054498511708042645,-0.0019598252238062705,0.01664373178691133,0.005012734088752924,-0.011630997698158407,0.016743802890324296,0.0074979919183023516,-0.009245810972021944,0.01735663784059779,0.010380502113097616,-0.006976135727500174,,,,,,,,,,,,,,,
RQ3,eurosat,dofa,full_finetune,mc_dropout,42,separate dropout-trained model vs original p=0 model; dropout-off contrast missing,results/baselines/dofa_eurosat_full_finetune/runs/20260808T211626550846Z_eurosat_dofa_full_finetune_seed42_466f9f00/predictions/test/deterministic/predictions.parquet,results/final_thesis/mc_dropout/inference/classification/eurosat/dofa/full_finetune/seed42/predictions.parquet,,0.970891672807664,0.9587324981577008,-0.01215917464996319,0.9700730838673988,0.9569009554780175,-0.01317212838938131,0.083690893234053,0.1257321470205775,0.0420412537865245,0.043979038164620635,0.06357997024081972,0.01960093207619909,0.004807878809987225,0.0045947021500714665,-0.00021317665991575814,0.007804339873764387,0.010823282660942528,0.0030189427871781414,0.010494420501179087,0.01328466402184199,0.002790243520662903,,,,,,,,,,,,,,,
RQ3,eurosat,dofa,full_finetune,deep_ensemble,"ensemble(42,43,44)",one ensemble minus mean of its exact 3 members; no across-ensemble SD,results/baselines/dofa_eurosat_full_finetune/runs/20260808T211626550846Z_eurosat_dofa_full_finetune_seed42_466f9f00/predictions/test/deterministic/predictions.parquet;results/baselines/dofa_eurosat_full_finetune/runs/20260808T215707981044Z_eurosat_dofa_full_finetune_seed43_53c8b069/predictions/test/deterministic/predictions.parquet;results/baselines/dofa_eurosat_full_finetune/runs/20260808T225252226548Z_eurosat_dofa_full_finetune_seed44_a9291cb9/predictions/test/deterministic/predictions.parquet,results/final_thesis/dofa_eurosat_ensembles/full_finetune/ensemble_predictions.parquet,,0.964873495455662,0.9826823876197495,0.01780889216408743,0.963747774353923,0.9822833990899695,0.01853562473604653,0.10694415476236076,0.06395086285839872,-0.04299329190396203,0.05326938568929882,0.030502453343070387,-0.022766932346228435,0.010107911623569648,0.02530643134067479,0.015198519717105143,0.011117225118920307,0.027278114652000265,0.01616088953307996,0.01360668795418019,0.027278114651999297,0.013671426697819107,,,,,,,,,,,,,,,
RQ3,eurosat,panopticon,frozen,temperature_scaling,42,same checkpoint TS,results/baselines/panopticon_eurosat_frozen_bnlinear/runs/20260815T195254997519Z_eurosat_panopticon_frozen_bnlinear_seed42_74d738b8/predictions/test/deterministic/predictions.parquet,results/final_thesis/c3_temperature_scaling_and_ensembles/classification/temperature_scaling/eurosat/panopticon/frozen/seed42/test_predictions.parquet,,0.9837877671333825,0.9837877671333825,0.0,0.9832295981792253,0.9832295981792253,0.0,0.051498536888575,0.0501074421416485,-0.0013910947469265023,0.025838579490714744,0.025499589624498994,-0.0003389898662157498,0.0068974068763068075,0.004551340907817009,-0.0023460659684897984,0.007695890551291587,0.0061023066679455045,-0.0015935838833460829,0.009458219985269675,0.007794145531964934,-0.0016640744533047416,,,,,,,,,,,,,,,
RQ3,eurosat,panopticon,frozen,temperature_scaling,43,same checkpoint TS,results/baselines/panopticon_eurosat_frozen_bnlinear/runs/20260815T231227548291Z_eurosat_panopticon_frozen_bnlinear_seed43_743e193d/predictions/test/deterministic/predictions.parquet,results/final_thesis/c3_temperature_scaling_and_ensembles/classification/temperature_scaling/eurosat/panopticon/frozen/seed43/test_predictions.parquet,,0.9830508474576272,0.9830508474576272,0.0,0.9823087497750616,0.9823087497750616,0.0,0.046421732448028594,0.0463818549627841,-3.9877485244491084e-05,0.024619526961733276,0.02459747009415696,-2.205686757631581e-05,0.003986379923676425,0.003746711253441004,-0.00023966867023542116,0.003624748968427991,0.0038092362712073193,0.0001844873027793282,0.005543769372238687,0.00497254781963002,-0.0005712215526086674,,,,,,,,,,,,,,,
RQ3,eurosat,panopticon,frozen,temperature_scaling,44,same checkpoint TS,results/baselines/panopticon_eurosat_frozen_bnlinear/runs/20260816T004654290690Z_eurosat_panopticon_frozen_bnlinear_seed44_4f21cdf8/predictions/test/deterministic/predictions.parquet,results/final_thesis/c3_temperature_scaling_and_ensembles/classification/temperature_scaling/eurosat/panopticon/frozen/seed44/test_predictions.parquet,,0.9830508474576272,0.9830508474576272,0.0,0.9823891267973742,0.9823891267973742,0.0,0.05346244245739627,0.052006788871372556,-0.0014556535860237169,0.026447723663292348,0.026215767100198423,-0.0002319565630939241,0.008165129160476943,0.0070555076766811485,-0.001109621483795794,0.008542608757974825,0.007055507676680531,-0.0014871010812942944,0.0087786788174398,0.00929627124348019,0.0005175924260403895,,,,,,,,,,,,,,,
RQ3,eurosat,panopticon,frozen,mc_dropout,42,separate dropout-trained model vs original p=0 model; dropout-off contrast missing,results/baselines/panopticon_eurosat_frozen_bnlinear/runs/20260815T195254997519Z_eurosat_panopticon_frozen_bnlinear_seed42_74d738b8/predictions/test/deterministic/predictions.parquet,results/final_thesis/mc_dropout/inference/classification/eurosat/panopticon/frozen/seed42/predictions.parquet,,0.9837877671333825,0.9830508474576272,-0.0007369196757552876,0.9832295981792253,0.9823134616437897,-0.0009161365354355411,0.051498536888575,0.04868047821739131,-0.0028180586711836902,0.025838579490714744,0.02477291671732937,-0.001065662773385375,0.0068974068763068075,0.004203157009407274,-0.002694249866899533,0.007695890551291587,0.0046734339670829236,-0.003022456584208664,0.009458219985269675,0.006874202386192654,-0.0025840175990770216,,,,,,,,,,,,,,,
RQ3,eurosat,panopticon,frozen,deep_ensemble,"ensemble(42,43,44)",one ensemble minus mean of its exact 3 members; no across-ensemble SD,results/baselines/panopticon_eurosat_frozen_bnlinear/runs/20260815T195254997519Z_eurosat_panopticon_frozen_bnlinear_seed42_74d738b8/predictions/test/deterministic/predictions.parquet;results/baselines/panopticon_eurosat_frozen_bnlinear/runs/20260815T231227548291Z_eurosat_panopticon_frozen_bnlinear_seed43_743e193d/predictions/test/deterministic/predictions.parquet;results/baselines/panopticon_eurosat_frozen_bnlinear/runs/20260816T004654290690Z_eurosat_panopticon_frozen_bnlinear_seed44_4f21cdf8/predictions/test/deterministic/predictions.parquet,results/final_thesis/c3_temperature_scaling_and_ensembles/classification/deep_ensembles/eurosat/panopticon/frozen/ensemble_predictions.parquet,,0.9832964873495457,0.9826823876197495,-0.0006140997297962025,0.9826424915838871,0.9819535988117798,-0.0006888927721072635,0.05046090393133329,0.04775470874748364,-0.0027061951838496523,0.02563527670524679,0.024902949844082985,-0.0007323268611638054,0.006349638653486725,0.0048826907577717285,-0.0014669478957149967,0.006621082759231467,0.006773317908516475,0.00015223514928500766,0.007926889391649388,0.0082220293780991,0.00029513998644971166,,,,,,,,,,,,,,,
RQ3,eurosat,panopticon,full_finetune,temperature_scaling,42,same checkpoint TS,results/baselines/panopticon_eurosat_full_finetune/runs/20260815T210816909227Z_eurosat_panopticon_full_finetune_seed42_d280d48a/predictions/test/deterministic/predictions.parquet,results/final_thesis/c3_temperature_scaling_and_ensembles/classification/temperature_scaling/eurosat/panopticon/full_finetune/seed42/test_predictions.parquet,,0.9679439941046426,0.9679439941046426,0.0,0.9674469537089507,0.9674469537089507,0.0,0.09865374542764949,0.10056250878001864,0.0019087633523691555,0.04820857618290921,0.04861809170455724,0.0004095155216480295,0.005965332073065491,0.009479941305837836,0.003514609232772345,0.005855335039344006,0.009531000889945088,0.0036756658506010816,0.010427448094198611,0.013950147723246832,0.0035226996290482204,,,,,,,,,,,,,,,
RQ3,eurosat,panopticon,full_finetune,temperature_scaling,43,same checkpoint TS,results/baselines/panopticon_eurosat_full_finetune/runs/20260816T023205454878Z_eurosat_panopticon_full_finetune_seed43_e304fee6/predictions/test/deterministic/predictions.parquet,results/final_thesis/c3_temperature_scaling_and_ensembles/classification/temperature_scaling/eurosat/panopticon/full_finetune/seed43/test_predictions.parquet,,0.9657332350773765,0.9657332350773765,0.0,0.9632016801889336,0.9632016801889336,0.0,0.08418453140077854,0.08547836180756138,0.0012938304067828393,0.047577100823913226,0.04742054941020385,-0.00015655141370937709,0.005777042636382905,0.00579851152780593,2.1468891423024987e-05,0.007313713716863268,0.00755353584918848,0.0002398221323252122,0.009799420449254085,0.009348705883563393,-0.00045071456569069183,,,,,,,,,,,,,,,
RQ3,eurosat,panopticon,full_finetune,temperature_scaling,44,same checkpoint TS,results/baselines/panopticon_eurosat_full_finetune/runs/20260816T034514128137Z_eurosat_panopticon_full_finetune_seed44_0883c676/predictions/test/deterministic/predictions.parquet,results/final_thesis/c3_temperature_scaling_and_ensembles/classification/temperature_scaling/eurosat/panopticon/full_finetune/seed44/test_predictions.parquet,,0.9543109801031687,0.9543109801031687,0.0,0.9515934332109893,0.9515934332109893,0.0,0.1550083212716363,0.1488235838165442,-0.006184737455092099,0.07147996395394808,0.07081498140495383,-0.0006649825489942474,0.012936548628434593,0.006865432421654451,-0.006071116206780142,0.015190208614882777,0.007396426826299959,-0.007793781788582818,0.017906849436577225,0.011407216192737062,-0.006499633243840163,,,,,,,,,,,,,,,
RQ3,eurosat,panopticon,full_finetune,mc_dropout,42,separate dropout-trained model vs original p=0 model; dropout-off contrast missing,results/baselines/panopticon_eurosat_full_finetune/runs/20260815T210816909227Z_eurosat_panopticon_full_finetune_seed42_d280d48a/predictions/test/deterministic/predictions.parquet,results/final_thesis/mc_dropout/inference/classification/eurosat/panopticon/full_finetune/seed42/predictions.parquet,,0.9679439941046426,0.9579955784819455,-0.009948415622697104,0.9674469537089507,0.9555526271776689,-0.011894326531281862,0.09865374542764949,0.12214091332958943,0.023487167901939943,0.04820857618290921,0.06420438628937478,0.015995810106465565,0.005965332073065491,0.008009758563101424,0.002044426490035932,0.005855335039344006,0.006935682622667789,0.001080347583323783,0.010427448094198611,0.010125663233049318,-0.0003017848611492936,,,,,,,,,,,,,,,
RQ3,eurosat,panopticon,full_finetune,deep_ensemble,"ensemble(42,43,44)",one ensemble minus mean of its exact 3 members; no across-ensemble SD,results/baselines/panopticon_eurosat_full_finetune/runs/20260815T210816909227Z_eurosat_panopticon_full_finetune_seed42_d280d48a/predictions/test/deterministic/predictions.parquet;results/baselines/panopticon_eurosat_full_finetune/runs/20260816T023205454878Z_eurosat_panopticon_full_finetune_seed43_e304fee6/predictions/test/deterministic/predictions.parquet;results/baselines/panopticon_eurosat_full_finetune/runs/20260816T034514128137Z_eurosat_panopticon_full_finetune_seed44_0883c676/predictions/test/deterministic/predictions.parquet,results/final_thesis/c3_temperature_scaling_and_ensembles/classification/deep_ensembles/eurosat/panopticon/full_finetune/ensemble_predictions.parquet,,0.962662736428396,0.976418570375829,0.013755833947433072,0.9607473557029579,0.975289177599783,0.014541821896825069,0.11261553270002145,0.07257433586869622,-0.04004119683132523,0.05575521365359017,0.036388558744387324,-0.01936665490920285,0.00822630777929433,0.0215832216139379,0.01335691383464357,0.00945308579036335,0.021987375605371406,0.012534289815008056,0.012711239326676638,0.02218723880021737,0.009475999473540732,,,,,,,,,,,,,,,
RQ3,treesatai,dofa,frozen,mc_dropout,42,separate dropout-trained model vs original p=0 model; dropout-off contrast missing,results/final_thesis/classification/treesatai_frozen/runs/20260815T202926010453Z_treesatai_dofa_frozen_seed42_3dae0e5b/predictions/test/deterministic/predictions.parquet,results/final_thesis/mc_dropout/inference/classification/treesatai/dofa/frozen/seed42/predictions.parquet,,0.255,0.255,0.0,0.21952595320890655,0.21624240322757826,-0.003283549981328293,0.25653112849224985,0.25616549663264737,-0.0003656318596024777,0.07417677748713968,0.07433590163127934,0.00015912414413966902,0.010478647837757428,0.008273937171368501,-0.002204710666388927,0.00997010348659763,0.008882509036529517,-0.001087594450068112,0.010514641026377346,0.009383187808263391,-0.001131453218113955,,,,,,,,,,,,,,,
RQ3,treesatai,dofa,frozen,deep_ensemble,"ensemble(42,43,44)",one ensemble minus mean of its exact 3 members; no across-ensemble SD,results/final_thesis/classification/treesatai_frozen/runs/20260815T202926010453Z_treesatai_dofa_frozen_seed42_3dae0e5b/predictions/test/deterministic/predictions.parquet;results/final_thesis/classification/treesatai_frozen/runs/20260816T012149418043Z_treesatai_dofa_frozen_seed43_d484c9b3/predictions/test/deterministic/predictions.parquet;results/final_thesis/classification/treesatai_frozen/runs/20260816T013516128703Z_treesatai_dofa_frozen_seed44_f16a2a61/predictions/test/deterministic/predictions.parquet,results/final_thesis/c3_temperature_scaling_and_ensembles/classification/deep_ensembles/treesatai/dofa/frozen/ensemble_predictions.parquet,,0.25666666666666665,0.2605,0.0038333333333333552,0.22316457174953827,0.2240768388172684,0.0009122670677301215,0.2558438576395219,0.25375122863502764,-0.002092629004494251,0.07398116928431593,0.07348035078691291,-0.0005008184974030216,0.011280775910965329,0.00989222806760215,-0.0013885478433631783,0.010806545512727967,0.010427709272148634,-0.00037883624057933295,0.011382282023812534,0.011011710085614405,-0.00037057193819812866,,,,,,,,,,,,,,,
RQ3,treesatai,dofa,full_finetune,mc_dropout,42,separate dropout-trained model vs original p=0 model; dropout-off contrast missing,results/final_thesis/classification/treesatai_full_finetune/runs/20260815T222120553265Z_treesatai_dofa_full_finetune_seed42_9845090f/predictions/test/deterministic/predictions.parquet,results/final_thesis/mc_dropout/inference/classification/treesatai/dofa/full_finetune/seed42/predictions.parquet,,0.265,0.2825,0.01749999999999996,0.24827355184214414,0.23942275273447308,-0.008850799107671059,0.2499352651808189,0.2479126198368798,-0.0020226453439391168,0.07259371298037501,0.07154349998543406,-0.0010502129949409439,0.013653943376882792,0.01373914100058355,8.51976237007581e-05,0.014092692175650519,0.015531915454342743,0.0014392232786922237,0.01443244248146196,0.015531915454342743,0.0010994729728807818,,,,,,,,,,,,,,,
RQ3,treesatai,dofa,full_finetune,deep_ensemble,"ensemble(42,43,44)",one ensemble minus mean of its exact 3 members; no across-ensemble SD,results/final_thesis/classification/treesatai_full_finetune/runs/20260815T222120553265Z_treesatai_dofa_full_finetune_seed42_9845090f/predictions/test/deterministic/predictions.parquet;results/final_thesis/classification/treesatai_full_finetune/runs/20260816T050303117850Z_treesatai_dofa_full_finetune_seed43_e40f79f2/predictions/test/deterministic/predictions.parquet;results/final_thesis/classification/treesatai_full_finetune/runs/20260816T051814359617Z_treesatai_dofa_full_finetune_seed44_6a6f8fd9/predictions/test/deterministic/predictions.parquet,results/final_thesis/c3_temperature_scaling_and_ensembles/classification/deep_ensembles/treesatai/dofa/full_finetune/ensemble_predictions.parquet,,0.2668333333333333,0.274,0.00716666666666671,0.2438230629898567,0.23764441853435303,-0.0061786444555036735,0.24685857000889624,0.23755279054168166,-0.009305779467214587,0.07169039262437282,0.06873296205626957,-0.002957430568103256,0.012192749378409523,0.016859027694557605,0.004666278316148081,0.012554656256397357,0.01704581256978738,0.004491156313390024,0.012976930414961257,0.01759672337627661,0.004619792961315351,,,,,,,,,,,,,,,
RQ3,treesatai,panopticon,frozen,mc_dropout,42,separate dropout-trained model vs original p=0 model; dropout-off contrast missing,results/final_thesis/classification/treesatai_frozen/runs/20260815T204959852998Z_treesatai_panopticon_frozen_seed42_5c8cc8e4/predictions/test/deterministic/predictions.parquet,results/final_thesis/mc_dropout/inference/classification/treesatai/panopticon/frozen/seed42/predictions.parquet,,0.2395,0.238,-0.0015000000000000013,0.2067960209801897,0.20481881434983984,-0.0019772066303498648,0.25819314083634115,0.25840009994063423,0.00020695910429308073,0.07572142477398956,0.07579855432941444,7.712955542488187e-05,0.008868239890161325,0.00873331519632399,-0.00013492469383733462,0.010479455220324962,0.010089851286697982,-0.00038960393362698006,0.010935011428220242,0.010898262002754806,-3.67494254654363e-05,,,,,,,,,,,,,,,
RQ3,treesatai,panopticon,frozen,deep_ensemble,"ensemble(42,43,44)",one ensemble minus mean of its exact 3 members; no across-ensemble SD,results/final_thesis/classification/treesatai_frozen/runs/20260815T204959852998Z_treesatai_panopticon_frozen_seed42_5c8cc8e4/predictions/test/deterministic/predictions.parquet;results/final_thesis/classification/treesatai_frozen/runs/20260816T014811037405Z_treesatai_panopticon_frozen_seed43_baa4ef7a/predictions/test/deterministic/predictions.parquet;results/final_thesis/classification/treesatai_frozen/runs/20260816T020829175076Z_treesatai_panopticon_frozen_seed44_341d0eca/predictions/test/deterministic/predictions.parquet,results/final_thesis/c3_temperature_scaling_and_ensembles/classification/deep_ensembles/treesatai/panopticon/frozen/ensemble_predictions.parquet,,0.23783333333333334,0.239,0.0011666666666666492,0.21084664816652832,0.2074608681363772,-0.0033857800301511087,0.25699801009680584,0.2546931271067963,-0.002304882990009527,0.07537548892911307,0.07474895853608171,-0.0006265303930313576,0.008529158064049544,0.006959774926459685,-0.0015693831375898585,0.009495535762265717,0.008805106203287364,-0.0006904295589783525,0.009858672495506269,0.00961848089424817,-0.00024019160125809784,,,,,,,,,,,,,,,
RQ3,treesatai,panopticon,full_finetune,mc_dropout,42,separate dropout-trained model vs original p=0 model; dropout-off contrast missing,results/final_thesis/classification/treesatai_full_finetune/runs/20260815T223733845323Z_treesatai_panopticon_full_finetune_seed42_432b3047/predictions/test/deterministic/predictions.parquet,results/final_thesis/mc_dropout/inference/classification/treesatai/panopticon/full_finetune/seed42/predictions.parquet,,0.2835,0.29,0.006500000000000006,0.2447009605210901,0.25096285118035044,0.006261890659260333,0.24993001678748528,0.24983264231158325,-9.737447590202342e-05,0.07284414770273882,0.07289724077666669,5.3093073927867884e-05,0.011003725151432931,0.010706022938372431,-0.0002977022130605002,0.011266771733972806,0.01106181631861303,-0.0002049554153597758,0.011453337757004677,0.01106181631861303,-0.0003915214383916465,,,,,,,,,,,,,,,
RQ3,treesatai,panopticon,full_finetune,mc_dropout,43,separate dropout-trained model vs original p=0 model; dropout-off contrast missing,results/final_thesis/classification/treesatai_full_finetune/runs/20260816T053348883249Z_treesatai_panopticon_full_finetune_seed43_b7ae4087/predictions/test/deterministic/predictions.parquet,results/final_thesis/mc_dropout/inference/classification/treesatai/panopticon/full_finetune/seed43/predictions.parquet,,0.25,0.251,0.0010000000000000009,0.21852796184352316,0.21728427044501541,-0.0012436913985077458,0.24623769712438703,0.2451644384494948,-0.0010732586748922468,0.07177279995436456,0.0714646063111507,-0.00030819364321385545,0.0036567401330093465,0.0036580096871960755,1.269554186728982e-06,0.004157547277253858,0.005185668944449087,0.0010281216671952286,0.004386594777844342,0.005542055052648842,0.0011554602748045,,,,,,,,,,,,,,,
RQ3,treesatai,panopticon,full_finetune,mc_dropout,44,separate dropout-trained model vs original p=0 model; dropout-off contrast missing,results/final_thesis/classification/treesatai_full_finetune/runs/20260816T060624868595Z_treesatai_panopticon_full_finetune_seed44_d6d97c6a/predictions/test/deterministic/predictions.parquet,results/final_thesis/mc_dropout/inference/classification/treesatai/panopticon/full_finetune/seed44/predictions.parquet,,0.221,0.263,0.04200000000000001,0.1960271104495312,0.21007490121619632,0.014047790766665125,0.25520544955130714,0.2475149923878762,-0.007690457163430947,0.07494079566163814,0.07253935642059514,-0.0024014392410429963,0.006980663971502024,0.0056871040323787985,-0.001293559939123225,0.007464281140166956,0.006609981844764358,-0.0008542992954025976,0.007848663994072316,0.007113945515512023,-0.0007347184785602935,,,,,,,,,,,,,,,
RQ3,treesatai,panopticon,full_finetune,deep_ensemble,"ensemble(42,43,44)",one ensemble minus mean of its exact 3 members; no across-ensemble SD,results/final_thesis/classification/treesatai_full_finetune/runs/20260815T223733845323Z_treesatai_panopticon_full_finetune_seed42_432b3047/predictions/test/deterministic/predictions.parquet;results/final_thesis/classification/treesatai_full_finetune/runs/20260816T053348883249Z_treesatai_panopticon_full_finetune_seed43_b7ae4087/predictions/test/deterministic/predictions.parquet;results/final_thesis/classification/treesatai_full_finetune/runs/20260816T060624868595Z_treesatai_panopticon_full_finetune_seed44_d6d97c6a/predictions/test/deterministic/predictions.parquet,results/final_thesis/c3_temperature_scaling_and_ensembles/classification/deep_ensembles/treesatai/panopticon/full_finetune/ensemble_predictions.parquet,,0.2515,0.2655,0.014000000000000012,0.21975201093804816,0.22429829175692684,0.004546280818878673,0.2504577211543932,0.24165674308589444,-0.00880097806849875,0.0731859144395805,0.07043198013744774,-0.002753934302132763,0.007213709751981434,0.009216428389859872,0.002002718637878438,0.007629533383797874,0.009754099457841772,0.0021245660740438982,0.00789619884297378,0.010041487079906722,0.0021452882369329424,,,,,,,,,,,,,,,
RQ3,cloudsen12,dofa,frozen,mc_dropout,42,separate dropout-trained model vs original p=0 model; dropout-off contrast missing,results/final_thesis/segmentation/cloudsen12_frozen/runs/20260823T212554430984Z_cloudsen12_dofa_frozen_seed42_5d8edd5b/predictions/test/deterministic/predictions.npz,results/final_thesis/mc_dropout/inference/segmentation/cloudsen12/dofa/frozen/seed42/aggregate_uncertainty_maps.npz,,,,,,,,0.4625481666175915,0.4648071027320641,0.0022589361144725872,0.24074333193531652,0.24240660037205394,0.0016632684367374195,0.019294438592290696,0.03306889042990016,0.013774451837609464,0.019294824558505758,0.03306907414178467,0.013774249583278914,0.019294824558505758,0.03306907414178467,0.013774249583278914,0.6003162432776954,0.6004601669110676,0.0001439236333722338,0.8322424654958137,0.8308042255363683,-0.0014382399594453643,,,,,,,,,
RQ3,cloudsen12,dofa,frozen,deep_ensemble,"ensemble(42,43,44)",one ensemble minus mean of its exact 3 members; no across-ensemble SD,results/final_thesis/segmentation/cloudsen12_frozen/runs/20260823T212554430984Z_cloudsen12_dofa_frozen_seed42_5d8edd5b/predictions/test/deterministic/predictions.npz;results/final_thesis/segmentation/cloudsen12_frozen/runs/20260824T063305175307Z_cloudsen12_dofa_frozen_seed43_d20a830e/predictions/test/deterministic/predictions.npz;results/final_thesis/segmentation/cloudsen12_frozen/runs/20260824T135116679838Z_cloudsen12_dofa_frozen_seed44_2cce2dc4/predictions/test/deterministic/predictions.npz,results/final_thesis/c3_temperature_scaling_and_ensembles/segmentation/deep_ensembles/cloudsen12/dofa/frozen/ensemble_predictions.npz,,,,,,,,0.47325849757566446,0.4246344796087947,-0.04862401796686977,0.2419055534885135,0.2238120883830616,-0.0180934651054519,0.04001489321856469,0.016910793355167545,-0.023104099863397145,0.040015021873969714,0.01691129429365032,-0.023103727580319394,0.040015021873969714,0.01691129429365032,-0.023103727580319394,0.6044363220576072,0.6207456247860744,0.0163093027284672,0.8339062295591314,0.8438226468472004,0.009916417288069024,,,,,,,,,
RQ3,cloudsen12,dofa,full_finetune,mc_dropout,42,separate dropout-trained model vs original p=0 model; dropout-off contrast missing,results/final_thesis/segmentation/cloudsen12_full_finetune/runs/20260823T224711552022Z_cloudsen12_dofa_full_finetune_seed42_9e2211d7/predictions/test/deterministic/predictions.npz,results/final_thesis/mc_dropout/inference/segmentation/cloudsen12/dofa/full_finetune/seed42/aggregate_uncertainty_maps.npz,,,,,,,,0.4952006490683634,0.4561921504388647,-0.039008498629498733,0.21245527007407783,0.20656120879771658,-0.0058940612763612454,0.0680183540384278,0.05543313605503863,-0.012585217983389178,0.0680183540384278,0.05543317512495756,-0.012585178913470246,0.0680183540384278,0.05543317512495756,-0.012585178913470246,0.656148945112433,0.65879639469539,0.002647449582956929,0.8630831984236003,0.864361365940607,0.001278167517006712,,,,,,,,,
RQ3,cloudsen12,dofa,full_finetune,deep_ensemble,"ensemble(42,43,44)",one ensemble minus mean of its exact 3 members; no across-ensemble SD,results/final_thesis/segmentation/cloudsen12_full_finetune/runs/20260823T224711552022Z_cloudsen12_dofa_full_finetune_seed42_9e2211d7/predictions/test/deterministic/predictions.npz;results/final_thesis/segmentation/cloudsen12_full_finetune/runs/20260824T041629083560Z_cloudsen12_dofa_full_finetune_seed43_6547906a/predictions/test/deterministic/predictions.npz;results/final_thesis/segmentation/cloudsen12_full_finetune/runs/20260824T084553296954Z_cloudsen12_dofa_full_finetune_seed44_9c298bb6/predictions/test/deterministic/predictions.npz,results/final_thesis/c3_temperature_scaling_and_ensembles/segmentation/deep_ensembles/cloudsen12/dofa/full_finetune/ensemble_predictions.npz,,,,,,,,0.47961266607288877,0.3982485584137727,-0.08136410765911606,0.21215988439246702,0.19197009295346182,-0.020189791439005206,0.06368284413365181,0.040210878149076784,-0.02347196598457503,0.06368284830444303,0.04021088255121953,-0.023471965753223495,0.06368284830444303,0.04021088255121953,-0.023471965753223495,0.6567921920413452,0.6713926931032165,0.014600501061871274,0.8625480019732251,0.8708693501439038,0.008321348170678644,,,,,,,,,
RQ3,cloudsen12,panopticon,frozen,mc_dropout,42,separate dropout-trained model vs original p=0 model; dropout-off contrast missing,results/final_thesis/segmentation/cloudsen12_frozen/runs/20260824T024636502649Z_cloudsen12_panopticon_frozen_seed42_987db5bf/predictions/test/deterministic/predictions.npz,results/final_thesis/mc_dropout/inference/segmentation/cloudsen12/panopticon/frozen/seed42/aggregate_uncertainty_maps.npz,,,,,,,,0.4378204701065929,0.3966157188925555,-0.04120475121403744,0.21070196581135395,0.20731677710986648,-0.0033851887014874626,0.04996056987018257,0.01788301036735555,-0.03207755950282702,0.04996056987018257,0.01788301036735555,-0.03207755950282702,0.04996056987018257,0.01788301036735555,-0.03207755950282702,0.654634748638508,0.643685940897448,-0.010948807741059996,0.859185022566719,0.8548192209576139,-0.004365801609105158,,,,,,,,,
RQ3,cloudsen12,panopticon,frozen,mc_dropout,43,separate dropout-trained model vs original p=0 model; dropout-off contrast missing,results/final_thesis/segmentation/cloudsen12_frozen/runs/20260824T073937493619Z_cloudsen12_panopticon_frozen_seed43_9688327e/predictions/test/deterministic/predictions.npz,results/final_thesis/mc_dropout/inference/segmentation/cloudsen12/panopticon/frozen/seed43/aggregate_uncertainty_maps.npz,,,,,,,,0.4063239765377326,0.39937726758425274,-0.006946708953479874,0.20424868896168966,0.20291187003232503,-0.0013368189293646304,0.03844469212351427,0.03702807440550343,-0.0014166177180108402,0.03844469212351427,0.03702846510999267,-0.0014162270135215996,0.03844469212351427,0.03702846510999267,-0.0014162270135215996,0.6537769566901619,0.6499314610369153,-0.0038454956532465445,0.8610903159340659,0.86106897566719,-2.134026687594659e-05,,,,,,,,,
RQ3,cloudsen12,panopticon,frozen,mc_dropout,44,separate dropout-trained model vs original p=0 model; dropout-off contrast missing,results/final_thesis/segmentation/cloudsen12_frozen/runs/20260824T150154916514Z_cloudsen12_panopticon_frozen_seed44_953e2ce2/predictions/test/deterministic/predictions.npz,results/final_thesis/mc_dropout/inference/segmentation/cloudsen12/panopticon/frozen/seed44/aggregate_uncertainty_maps.npz,,,,,,,,0.3969944022239774,0.3967509856136127,-0.00024341661036469953,0.2034180244304211,0.20251512140907027,-0.0009029030213508205,0.0364534143294535,0.03699413391153271,0.0005407195820792063,0.03645374106977747,0.03699413391153271,0.0005403928417552356,0.03645374106977747,0.03699413391153271,0.0005403928417552356,0.6547583055295483,0.6533438889039785,-0.0014144166255697366,0.8606068280677656,0.8610527047357405,0.0004458766679749093,,,,,,,,,
RQ3,cloudsen12,panopticon,frozen,deep_ensemble,"ensemble(42,43,44)",one ensemble minus mean of its exact 3 members; no across-ensemble SD,results/final_thesis/segmentation/cloudsen12_frozen/runs/20260824T024636502649Z_cloudsen12_panopticon_frozen_seed42_987db5bf/predictions/test/deterministic/predictions.npz;results/final_thesis/segmentation/cloudsen12_frozen/runs/20260824T073937493619Z_cloudsen12_panopticon_frozen_seed43_9688327e/predictions/test/deterministic/predictions.npz;results/final_thesis/segmentation/cloudsen12_frozen/runs/20260824T150154916514Z_cloudsen12_panopticon_frozen_seed44_953e2ce2/predictions/test/deterministic/predictions.npz,results/final_thesis/c3_temperature_scaling_and_ensembles/segmentation/deep_ensembles/cloudsen12/panopticon/frozen/ensemble_predictions.npz,,,,,,,,0.41371294962276767,0.3658079075793323,-0.047905042043435375,0.20612289306782158,0.19271741979573806,-0.013405473272083523,0.04161955877438345,0.024982587063264967,-0.01663697171111848,0.04161966768782477,0.02499918648279976,-0.016620481205025007,0.04161966768782477,0.02499918648279976,-0.016620481205025007,0.654390003619406,0.6672738616537771,0.012883858034371087,0.8602940555228501,0.8671299998364731,0.006835944313622999,,,,,,,,,
RQ3,cloudsen12,panopticon,full_finetune,mc_dropout,42,separate dropout-trained model vs original p=0 model; dropout-off contrast missing,results/final_thesis/segmentation/cloudsen12_full_finetune/runs/20260824T002903622341Z_cloudsen12_panopticon_full_finetune_seed42_797a0b89/predictions/test/deterministic/predictions.npz,results/final_thesis/mc_dropout/inference/segmentation/cloudsen12/panopticon/full_finetune/seed42/aggregate_uncertainty_maps.npz,,,,,,,,0.39547800780183434,0.39605474907307475,0.0005767412712404107,0.1928278449242537,0.20309758568922467,0.010269740764970975,0.04288938285007745,0.0353842182882695,-0.007505164561807949,0.04288938285007745,0.0353842182882695,-0.007505164561807949,0.04288938285007745,0.0353842182882695,-0.007505164561807949,0.6704898254541842,0.6494425890096458,-0.02104723644453843,0.8700848909275248,0.8603730867346939,-0.009711804192830908,,,,,,,,,
RQ3,cloudsen12,panopticon,full_finetune,deep_ensemble,"ensemble(42,43,44)",one ensemble minus mean of its exact 3 members; no across-ensemble SD,results/final_thesis/segmentation/cloudsen12_full_finetune/runs/20260824T002903622341Z_cloudsen12_panopticon_full_finetune_seed42_797a0b89/predictions/test/deterministic/predictions.npz;results/final_thesis/segmentation/cloudsen12_full_finetune/runs/20260824T055703693822Z_cloudsen12_panopticon_full_finetune_seed43_8e8dc6a5/predictions/test/deterministic/predictions.npz;results/final_thesis/segmentation/cloudsen12_full_finetune/runs/20260824T102603117304Z_cloudsen12_panopticon_full_finetune_seed44_fde03f5e/predictions/test/deterministic/predictions.npz,results/final_thesis/c3_temperature_scaling_and_ensembles/segmentation/deep_ensembles/cloudsen12/panopticon/full_finetune/ensemble_predictions.npz,,,,,,,,0.38806588399422387,0.3354534583336725,-0.052612425660551354,0.19141554970824406,0.17470799866003958,-0.016707551048204483,0.04215694778074661,0.020205680262409483,-0.02195126751833713,0.04215698061823595,0.02021422279263739,-0.021942757825598562,0.04215698061823595,0.02021422279263739,-0.021942757825598562,0.6724785428951355,0.6902782168680813,0.017799673972945795,0.8704796858647305,0.8798423804618001,0.00936269459706962,,,,,,,,,
RQ3,spacenet7,dofa,frozen,mc_dropout,42,separate dropout-trained model vs original p=0 model; dropout-off contrast missing,results/final_thesis/segmentation/spacenet7_frozen/runs/20260823T212554554121Z_spacenet7_dofa_frozen_seed42_bb178c28/predictions/test/deterministic/predictions.npz,results/final_thesis/mc_dropout/inference/segmentation/spacenet7/dofa/frozen/seed42/aggregate_uncertainty_maps.npz,,,,,,,,0.28227755431969476,0.27759667987683206,-0.0046808744428626925,0.1277050676206929,0.12730434729197923,-0.0004007203287136607,0.03568138187143702,0.03659432150704794,0.0009129396356109196,0.03568138187143702,0.03659432150704794,0.0009129396356109196,0.03568138187143702,0.03659432150704794,0.0009129396356109196,0.4879173171132102,0.48537921365646564,-0.002538103456744545,0.9264936728272039,0.9270778318651679,0.0005841590379640493,0.049624177202618636,0.043925729683629865,-0.005698447518988771,0.04116862055160098,0.041210088659527425,4.1468107926441455e-05,0.1340956174226946,0.13542261325255142,0.0013269958298568196
RQ3,spacenet7,dofa,frozen,deep_ensemble,"ensemble(42,43,44)",one ensemble minus mean of its exact 3 members; no across-ensemble SD,results/final_thesis/segmentation/spacenet7_frozen/runs/20260823T212554554121Z_spacenet7_dofa_frozen_seed42_bb178c28/predictions/test/deterministic/predictions.npz;results/final_thesis/segmentation/spacenet7_frozen/runs/20260824T084249767853Z_spacenet7_dofa_frozen_seed43_30065f6d/predictions/test/deterministic/predictions.npz;results/final_thesis/segmentation/spacenet7_frozen/runs/20260824T131025872125Z_spacenet7_dofa_frozen_seed44_505d5ab5/predictions/test/deterministic/predictions.npz,results/final_thesis/c3_temperature_scaling_and_ensembles/segmentation/deep_ensembles/spacenet7/dofa/frozen/ensemble_predictions.npz,,,,,,,,0.3123276084304427,0.2410425287047641,-0.07128507972567863,0.13074848498261185,0.1215494929463001,-0.009198992036311748,0.03913355609376192,0.030411115011675538,-0.008722441082086384,0.0391335503270238,0.030411115011675538,-0.008722435315348262,0.03913355609376192,0.030411115011675538,-0.008722441082086384,0.48827875213157057,0.4817941336768189,-0.006484618454751678,0.9247079043341512,0.929942314857258,0.005234410523106803,0.05216397812885833,0.03381816672186078,-0.01834581140699755,0.046502413599293614,0.03201558421246282,-0.014486829386830796,0.14002165700366698,0.12289697942520293,-0.017124677578464045
RQ3,spacenet7,dofa,full_finetune,mc_dropout,42,separate dropout-trained model vs original p=0 model; dropout-off contrast missing,results/final_thesis/segmentation/spacenet7_full_finetune/runs/20260823T223417473200Z_spacenet7_dofa_full_finetune_seed42_6349d2a1/predictions/test/deterministic/predictions.npz,results/final_thesis/mc_dropout/inference/segmentation/spacenet7/dofa/full_finetune/seed42/aggregate_uncertainty_maps.npz,,,,,,,,0.560001991066894,0.21915719258217073,-0.34084479848472327,0.1368507791273619,0.11625808283320647,-0.02059269629415543,0.056913276639448576,0.021509722830285974,-0.0354035538091626,0.056913276639448576,0.021509722830285974,-0.0354035538091626,0.056913276639448576,0.021509722830285974,-0.0354035538091626,0.4972244771571725,0.4898738795158914,-0.007350597641281098,0.9234290609554369,0.930729803314555,0.007300742359118151,0.07147388573996383,0.04926750529146636,-0.022206380448497466,0.06208139523284534,0.023023576065925637,-0.0390578191669197,0.1882441116635324,0.08922154920071955,-0.09902256246281284
RQ3,spacenet7,dofa,full_finetune,mc_dropout,43,separate dropout-trained model vs original p=0 model; dropout-off contrast missing,results/final_thesis/segmentation/spacenet7_full_finetune/runs/20260824T041628970344Z_spacenet7_dofa_full_finetune_seed43_2a812094/predictions/test/deterministic/predictions.npz,results/final_thesis/mc_dropout/inference/segmentation/spacenet7/dofa/full_finetune/seed43/aggregate_uncertainty_maps.npz,,,,,,,,0.41279288707068484,0.27928817314281096,-0.13350471392787389,0.12959177672140496,0.12206742529629136,-0.007524351425113596,0.04473213891812506,0.0371628769733211,-0.007569261944803958,0.04499762440365385,0.0371628769733211,-0.007834747430332752,0.04499762440365385,0.0371628769733211,-0.007834747430332752,0.4965585476640966,0.4862782284196407,-0.010280319244455882,0.9253547651156817,0.9295954109589799,0.004240645843298196,0.06817220770211918,0.04318548275228072,-0.02498672494983846,0.05260172241116553,0.039627921467917854,-0.012973800943247675,0.15256271712575534,0.12982668328238953,-0.02273603384336581
RQ3,spacenet7,dofa,full_finetune,mc_dropout,44,separate dropout-trained model vs original p=0 model; dropout-off contrast missing,results/final_thesis/segmentation/spacenet7_full_finetune/runs/20260824T105029720150Z_spacenet7_dofa_full_finetune_seed44_0e9c0a7e/predictions/test/deterministic/predictions.npz,results/final_thesis/mc_dropout/inference/segmentation/spacenet7/dofa/full_finetune/seed44/aggregate_uncertainty_maps.npz,,,,,,,,0.43743494525417453,0.3582142501734724,-0.07922069508070212,0.1357861339435857,0.12708231076656293,-0.008703823177022785,0.04697380285178044,0.04412292445084902,-0.002850878400931421,0.047032265706370695,0.04440136304192142,-0.002630902664449278,0.047032265706370695,0.04448356873037932,-0.002548696975991374,0.4996375408123507,0.49396892997945824,-0.00566861083289244,0.9207077718375761,0.9274836602935445,0.006775888455968326,0.07911113593617422,0.060796204147187886,-0.018314931788986334,0.05795021794272423,0.04967993094087492,-0.008270287001849314,0.16370555507192222,0.15199938806658295,-0.011706167005339274
RQ3,spacenet7,dofa,full_finetune,deep_ensemble,"ensemble(42,43,44)",one ensemble minus mean of its exact 3 members; no across-ensemble SD,results/final_thesis/segmentation/spacenet7_full_finetune/runs/20260823T223417473200Z_spacenet7_dofa_full_finetune_seed42_6349d2a1/predictions/test/deterministic/predictions.npz;results/final_thesis/segmentation/spacenet7_full_finetune/runs/20260824T041628970344Z_spacenet7_dofa_full_finetune_seed43_2a812094/predictions/test/deterministic/predictions.npz;results/final_thesis/segmentation/spacenet7_full_finetune/runs/20260824T105029720150Z_spacenet7_dofa_full_finetune_seed44_0e9c0a7e/predictions/test/deterministic/predictions.npz,results/final_thesis/c3_temperature_scaling_and_ensembles/segmentation/deep_ensembles/spacenet7/dofa/full_finetune/ensemble_predictions.npz,,,,,,,,0.47007660779725113,0.32120561593866914,-0.148870991858582,0.1340762299307842,0.12199798289835813,-0.012078247032426062,0.04953973946978469,0.039980586625395005,-0.009559152844389684,0.04964772224982438,0.039980586625395005,-0.009667135624429377,0.04964772224982438,0.040048832464525404,-0.009598889785298978,0.49780685521120666,0.48677057533640494,-0.011036279874801713,0.923163865969565,0.9306473850933603,0.007483519123795301,0.07291907645941907,0.04311114219499253,-0.029807934264426544,0.057544445195578366,0.041336989454942984,-0.016207455740635382,0.1681707946204033,0.1406052406604272,-0.02756555395997609
RQ3,spacenet7,panopticon,frozen,mc_dropout,42,separate dropout-trained model vs original p=0 model; dropout-off contrast missing,results/final_thesis/segmentation/spacenet7_frozen/runs/20260824T012909480544Z_spacenet7_panopticon_frozen_seed42_5bc79e91/predictions/test/deterministic/predictions.npz,results/final_thesis/mc_dropout/inference/segmentation/spacenet7/panopticon/frozen/seed42/aggregate_uncertainty_maps.npz,,,,,,,,0.35448375268828003,0.3173231407893255,-0.03716061189895453,0.1368182836351938,0.13209153408711677,-0.0047267495480770305,0.04087724273019052,0.03880127812096801,-0.0020759646092225123,0.041094754292284826,0.03880127812096801,-0.0022934761713168175,0.041094754292284826,0.0389433853890735,-0.002151368903211326,0.5001099117069657,0.5006550574581251,0.0005451457511593816,0.9185758837226297,0.9216971191959857,0.0031212354733560765,0.08224242644056454,0.08015091946863177,-0.0020915069719327634,0.055100920029726504,0.05016719097420137,-0.004933729055525131,0.1437124767664018,0.1346990243915537,-0.009013452374848102
RQ3,spacenet7,panopticon,frozen,deep_ensemble,"ensemble(42,43,44)",one ensemble minus mean of its exact 3 members; no across-ensemble SD,results/final_thesis/segmentation/spacenet7_frozen/runs/20260824T012909480544Z_spacenet7_panopticon_frozen_seed42_5bc79e91/predictions/test/deterministic/predictions.npz;results/final_thesis/segmentation/spacenet7_frozen/runs/20260824T093212435964Z_spacenet7_panopticon_frozen_seed43_7a04c439/predictions/test/deterministic/predictions.npz;results/final_thesis/segmentation/spacenet7_frozen/runs/20260824T140818811757Z_spacenet7_panopticon_frozen_seed44_0f56f5e4/predictions/test/deterministic/predictions.npz,results/final_thesis/c3_temperature_scaling_and_ensembles/segmentation/deep_ensembles/spacenet7/panopticon/frozen/ensemble_predictions.npz,,,,,,,,0.354864048791828,0.24814377421027492,-0.10672027458155306,0.13628554560573605,0.12090862904895236,-0.015376916556783693,0.041203636326802705,0.030904291803351153,-0.010299344523451551,0.041280932736380754,0.030904291803351153,-0.010376640933029601,0.041280932736380754,0.030904291803351153,-0.010376640933029601,0.5013346956240524,0.49131418896946405,-0.010020506654588368,0.9186425299150693,0.9292297017276963,0.010587171812626917,0.08464359735840121,0.05368394705076499,-0.03095965030763622,0.05523173736667458,0.03399917601275439,-0.021232561353920196,0.1461187071363746,0.11419507348926101,-0.03192363364711358
RQ3,spacenet7,panopticon,full_finetune,mc_dropout,42,separate dropout-trained model vs original p=0 model; dropout-off contrast missing,results/final_thesis/segmentation/spacenet7_full_finetune/runs/20260823T233635521819Z_spacenet7_panopticon_full_finetune_seed42_b6b452b4/predictions/test/deterministic/predictions.npz,results/final_thesis/mc_dropout/inference/segmentation/spacenet7/panopticon/full_finetune/seed42/aggregate_uncertainty_maps.npz,,,,,,,,0.4801957556420711,0.41473424645197904,-0.06546150919009208,0.1446316983426356,0.1312503765126023,-0.013381321830033294,0.052909786716539196,0.04422193764319429,-0.008687849073344904,0.052909786716539196,0.044222479114191554,-0.008687307602347642,0.052909786716539196,0.044222479114191554,-0.008687307602347642,0.5090204123518141,0.5012782693569223,-0.007742142994891732,0.9132996816483755,0.9230537155047566,0.009754033856381072,0.1056381989971903,0.08002128831980301,-0.025616910677387292,0.06441336675785952,0.05411593525115647,-0.010297431506703057,0.1793774682175122,0.15136313145960612,-0.028014336757906072
RQ3,spacenet7,panopticon,full_finetune,deep_ensemble,"ensemble(42,43,44)",one ensemble minus mean of its exact 3 members; no across-ensemble SD,results/final_thesis/segmentation/spacenet7_full_finetune/runs/20260823T233635521819Z_spacenet7_panopticon_full_finetune_seed42_b6b452b4/predictions/test/deterministic/predictions.npz;results/final_thesis/segmentation/spacenet7_full_finetune/runs/20260824T050749487080Z_spacenet7_panopticon_full_finetune_seed43_efe0a455/predictions/test/deterministic/predictions.npz;results/final_thesis/segmentation/spacenet7_full_finetune/runs/20260824T115507474539Z_spacenet7_panopticon_full_finetune_seed44_f73c1ae1/predictions/test/deterministic/predictions.npz,results/final_thesis/c3_temperature_scaling_and_ensembles/segmentation/deep_ensembles/spacenet7/panopticon/full_finetune/ensemble_predictions.npz,,,,,,,,0.43183422968695534,0.26036416997879364,-0.1714700597081617,0.14117249898603895,0.12139201329447054,-0.019780485691568414,0.045005474767855026,0.02826913272973779,-0.016736342038117236,0.04540613604916107,0.028379804852040433,-0.017026331197120638,0.04540613604916107,0.028769815849625218,-0.016636320199535853,0.5043126610677465,0.49591031634383614,-0.008402344723910382,0.9163555165447255,0.9296894030235793,0.013333886478853807,0.09299830393839227,0.06246213881059694,-0.030536165127795334,0.05956291587976143,0.03165726510932152,-0.02790565077043991,0.1588172764883596,0.11748615986483286,-0.041331116623526745
