object_id,score,metric,mean,total_images,valid_images,groups,ci_low,ci_high,valid_bootstraps,scope
spacenet7__dofa__full_finetune__mc_dropout__42,entropy,base_risk,0.0646038444674745,32,32,10,0.029086685908074623,0.10898859876869782,1000,fixed32_mean_of_per_image_pixel_metrics
spacenet7__dofa__full_finetune__mc_dropout__42,entropy,aurc,0.03124528551671172,32,32,10,0.01078945796739636,0.05881083784102154,1000,fixed32_mean_of_per_image_pixel_metrics
spacenet7__dofa__full_finetune__mc_dropout__42,entropy,auroc,0.8205056469906774,32,29,10,0.7416551405936568,0.892479758812896,1000,fixed32_mean_of_per_image_pixel_metrics
spacenet7__dofa__full_finetune__mc_dropout__42,entropy,average_precision,0.2384408062316196,32,29,10,0.2196634161219389,0.25793776469694957,1000,fixed32_mean_of_per_image_pixel_metrics
spacenet7__dofa__full_finetune__mc_dropout__42,entropy,risk_at_1,0.0646038444674745,32,32,10,0.029086685908074623,0.10898859876869782,1000,fixed32_mean_of_per_image_pixel_metrics
spacenet7__dofa__full_finetune__mc_dropout__42,entropy,risk_at_0.9,0.05330583568062641,32,32,10,0.02034980029081417,0.09460526400173841,1000,fixed32_mean_of_per_image_pixel_metrics
spacenet7__dofa__full_finetune__mc_dropout__42,entropy,risk_at_0.8,0.04685522585499044,32,32,10,0.016810762920076893,0.08479522171242938,1000,fixed32_mean_of_per_image_pixel_metrics
spacenet7__dofa__full_finetune__mc_dropout__42,entropy,risk_at_0.5,0.031304807079081634,32,32,10,0.010231500270562771,0.06162774619546093,1000,fixed32_mean_of_per_image_pixel_metrics
spacenet7__dofa__full_finetune__mc_dropout__42,expected_entropy,base_risk,0.0646038444674745,32,32,10,0.029086685908074623,0.10898859876869782,1000,fixed32_mean_of_per_image_pixel_metrics
spacenet7__dofa__full_finetune__mc_dropout__42,expected_entropy,aurc,0.03124429725216931,32,32,10,0.010783577613564714,0.05881305294858405,1000,fixed32_mean_of_per_image_pixel_metrics
spacenet7__dofa__full_finetune__mc_dropout__42,expected_entropy,auroc,0.820574101212181,32,29,10,0.7417555999965183,0.8925160917092188,1000,fixed32_mean_of_per_image_pixel_metrics
spacenet7__dofa__full_finetune__mc_dropout__42,expected_entropy,average_precision,0.23712583683613075,32,29,10,0.21897991222757793,0.2561333732105076,1000,fixed32_mean_of_per_image_pixel_metrics
spacenet7__dofa__full_finetune__mc_dropout__42,expected_entropy,risk_at_1,0.0646038444674745,32,32,10,0.029086685908074623,0.10898859876869782,1000,fixed32_mean_of_per_image_pixel_metrics
spacenet7__dofa__full_finetune__mc_dropout__42,expected_entropy,risk_at_0.9,0.05330472846690759,32,32,10,0.02034501280717101,0.0946036779540347,1000,fixed32_mean_of_per_image_pixel_metrics
spacenet7__dofa__full_finetune__mc_dropout__42,expected_entropy,risk_at_0.8,0.04685335743183992,32,32,10,0.016809729059266938,0.08479435423025235,1000,fixed32_mean_of_per_image_pixel_metrics
spacenet7__dofa__full_finetune__mc_dropout__42,expected_entropy,risk_at_0.5,0.03130605269451531,32,32,10,0.010228027645717378,0.061631598153808934,1000,fixed32_mean_of_per_image_pixel_metrics
spacenet7__dofa__full_finetune__mc_dropout__42,gini_disagreement,base_risk,0.0646038444674745,32,32,10,0.029086685908074623,0.10898859876869782,1000,fixed32_mean_of_per_image_pixel_metrics
spacenet7__dofa__full_finetune__mc_dropout__42,gini_disagreement,aurc,0.03510897237230419,32,32,10,0.01221099634026703,0.06588367287585278,1000,fixed32_mean_of_per_image_pixel_metrics
spacenet7__dofa__full_finetune__mc_dropout__42,gini_disagreement,auroc,0.7863743841350205,32,29,10,0.6975232911968889,0.8667972036983523,1000,fixed32_mean_of_per_image_pixel_metrics
spacenet7__dofa__full_finetune__mc_dropout__42,gini_disagreement,average_precision,0.13703084329469523,32,29,10,0.10366961946343985,0.1729173087805645,1000,fixed32_mean_of_per_image_pixel_metrics
spacenet7__dofa__full_finetune__mc_dropout__42,gini_disagreement,risk_at_1,0.0646038444674745,32,32,10,0.029086685908074623,0.10898859876869782,1000,fixed32_mean_of_per_image_pixel_metrics
spacenet7__dofa__full_finetune__mc_dropout__42,gini_disagreement,risk_at_0.9,0.05864122178819445,32,32,10,0.0230062917322448,0.1024224588355514,1000,fixed32_mean_of_per_image_pixel_metrics
spacenet7__dofa__full_finetune__mc_dropout__42,gini_disagreement,risk_at_0.8,0.05324772426060269,32,32,10,0.01916810348908967,0.09603900124735533,1000,fixed32_mean_of_per_image_pixel_metrics
spacenet7__dofa__full_finetune__mc_dropout__42,gini_disagreement,risk_at_0.5,0.03775211256377551,32,32,10,0.012297554712674543,0.07448171325821995,1000,fixed32_mean_of_per_image_pixel_metrics
spacenet7__dofa__full_finetune__mc_dropout__42,gini_expected,base_risk,0.0646038444674745,32,32,10,0.029086685908074623,0.10898859876869782,1000,fixed32_mean_of_per_image_pixel_metrics
spacenet7__dofa__full_finetune__mc_dropout__42,gini_expected,aurc,0.031236563236882512,32,32,10,0.010793008972391748,0.058811332066596396,1000,fixed32_mean_of_per_image_pixel_metrics
spacenet7__dofa__full_finetune__mc_dropout__42,gini_expected,auroc,0.8205088809716798,32,29,10,0.7416580043934519,0.8924837467417602,1000,fixed32_mean_of_per_image_pixel_metrics
spacenet7__dofa__full_finetune__mc_dropout__42,gini_expected,average_precision,0.23709215442234222,32,29,10,0.2189612812737666,0.25610591874570515,1000,fixed32_mean_of_per_image_pixel_metrics
spacenet7__dofa__full_finetune__mc_dropout__42,gini_expected,risk_at_1,0.0646038444674745,32,32,10,0.029086685908074623,0.10898859876869782,1000,fixed32_mean_of_per_image_pixel_metrics
spacenet7__dofa__full_finetune__mc_dropout__42,gini_expected,risk_at_0.9,0.05330472846690759,32,32,10,0.020345465792243136,0.09461077957968902,1000,fixed32_mean_of_per_image_pixel_metrics
spacenet7__dofa__full_finetune__mc_dropout__42,gini_expected,risk_at_0.8,0.0468528903260523,32,32,10,0.016812230670262898,0.08478959419984508,1000,fixed32_mean_of_per_image_pixel_metrics
spacenet7__dofa__full_finetune__mc_dropout__42,gini_expected,risk_at_0.5,0.03131228077168367,32,32,10,0.010237569814857761,0.06164349764690358,1000,fixed32_mean_of_per_image_pixel_metrics
spacenet7__dofa__full_finetune__mc_dropout__42,gini_total,base_risk,0.0646038444674745,32,32,10,0.029086685908074623,0.10898859876869782,1000,fixed32_mean_of_per_image_pixel_metrics
spacenet7__dofa__full_finetune__mc_dropout__42,gini_total,aurc,0.03126215337194574,32,32,10,0.010802765389398112,0.05885756189993308,1000,fixed32_mean_of_per_image_pixel_metrics
spacenet7__dofa__full_finetune__mc_dropout__42,gini_total,auroc,0.8205042343324732,32,29,10,0.7416509972808625,0.892480230500929,1000,fixed32_mean_of_per_image_pixel_metrics
spacenet7__dofa__full_finetune__mc_dropout__42,gini_total,average_precision,0.23844108428825572,32,29,10,0.21966341510886217,0.257936185967429,1000,fixed32_mean_of_per_image_pixel_metrics
spacenet7__dofa__full_finetune__mc_dropout__42,gini_total,risk_at_1,0.0646038444674745,32,32,10,0.029086685908074623,0.10898859876869782,1000,fixed32_mean_of_per_image_pixel_metrics
spacenet7__dofa__full_finetune__mc_dropout__42,gini_total,risk_at_0.9,0.05330583568062641,32,32,10,0.02034980029081417,0.09460526400173841,1000,fixed32_mean_of_per_image_pixel_metrics
spacenet7__dofa__full_finetune__mc_dropout__42,gini_total,risk_at_0.8,0.04685522585499044,32,32,10,0.016810762920076893,0.08479522171242938,1000,fixed32_mean_of_per_image_pixel_metrics
spacenet7__dofa__full_finetune__mc_dropout__42,gini_total,risk_at_0.5,0.03130356146364796,32,32,10,0.010231500270562771,0.06162256443525685,1000,fixed32_mean_of_per_image_pixel_metrics
spacenet7__dofa__full_finetune__mc_dropout__42,msp,base_risk,0.0646038444674745,32,32,10,0.029086685908074623,0.10898859876869782,1000,fixed32_mean_of_per_image_pixel_metrics
spacenet7__dofa__full_finetune__mc_dropout__42,msp,aurc,0.03124574311449628,32,32,10,0.010792992965051014,0.05882485742095236,1000,fixed32_mean_of_per_image_pixel_metrics
spacenet7__dofa__full_finetune__mc_dropout__42,msp,auroc,0.8205048990739231,32,29,10,0.741652388387761,0.8924801820757949,1000,fixed32_mean_of_per_image_pixel_metrics
spacenet7__dofa__full_finetune__mc_dropout__42,msp,average_precision,0.23844150677754045,32,29,10,0.219665474069731,0.2579419286738184,1000,fixed32_mean_of_per_image_pixel_metrics
spacenet7__dofa__full_finetune__mc_dropout__42,msp,risk_at_1,0.0646038444674745,32,32,10,0.029086685908074623,0.10898859876869782,1000,fixed32_mean_of_per_image_pixel_metrics
spacenet7__dofa__full_finetune__mc_dropout__42,msp,risk_at_0.9,0.05330583568062641,32,32,10,0.02034980029081417,0.09460526400173841,1000,fixed32_mean_of_per_image_pixel_metrics
spacenet7__dofa__full_finetune__mc_dropout__42,msp,risk_at_0.8,0.04685522585499044,32,32,10,0.016810762920076893,0.08479522171242938,1000,fixed32_mean_of_per_image_pixel_metrics
spacenet7__dofa__full_finetune__mc_dropout__42,msp,risk_at_0.5,0.0313041842713648,32,32,10,0.010231500270562771,0.06162515531535889,1000,fixed32_mean_of_per_image_pixel_metrics
spacenet7__dofa__full_finetune__mc_dropout__42,mutual_information,base_risk,0.0646038444674745,32,32,10,0.029086685908074623,0.10898859876869782,1000,fixed32_mean_of_per_image_pixel_metrics
spacenet7__dofa__full_finetune__mc_dropout__42,mutual_information,aurc,0.047245794026517185,32,32,10,0.01927114860728801,0.08406088424997087,1000,fixed32_mean_of_per_image_pixel_metrics
spacenet7__dofa__full_finetune__mc_dropout__42,mutual_information,auroc,0.61649108559848,32,29,10,0.573920407695102,0.662832616630014,1000,fixed32_mean_of_per_image_pixel_metrics
spacenet7__dofa__full_finetune__mc_dropout__42,mutual_information,average_precision,0.08327593758814231,32,29,10,0.045543095247661196,0.12410139573369902,1000,fixed32_mean_of_per_image_pixel_metrics
spacenet7__dofa__full_finetune__mc_dropout__42,mutual_information,risk_at_1,0.0646038444674745,32,32,10,0.029086685908074623,0.10898859876869782,1000,fixed32_mean_of_per_image_pixel_metrics
spacenet7__dofa__full_finetune__mc_dropout__42,mutual_information,risk_at_0.9,0.06424496882086167,32,32,10,0.028441521542369057,0.10961161085274206,1000,fixed32_mean_of_per_image_pixel_metrics
spacenet7__dofa__full_finetune__mc_dropout__42,mutual_information,risk_at_0.8,0.06354616126235652,32,32,10,0.027462326382249352,0.10898635140344945,1000,fixed32_mean_of_per_image_pixel_metrics
spacenet7__dofa__full_finetune__mc_dropout__42,mutual_information,risk_at_0.5,0.056455028300382654,32,32,10,0.022407816436607535,0.1006768247198433,1000,fixed32_mean_of_per_image_pixel_metrics
spacenet7__dofa__full_finetune__mc_dropout__42,negative_margin,base_risk,0.0646038444674745,32,32,10,0.029086685908074623,0.10898859876869782,1000,fixed32_mean_of_per_image_pixel_metrics
spacenet7__dofa__full_finetune__mc_dropout__42,negative_margin,aurc,0.031245665388542017,32,32,10,0.010789456978874078,0.05881128636997416,1000,fixed32_mean_of_per_image_pixel_metrics
spacenet7__dofa__full_finetune__mc_dropout__42,negative_margin,auroc,0.8205056463389708,32,29,10,0.7416551363978366,0.8924797572212446,1000,fixed32_mean_of_per_image_pixel_metrics
spacenet7__dofa__full_finetune__mc_dropout__42,negative_margin,average_precision,0.23844269069644533,32,29,10,0.21966637454003293,0.2579442593283811,1000,fixed32_mean_of_per_image_pixel_metrics
spacenet7__dofa__full_finetune__mc_dropout__42,negative_margin,risk_at_1,0.0646038444674745,32,32,10,0.029086685908074623,0.10898859876869782,1000,fixed32_mean_of_per_image_pixel_metrics
spacenet7__dofa__full_finetune__mc_dropout__42,negative_margin,risk_at_0.9,0.05330583568062641,32,32,10,0.02034980029081417,0.09460526400173841,1000,fixed32_mean_of_per_image_pixel_metrics
spacenet7__dofa__full_finetune__mc_dropout__42,negative_margin,risk_at_0.8,0.04685522585499044,32,32,10,0.016810762920076893,0.08479522171242938,1000,fixed32_mean_of_per_image_pixel_metrics
spacenet7__dofa__full_finetune__mc_dropout__42,negative_margin,risk_at_0.5,0.031304807079081634,32,32,10,0.010231500270562771,0.06162774619546093,1000,fixed32_mean_of_per_image_pixel_metrics
