object_id,analysis_unit,score,coverage,risk,random_risk
eurosat__dofa__full_finetune__deterministic__44,image_top1,msp,0.01,0.0,0.036845983787767135
eurosat__dofa__full_finetune__deterministic__44,image_top1,msp,0.02,0.0,0.036845983787767135
eurosat__dofa__full_finetune__deterministic__44,image_top1,msp,0.03,0.0,0.036845983787767135
eurosat__dofa__full_finetune__deterministic__44,image_top1,msp,0.04,0.0,0.036845983787767135
eurosat__dofa__full_finetune__deterministic__44,image_top1,msp,0.05,0.0,0.036845983787767135
eurosat__dofa__full_finetune__deterministic__44,image_top1,msp,0.06,0.0,0.036845983787767135
eurosat__dofa__full_finetune__deterministic__44,image_top1,msp,0.07,0.0,0.036845983787767135
eurosat__dofa__full_finetune__deterministic__44,image_top1,msp,0.08,0.0,0.036845983787767135
eurosat__dofa__full_finetune__deterministic__44,image_top1,msp,0.09,0.0,0.036845983787767135
eurosat__dofa__full_finetune__deterministic__44,image_top1,msp,0.1,0.0,0.036845983787767135
eurosat__dofa__full_finetune__deterministic__44,image_top1,msp,0.11,0.0,0.036845983787767135
eurosat__dofa__full_finetune__deterministic__44,image_top1,msp,0.12,0.0,0.036845983787767135
eurosat__dofa__full_finetune__deterministic__44,image_top1,msp,0.13,0.0,0.036845983787767135
eurosat__dofa__full_finetune__deterministic__44,image_top1,msp,0.14,0.0,0.036845983787767135
eurosat__dofa__full_finetune__deterministic__44,image_top1,msp,0.15,0.0,0.036845983787767135
eurosat__dofa__full_finetune__deterministic__44,image_top1,msp,0.16,0.0,0.036845983787767135
eurosat__dofa__full_finetune__deterministic__44,image_top1,msp,0.17,0.0,0.036845983787767135
eurosat__dofa__full_finetune__deterministic__44,image_top1,msp,0.18,0.0,0.036845983787767135
eurosat__dofa__full_finetune__deterministic__44,image_top1,msp,0.19,0.0,0.036845983787767135
eurosat__dofa__full_finetune__deterministic__44,image_top1,msp,0.2,0.0,0.036845983787767135
eurosat__dofa__full_finetune__deterministic__44,image_top1,msp,0.21,0.0,0.036845983787767135
eurosat__dofa__full_finetune__deterministic__44,image_top1,msp,0.22,0.0,0.036845983787767135
eurosat__dofa__full_finetune__deterministic__44,image_top1,msp,0.23,0.0,0.036845983787767135
eurosat__dofa__full_finetune__deterministic__44,image_top1,msp,0.24,0.0,0.036845983787767135
eurosat__dofa__full_finetune__deterministic__44,image_top1,msp,0.25,0.0,0.036845983787767135
eurosat__dofa__full_finetune__deterministic__44,image_top1,msp,0.26,0.0,0.036845983787767135
eurosat__dofa__full_finetune__deterministic__44,image_top1,msp,0.27,0.0,0.036845983787767135
eurosat__dofa__full_finetune__deterministic__44,image_top1,msp,0.28,0.0,0.036845983787767135
eurosat__dofa__full_finetune__deterministic__44,image_top1,msp,0.29,0.0,0.036845983787767135
eurosat__dofa__full_finetune__deterministic__44,image_top1,msp,0.3,0.0,0.036845983787767135
eurosat__dofa__full_finetune__deterministic__44,image_top1,msp,0.31,0.0,0.036845983787767135
eurosat__dofa__full_finetune__deterministic__44,image_top1,msp,0.32,0.0,0.036845983787767135
eurosat__dofa__full_finetune__deterministic__44,image_top1,msp,0.33,0.0,0.036845983787767135
eurosat__dofa__full_finetune__deterministic__44,image_top1,msp,0.34,0.0,0.036845983787767135
eurosat__dofa__full_finetune__deterministic__44,image_top1,msp,0.35,0.0,0.036845983787767135
eurosat__dofa__full_finetune__deterministic__44,image_top1,msp,0.36,0.0,0.036845983787767135
eurosat__dofa__full_finetune__deterministic__44,image_top1,msp,0.37,0.0,0.036845983787767135
eurosat__dofa__full_finetune__deterministic__44,image_top1,msp,0.38,0.0,0.036845983787767135
eurosat__dofa__full_finetune__deterministic__44,image_top1,msp,0.39,0.0,0.036845983787767135
eurosat__dofa__full_finetune__deterministic__44,image_top1,msp,0.4,0.0,0.036845983787767135
eurosat__dofa__full_finetune__deterministic__44,image_top1,msp,0.41,0.0,0.036845983787767135
eurosat__dofa__full_finetune__deterministic__44,image_top1,msp,0.42,0.00087728532828017,0.036845983787767135
eurosat__dofa__full_finetune__deterministic__44,image_top1,msp,0.43,0.0008568833439015612,0.036845983787767135
eurosat__dofa__full_finetune__deterministic__44,image_top1,msp,0.44,0.000837408722449253,0.036845983787767135
eurosat__dofa__full_finetune__deterministic__44,image_top1,msp,0.45,0.0008187996397281585,0.036845983787767135
eurosat__dofa__full_finetune__deterministic__44,image_top1,msp,0.46,0.0008009996475601551,0.036845983787767135
eurosat__dofa__full_finetune__deterministic__44,image_top1,msp,0.47,0.0007839571018673859,0.036845983787767135
eurosat__dofa__full_finetune__deterministic__44,image_top1,msp,0.48,0.0007676246622451486,0.036845983787767135
eurosat__dofa__full_finetune__deterministic__44,image_top1,msp,0.49,0.0007519588528115742,0.036845983787767135
eurosat__dofa__full_finetune__deterministic__44,image_top1,msp,0.5,0.0007369196757553427,0.036845983787767135
eurosat__dofa__full_finetune__deterministic__44,image_top1,msp,0.51,0.0007224702703483751,0.036845983787767135
eurosat__dofa__full_finetune__deterministic__44,image_top1,msp,0.52,0.0007085766113032141,0.036845983787767135
eurosat__dofa__full_finetune__deterministic__44,image_top1,msp,0.53,0.0006952072412786251,0.036845983787767135
eurosat__dofa__full_finetune__deterministic__44,image_top1,msp,0.54,0.0006823330331067987,0.036845983787767135
eurosat__dofa__full_finetune__deterministic__44,image_top1,msp,0.55,0.0006699269779594024,0.036845983787767135
eurosat__dofa__full_finetune__deterministic__44,image_top1,msp,0.56,0.0006579639962101273,0.036845983787767135
eurosat__dofa__full_finetune__deterministic__44,image_top1,msp,0.57,0.000646420768206441,0.036845983787767135
eurosat__dofa__full_finetune__deterministic__44,image_top1,msp,0.58,0.0006352755825477092,0.036845983787767135
eurosat__dofa__full_finetune__deterministic__44,image_top1,msp,0.59,0.0006245081997926633,0.036845983787767135
eurosat__dofa__full_finetune__deterministic__44,image_top1,msp,0.6,0.0006140997297961189,0.036845983787767135
eurosat__dofa__full_finetune__deterministic__44,image_top1,msp,0.61,0.001534242603621757,0.036845983787767135
eurosat__dofa__full_finetune__deterministic__44,image_top1,msp,0.62,0.0017828701832790547,0.036845983787767135
eurosat__dofa__full_finetune__deterministic__44,image_top1,msp,0.63,0.0017545706565603397,0.036845983787767135
eurosat__dofa__full_finetune__deterministic__44,image_top1,msp,0.64,0.0017271554900515843,0.036845983787767135
eurosat__dofa__full_finetune__deterministic__44,image_top1,msp,0.65,0.0017005838671277137,0.036845983787767135
eurosat__dofa__full_finetune__deterministic__44,image_top1,msp,0.66,0.0016748174448985062,0.036845983787767135
eurosat__dofa__full_finetune__deterministic__44,image_top1,msp,0.67,0.0016498201696015134,0.036845983787767135
eurosat__dofa__full_finetune__deterministic__44,image_top1,msp,0.68,0.001625558108283844,0.036845983787767135
eurosat__dofa__full_finetune__deterministic__44,image_top1,msp,0.69,0.0016019992951203104,0.036845983787767135
eurosat__dofa__full_finetune__deterministic__44,image_top1,msp,0.7,0.0015791135909043058,0.036845983787767135
eurosat__dofa__full_finetune__deterministic__44,image_top1,msp,0.71,0.0015568725544126958,0.036845983787767135
eurosat__dofa__full_finetune__deterministic__44,image_top1,msp,0.72,0.0015352493244902973,0.036845983787767135
eurosat__dofa__full_finetune__deterministic__44,image_top1,msp,0.73,0.0015142185118260465,0.036845983787767135
eurosat__dofa__full_finetune__deterministic__44,image_top1,msp,0.74,0.0014937560995040731,0.036845983787767135
eurosat__dofa__full_finetune__deterministic__44,image_top1,msp,0.75,0.0014738393515106854,0.036845983787767135
eurosat__dofa__full_finetune__deterministic__44,image_top1,msp,0.76,0.0014544467284644922,0.036845983787767135
eurosat__dofa__full_finetune__deterministic__44,image_top1,msp,0.77,0.001435557809913005,0.036845983787767135
eurosat__dofa__full_finetune__deterministic__44,image_top1,msp,0.78,0.0018895376301419043,0.036845983787767135
eurosat__dofa__full_finetune__deterministic__44,image_top1,msp,0.79,0.0018656194322920069,0.036845983787767135
eurosat__dofa__full_finetune__deterministic__44,image_top1,msp,0.8,0.0018422991893883565,0.036845983787767135
eurosat__dofa__full_finetune__deterministic__44,image_top1,msp,0.81,0.0018195547549514632,0.036845983787767135
eurosat__dofa__full_finetune__deterministic__44,image_top1,msp,0.82,0.0026960475942268635,0.036845983787767135
eurosat__dofa__full_finetune__deterministic__44,image_top1,msp,0.83,0.0035514201241221336,0.036845983787767135
eurosat__dofa__full_finetune__deterministic__44,image_top1,msp,0.84,0.00438642664140085,0.036845983787767135
eurosat__dofa__full_finetune__deterministic__44,image_top1,msp,0.85,0.005201785946508301,0.036845983787767135
eurosat__dofa__full_finetune__deterministic__44,image_top1,msp,0.86,0.005569741735360148,0.036845983787767135
eurosat__dofa__full_finetune__deterministic__44,image_top1,msp,0.87,0.005929238770445286,0.036845983787767135
eurosat__dofa__full_finetune__deterministic__44,image_top1,msp,0.88,0.006280565418369397,0.036845983787767135
eurosat__dofa__full_finetune__deterministic__44,image_top1,msp,0.89,0.007451996721121443,0.036845983787767135
eurosat__dofa__full_finetune__deterministic__44,image_top1,msp,0.9,0.008187996397281586,0.036845983787767135
eurosat__dofa__full_finetune__deterministic__44,image_top1,msp,0.91,0.010122523018617343,0.036845983787767135
eurosat__dofa__full_finetune__deterministic__44,image_top1,msp,0.92,0.011213995065842171,0.036845983787767135
eurosat__dofa__full_finetune__deterministic__44,image_top1,msp,0.93,0.011489607847798353,0.036845983787767135
eurosat__dofa__full_finetune__deterministic__44,image_top1,msp,0.94,0.014173944401762279,0.036845983787767135
eurosat__dofa__full_finetune__deterministic__44,image_top1,msp,0.95,0.017453360741573908,0.036845983787767135
eurosat__dofa__full_finetune__deterministic__44,image_top1,msp,0.96,0.019958241218373862,0.036845983787767135
eurosat__dofa__full_finetune__deterministic__44,image_top1,msp,0.97,0.022031619172066946,0.036845983787767135
eurosat__dofa__full_finetune__deterministic__44,image_top1,msp,0.98,0.026213285609011403,0.036845983787767135
eurosat__dofa__full_finetune__deterministic__44,image_top1,msp,0.99,0.03126325897143878,0.036845983787767135
eurosat__dofa__full_finetune__deterministic__44,image_top1,msp,1.0,0.036845983787767135,0.036845983787767135
eurosat__dofa__full_finetune__deterministic__44,image_top1,entropy,0.01,0.0,0.036845983787767135
eurosat__dofa__full_finetune__deterministic__44,image_top1,entropy,0.02,0.0,0.036845983787767135
eurosat__dofa__full_finetune__deterministic__44,image_top1,entropy,0.03,0.0,0.036845983787767135
eurosat__dofa__full_finetune__deterministic__44,image_top1,entropy,0.04,0.0,0.036845983787767135
eurosat__dofa__full_finetune__deterministic__44,image_top1,entropy,0.05,0.0,0.036845983787767135
eurosat__dofa__full_finetune__deterministic__44,image_top1,entropy,0.06,0.0,0.036845983787767135
eurosat__dofa__full_finetune__deterministic__44,image_top1,entropy,0.07,0.0,0.036845983787767135
eurosat__dofa__full_finetune__deterministic__44,image_top1,entropy,0.08,0.0,0.036845983787767135
eurosat__dofa__full_finetune__deterministic__44,image_top1,entropy,0.09,0.0,0.036845983787767135
eurosat__dofa__full_finetune__deterministic__44,image_top1,entropy,0.1,0.0,0.036845983787767135
eurosat__dofa__full_finetune__deterministic__44,image_top1,entropy,0.11,0.0,0.036845983787767135
eurosat__dofa__full_finetune__deterministic__44,image_top1,entropy,0.12,0.0,0.036845983787767135
eurosat__dofa__full_finetune__deterministic__44,image_top1,entropy,0.13,0.0,0.036845983787767135
eurosat__dofa__full_finetune__deterministic__44,image_top1,entropy,0.14,0.0,0.036845983787767135
eurosat__dofa__full_finetune__deterministic__44,image_top1,entropy,0.15,0.0,0.036845983787767135
eurosat__dofa__full_finetune__deterministic__44,image_top1,entropy,0.16,0.0,0.036845983787767135
eurosat__dofa__full_finetune__deterministic__44,image_top1,entropy,0.17,0.0,0.036845983787767135
eurosat__dofa__full_finetune__deterministic__44,image_top1,entropy,0.18,0.0,0.036845983787767135
eurosat__dofa__full_finetune__deterministic__44,image_top1,entropy,0.19,0.0,0.036845983787767135
eurosat__dofa__full_finetune__deterministic__44,image_top1,entropy,0.2,0.0,0.036845983787767135
eurosat__dofa__full_finetune__deterministic__44,image_top1,entropy,0.21,0.0,0.036845983787767135
eurosat__dofa__full_finetune__deterministic__44,image_top1,entropy,0.22,0.0,0.036845983787767135
eurosat__dofa__full_finetune__deterministic__44,image_top1,entropy,0.23,0.0,0.036845983787767135
eurosat__dofa__full_finetune__deterministic__44,image_top1,entropy,0.24,0.0,0.036845983787767135
eurosat__dofa__full_finetune__deterministic__44,image_top1,entropy,0.25,0.0,0.036845983787767135
eurosat__dofa__full_finetune__deterministic__44,image_top1,entropy,0.26,0.0,0.036845983787767135
eurosat__dofa__full_finetune__deterministic__44,image_top1,entropy,0.27,0.0,0.036845983787767135
eurosat__dofa__full_finetune__deterministic__44,image_top1,entropy,0.28,0.0,0.036845983787767135
eurosat__dofa__full_finetune__deterministic__44,image_top1,entropy,0.29,0.0,0.036845983787767135
eurosat__dofa__full_finetune__deterministic__44,image_top1,entropy,0.3,0.0,0.036845983787767135
eurosat__dofa__full_finetune__deterministic__44,image_top1,entropy,0.31,0.0,0.036845983787767135
eurosat__dofa__full_finetune__deterministic__44,image_top1,entropy,0.32,0.0,0.036845983787767135
eurosat__dofa__full_finetune__deterministic__44,image_top1,entropy,0.33,0.0,0.036845983787767135
eurosat__dofa__full_finetune__deterministic__44,image_top1,entropy,0.34,0.0,0.036845983787767135
eurosat__dofa__full_finetune__deterministic__44,image_top1,entropy,0.35,0.0,0.036845983787767135
eurosat__dofa__full_finetune__deterministic__44,image_top1,entropy,0.36,0.0,0.036845983787767135
eurosat__dofa__full_finetune__deterministic__44,image_top1,entropy,0.37,0.0,0.036845983787767135
eurosat__dofa__full_finetune__deterministic__44,image_top1,entropy,0.38,0.0,0.036845983787767135
eurosat__dofa__full_finetune__deterministic__44,image_top1,entropy,0.39,0.0,0.036845983787767135
eurosat__dofa__full_finetune__deterministic__44,image_top1,entropy,0.4,0.0,0.036845983787767135
eurosat__dofa__full_finetune__deterministic__44,image_top1,entropy,0.41,0.0,0.036845983787767135
eurosat__dofa__full_finetune__deterministic__44,image_top1,entropy,0.42,0.00087728532828017,0.036845983787767135
eurosat__dofa__full_finetune__deterministic__44,image_top1,entropy,0.43,0.0008568833439015612,0.036845983787767135
eurosat__dofa__full_finetune__deterministic__44,image_top1,entropy,0.44,0.000837408722449253,0.036845983787767135
eurosat__dofa__full_finetune__deterministic__44,image_top1,entropy,0.45,0.0008187996397281585,0.036845983787767135
eurosat__dofa__full_finetune__deterministic__44,image_top1,entropy,0.46,0.0008009996475601551,0.036845983787767135
eurosat__dofa__full_finetune__deterministic__44,image_top1,entropy,0.47,0.0007839571018673859,0.036845983787767135
eurosat__dofa__full_finetune__deterministic__44,image_top1,entropy,0.48,0.0007676246622451486,0.036845983787767135
eurosat__dofa__full_finetune__deterministic__44,image_top1,entropy,0.49,0.0007519588528115742,0.036845983787767135
eurosat__dofa__full_finetune__deterministic__44,image_top1,entropy,0.5,0.0007369196757553427,0.036845983787767135
eurosat__dofa__full_finetune__deterministic__44,image_top1,entropy,0.51,0.0007224702703483751,0.036845983787767135
eurosat__dofa__full_finetune__deterministic__44,image_top1,entropy,0.52,0.0007085766113032141,0.036845983787767135
eurosat__dofa__full_finetune__deterministic__44,image_top1,entropy,0.53,0.0006952072412786251,0.036845983787767135
eurosat__dofa__full_finetune__deterministic__44,image_top1,entropy,0.54,0.0006823330331067987,0.036845983787767135
eurosat__dofa__full_finetune__deterministic__44,image_top1,entropy,0.55,0.0006699269779594024,0.036845983787767135
eurosat__dofa__full_finetune__deterministic__44,image_top1,entropy,0.56,0.0006579639962101273,0.036845983787767135
eurosat__dofa__full_finetune__deterministic__44,image_top1,entropy,0.57,0.000646420768206441,0.036845983787767135
eurosat__dofa__full_finetune__deterministic__44,image_top1,entropy,0.58,0.0006352755825477092,0.036845983787767135
eurosat__dofa__full_finetune__deterministic__44,image_top1,entropy,0.59,0.0006245081997926633,0.036845983787767135
eurosat__dofa__full_finetune__deterministic__44,image_top1,entropy,0.6,0.0012281994595922379,0.036845983787767135
eurosat__dofa__full_finetune__deterministic__44,image_top1,entropy,0.61,0.0018120975633328098,0.036845983787767135
eurosat__dofa__full_finetune__deterministic__44,image_top1,entropy,0.62,0.0017828701832790547,0.036845983787767135
eurosat__dofa__full_finetune__deterministic__44,image_top1,entropy,0.63,0.0017545706565603397,0.036845983787767135
eurosat__dofa__full_finetune__deterministic__44,image_top1,entropy,0.64,0.0017271554900515843,0.036845983787767135
eurosat__dofa__full_finetune__deterministic__44,image_top1,entropy,0.65,0.0017005838671277137,0.036845983787767135
eurosat__dofa__full_finetune__deterministic__44,image_top1,entropy,0.66,0.0016748174448985062,0.036845983787767135
eurosat__dofa__full_finetune__deterministic__44,image_top1,entropy,0.67,0.0016498201696015134,0.036845983787767135
eurosat__dofa__full_finetune__deterministic__44,image_top1,entropy,0.68,0.001625558108283844,0.036845983787767135
eurosat__dofa__full_finetune__deterministic__44,image_top1,entropy,0.69,0.0016019992951203104,0.036845983787767135
eurosat__dofa__full_finetune__deterministic__44,image_top1,entropy,0.7,0.0015791135909043058,0.036845983787767135
eurosat__dofa__full_finetune__deterministic__44,image_top1,entropy,0.71,0.0015568725544126958,0.036845983787767135
eurosat__dofa__full_finetune__deterministic__44,image_top1,entropy,0.72,0.0015352493244902973,0.036845983787767135
eurosat__dofa__full_finetune__deterministic__44,image_top1,entropy,0.73,0.0015142185118260465,0.036845983787767135
eurosat__dofa__full_finetune__deterministic__44,image_top1,entropy,0.74,0.0014937560995040731,0.036845983787767135
eurosat__dofa__full_finetune__deterministic__44,image_top1,entropy,0.75,0.0014738393515106854,0.036845983787767135
eurosat__dofa__full_finetune__deterministic__44,image_top1,entropy,0.76,0.0014544467284644922,0.036845983787767135
eurosat__dofa__full_finetune__deterministic__44,image_top1,entropy,0.77,0.001435557809913005,0.036845983787767135
eurosat__dofa__full_finetune__deterministic__44,image_top1,entropy,0.78,0.0018895376301419043,0.036845983787767135
eurosat__dofa__full_finetune__deterministic__44,image_top1,entropy,0.79,0.0018656194322920069,0.036845983787767135
eurosat__dofa__full_finetune__deterministic__44,image_top1,entropy,0.8,0.0018422991893883565,0.036845983787767135
eurosat__dofa__full_finetune__deterministic__44,image_top1,entropy,0.81,0.002274443443689329,0.036845983787767135
eurosat__dofa__full_finetune__deterministic__44,image_top1,entropy,0.82,0.0026960475942268635,0.036845983787767135
eurosat__dofa__full_finetune__deterministic__44,image_top1,entropy,0.83,0.0038266551837415506,0.036845983787767135
eurosat__dofa__full_finetune__deterministic__44,image_top1,entropy,0.84,0.00438642664140085,0.036845983787767135
eurosat__dofa__full_finetune__deterministic__44,image_top1,entropy,0.85,0.005201785946508301,0.036845983787767135
eurosat__dofa__full_finetune__deterministic__44,image_top1,entropy,0.86,0.005569741735360148,0.036845983787767135
eurosat__dofa__full_finetune__deterministic__44,image_top1,entropy,0.87,0.005929238770445286,0.036845983787767135
eurosat__dofa__full_finetune__deterministic__44,image_top1,entropy,0.88,0.006699269779594024,0.036845983787767135
eurosat__dofa__full_finetune__deterministic__44,image_top1,entropy,0.89,0.007451996721121443,0.036845983787767135
eurosat__dofa__full_finetune__deterministic__44,image_top1,entropy,0.9,0.008187996397281586,0.036845983787767135
eurosat__dofa__full_finetune__deterministic__44,image_top1,entropy,0.91,0.010122523018617343,0.036845983787767135
eurosat__dofa__full_finetune__deterministic__44,image_top1,entropy,0.92,0.011165935086988606,0.036845983787767135
eurosat__dofa__full_finetune__deterministic__44,image_top1,entropy,0.93,0.011885801221860367,0.036845983787767135
eurosat__dofa__full_finetune__deterministic__44,image_top1,entropy,0.94,0.013719249282679253,0.036845983787767135
eurosat__dofa__full_finetune__deterministic__44,image_top1,entropy,0.95,0.01784121320249777,0.036845983787767135
eurosat__dofa__full_finetune__deterministic__44,image_top1,entropy,0.96,0.019958241218373862,0.036845983787767135
eurosat__dofa__full_finetune__deterministic__44,image_top1,entropy,0.97,0.022411474675033616,0.036845983787767135
eurosat__dofa__full_finetune__deterministic__44,image_top1,entropy,0.98,0.026589265035417187,0.036845983787767135
eurosat__dofa__full_finetune__deterministic__44,image_top1,entropy,0.99,0.03200762228028256,0.036845983787767135
eurosat__dofa__full_finetune__deterministic__44,image_top1,entropy,1.0,0.036845983787767135,0.036845983787767135
eurosat__dofa__full_finetune__deterministic__44,image_top1,negative_margin,0.01,0.0,0.036845983787767135
eurosat__dofa__full_finetune__deterministic__44,image_top1,negative_margin,0.02,0.0,0.036845983787767135
eurosat__dofa__full_finetune__deterministic__44,image_top1,negative_margin,0.03,0.0,0.036845983787767135
eurosat__dofa__full_finetune__deterministic__44,image_top1,negative_margin,0.04,0.0,0.036845983787767135
eurosat__dofa__full_finetune__deterministic__44,image_top1,negative_margin,0.05,0.0,0.036845983787767135
eurosat__dofa__full_finetune__deterministic__44,image_top1,negative_margin,0.06,0.0,0.036845983787767135
eurosat__dofa__full_finetune__deterministic__44,image_top1,negative_margin,0.07,0.0,0.036845983787767135
eurosat__dofa__full_finetune__deterministic__44,image_top1,negative_margin,0.08,0.0,0.036845983787767135
eurosat__dofa__full_finetune__deterministic__44,image_top1,negative_margin,0.09,0.0,0.036845983787767135
eurosat__dofa__full_finetune__deterministic__44,image_top1,negative_margin,0.1,0.0,0.036845983787767135
eurosat__dofa__full_finetune__deterministic__44,image_top1,negative_margin,0.11,0.0,0.036845983787767135
eurosat__dofa__full_finetune__deterministic__44,image_top1,negative_margin,0.12,0.0,0.036845983787767135
eurosat__dofa__full_finetune__deterministic__44,image_top1,negative_margin,0.13,0.0,0.036845983787767135
eurosat__dofa__full_finetune__deterministic__44,image_top1,negative_margin,0.14,0.0,0.036845983787767135
eurosat__dofa__full_finetune__deterministic__44,image_top1,negative_margin,0.15,0.0,0.036845983787767135
eurosat__dofa__full_finetune__deterministic__44,image_top1,negative_margin,0.16,0.0,0.036845983787767135
eurosat__dofa__full_finetune__deterministic__44,image_top1,negative_margin,0.17,0.0,0.036845983787767135
eurosat__dofa__full_finetune__deterministic__44,image_top1,negative_margin,0.18,0.0,0.036845983787767135
eurosat__dofa__full_finetune__deterministic__44,image_top1,negative_margin,0.19,0.0,0.036845983787767135
eurosat__dofa__full_finetune__deterministic__44,image_top1,negative_margin,0.2,0.0,0.036845983787767135
eurosat__dofa__full_finetune__deterministic__44,image_top1,negative_margin,0.21,0.0,0.036845983787767135
eurosat__dofa__full_finetune__deterministic__44,image_top1,negative_margin,0.22,0.0,0.036845983787767135
eurosat__dofa__full_finetune__deterministic__44,image_top1,negative_margin,0.23,0.0,0.036845983787767135
eurosat__dofa__full_finetune__deterministic__44,image_top1,negative_margin,0.24,0.0,0.036845983787767135
eurosat__dofa__full_finetune__deterministic__44,image_top1,negative_margin,0.25,0.0,0.036845983787767135
eurosat__dofa__full_finetune__deterministic__44,image_top1,negative_margin,0.26,0.0,0.036845983787767135
eurosat__dofa__full_finetune__deterministic__44,image_top1,negative_margin,0.27,0.0,0.036845983787767135
eurosat__dofa__full_finetune__deterministic__44,image_top1,negative_margin,0.28,0.0,0.036845983787767135
eurosat__dofa__full_finetune__deterministic__44,image_top1,negative_margin,0.29,0.0,0.036845983787767135
eurosat__dofa__full_finetune__deterministic__44,image_top1,negative_margin,0.3,0.0,0.036845983787767135
eurosat__dofa__full_finetune__deterministic__44,image_top1,negative_margin,0.31,0.0,0.036845983787767135
eurosat__dofa__full_finetune__deterministic__44,image_top1,negative_margin,0.32,0.0,0.036845983787767135
eurosat__dofa__full_finetune__deterministic__44,image_top1,negative_margin,0.33,0.0,0.036845983787767135
eurosat__dofa__full_finetune__deterministic__44,image_top1,negative_margin,0.34,0.0,0.036845983787767135
eurosat__dofa__full_finetune__deterministic__44,image_top1,negative_margin,0.35,0.0,0.036845983787767135
eurosat__dofa__full_finetune__deterministic__44,image_top1,negative_margin,0.36,0.0,0.036845983787767135
eurosat__dofa__full_finetune__deterministic__44,image_top1,negative_margin,0.37,0.0,0.036845983787767135
eurosat__dofa__full_finetune__deterministic__44,image_top1,negative_margin,0.38,0.0,0.036845983787767135
eurosat__dofa__full_finetune__deterministic__44,image_top1,negative_margin,0.39,0.0,0.036845983787767135
eurosat__dofa__full_finetune__deterministic__44,image_top1,negative_margin,0.4,0.0,0.036845983787767135
eurosat__dofa__full_finetune__deterministic__44,image_top1,negative_margin,0.41,0.0,0.036845983787767135
eurosat__dofa__full_finetune__deterministic__44,image_top1,negative_margin,0.42,0.0007720110888864458,0.036845983787767135
eurosat__dofa__full_finetune__deterministic__44,image_top1,negative_margin,0.43,0.0008568833439015612,0.036845983787767135
eurosat__dofa__full_finetune__deterministic__44,image_top1,negative_margin,0.44,0.000837408722449253,0.036845983787767135
eurosat__dofa__full_finetune__deterministic__44,image_top1,negative_margin,0.45,0.0008187996397281585,0.036845983787767135
eurosat__dofa__full_finetune__deterministic__44,image_top1,negative_margin,0.46,0.0008009996475601551,0.036845983787767135
eurosat__dofa__full_finetune__deterministic__44,image_top1,negative_margin,0.47,0.0007839571018673859,0.036845983787767135
eurosat__dofa__full_finetune__deterministic__44,image_top1,negative_margin,0.48,0.0007676246622451486,0.036845983787767135
eurosat__dofa__full_finetune__deterministic__44,image_top1,negative_margin,0.49,0.0007519588528115742,0.036845983787767135
eurosat__dofa__full_finetune__deterministic__44,image_top1,negative_margin,0.5,0.0007369196757553427,0.036845983787767135
eurosat__dofa__full_finetune__deterministic__44,image_top1,negative_margin,0.51,0.0007224702703483751,0.036845983787767135
eurosat__dofa__full_finetune__deterministic__44,image_top1,negative_margin,0.52,0.0007085766113032141,0.036845983787767135
eurosat__dofa__full_finetune__deterministic__44,image_top1,negative_margin,0.53,0.0006952072412786251,0.036845983787767135
eurosat__dofa__full_finetune__deterministic__44,image_top1,negative_margin,0.54,0.0006823330331067987,0.036845983787767135
eurosat__dofa__full_finetune__deterministic__44,image_top1,negative_margin,0.55,0.0006699269779594024,0.036845983787767135
eurosat__dofa__full_finetune__deterministic__44,image_top1,negative_margin,0.56,0.0006579639962101273,0.036845983787767135
eurosat__dofa__full_finetune__deterministic__44,image_top1,negative_margin,0.57,0.000646420768206441,0.036845983787767135
eurosat__dofa__full_finetune__deterministic__44,image_top1,negative_margin,0.58,0.0006352755825477092,0.036845983787767135
eurosat__dofa__full_finetune__deterministic__44,image_top1,negative_margin,0.59,0.0006245081997926633,0.036845983787767135
eurosat__dofa__full_finetune__deterministic__44,image_top1,negative_margin,0.6,0.0006140997297961189,0.036845983787767135
eurosat__dofa__full_finetune__deterministic__44,image_top1,negative_margin,0.61,0.0012080650422218733,0.036845983787767135
eurosat__dofa__full_finetune__deterministic__44,image_top1,negative_margin,0.62,0.0017828701832790547,0.036845983787767135
eurosat__dofa__full_finetune__deterministic__44,image_top1,negative_margin,0.63,0.0017545706565603397,0.036845983787767135
eurosat__dofa__full_finetune__deterministic__44,image_top1,negative_margin,0.64,0.0017271554900515843,0.036845983787767135
eurosat__dofa__full_finetune__deterministic__44,image_top1,negative_margin,0.65,0.0017005838671277137,0.036845983787767135
eurosat__dofa__full_finetune__deterministic__44,image_top1,negative_margin,0.66,0.0016748174448985062,0.036845983787767135
eurosat__dofa__full_finetune__deterministic__44,image_top1,negative_margin,0.67,0.0016498201696015134,0.036845983787767135
eurosat__dofa__full_finetune__deterministic__44,image_top1,negative_margin,0.68,0.001625558108283844,0.036845983787767135
eurosat__dofa__full_finetune__deterministic__44,image_top1,negative_margin,0.69,0.0016019992951203104,0.036845983787767135
eurosat__dofa__full_finetune__deterministic__44,image_top1,negative_margin,0.7,0.0015791135909043058,0.036845983787767135
eurosat__dofa__full_finetune__deterministic__44,image_top1,negative_margin,0.71,0.0015568725544126958,0.036845983787767135
eurosat__dofa__full_finetune__deterministic__44,image_top1,negative_margin,0.72,0.0015352493244902973,0.036845983787767135
eurosat__dofa__full_finetune__deterministic__44,image_top1,negative_margin,0.73,0.0015142185118260465,0.036845983787767135
eurosat__dofa__full_finetune__deterministic__44,image_top1,negative_margin,0.74,0.0014937560995040731,0.036845983787767135
eurosat__dofa__full_finetune__deterministic__44,image_top1,negative_margin,0.75,0.0014738393515106854,0.036845983787767135
eurosat__dofa__full_finetune__deterministic__44,image_top1,negative_margin,0.76,0.0014544467284644922,0.036845983787767135
eurosat__dofa__full_finetune__deterministic__44,image_top1,negative_margin,0.77,0.001435557809913005,0.036845983787767135
eurosat__dofa__full_finetune__deterministic__44,image_top1,negative_margin,0.78,0.0018895376301419043,0.036845983787767135
eurosat__dofa__full_finetune__deterministic__44,image_top1,negative_margin,0.79,0.0018656194322920069,0.036845983787767135
eurosat__dofa__full_finetune__deterministic__44,image_top1,negative_margin,0.8,0.0018422991893883565,0.036845983787767135
eurosat__dofa__full_finetune__deterministic__44,image_top1,negative_margin,0.81,0.0018195547549514632,0.036845983787767135
eurosat__dofa__full_finetune__deterministic__44,image_top1,negative_margin,0.82,0.0029117314017650204,0.036845983787767135
eurosat__dofa__full_finetune__deterministic__44,image_top1,negative_margin,0.83,0.0031074926086068666,0.036845983787767135
eurosat__dofa__full_finetune__deterministic__44,image_top1,negative_margin,0.84,0.00438642664140085,0.036845983787767135
eurosat__dofa__full_finetune__deterministic__44,image_top1,negative_margin,0.85,0.005201785946508301,0.036845983787767135
eurosat__dofa__full_finetune__deterministic__44,image_top1,negative_margin,0.86,0.005569741735360148,0.036845983787767135
eurosat__dofa__full_finetune__deterministic__44,image_top1,negative_margin,0.87,0.005929238770445286,0.036845983787767135
eurosat__dofa__full_finetune__deterministic__44,image_top1,negative_margin,0.88,0.005861861057144771,0.036845983787767135
eurosat__dofa__full_finetune__deterministic__44,image_top1,negative_margin,0.89,0.007451996721121443,0.036845983787767135
eurosat__dofa__full_finetune__deterministic__44,image_top1,negative_margin,0.9,0.007778596577417507,0.036845983787767135
eurosat__dofa__full_finetune__deterministic__44,image_top1,negative_margin,0.91,0.009612347858479125,0.036845983787767135
eurosat__dofa__full_finetune__deterministic__44,image_top1,negative_margin,0.92,0.011213995065842171,0.036845983787767135
eurosat__dofa__full_finetune__deterministic__44,image_top1,negative_margin,0.93,0.0118937250893416,0.036845983787767135
eurosat__dofa__full_finetune__deterministic__44,image_top1,negative_margin,0.94,0.014503206384546639,0.036845983787767135
eurosat__dofa__full_finetune__deterministic__44,image_top1,negative_margin,0.95,0.017181864018927098,0.036845983787767135
eurosat__dofa__full_finetune__deterministic__44,image_top1,negative_margin,0.96,0.020127118644067816,0.036845983787767135
eurosat__dofa__full_finetune__deterministic__44,image_top1,negative_margin,0.97,0.022411474675033616,0.036845983787767135
eurosat__dofa__full_finetune__deterministic__44,image_top1,negative_margin,0.98,0.027446498127622457,0.036845983787767135
eurosat__dofa__full_finetune__deterministic__44,image_top1,negative_margin,0.99,0.030891077317016888,0.036845983787767135
eurosat__dofa__full_finetune__deterministic__44,image_top1,negative_margin,1.0,0.036845983787767135,0.036845983787767135
eurosat__dofa__full_finetune__deterministic__44,image_top1,gini_total,0.01,0.0,0.036845983787767135
eurosat__dofa__full_finetune__deterministic__44,image_top1,gini_total,0.02,0.0,0.036845983787767135
eurosat__dofa__full_finetune__deterministic__44,image_top1,gini_total,0.03,0.0,0.036845983787767135
eurosat__dofa__full_finetune__deterministic__44,image_top1,gini_total,0.04,0.0,0.036845983787767135
eurosat__dofa__full_finetune__deterministic__44,image_top1,gini_total,0.05,0.0,0.036845983787767135
eurosat__dofa__full_finetune__deterministic__44,image_top1,gini_total,0.06,0.0,0.036845983787767135
eurosat__dofa__full_finetune__deterministic__44,image_top1,gini_total,0.07,0.0,0.036845983787767135
eurosat__dofa__full_finetune__deterministic__44,image_top1,gini_total,0.08,0.0,0.036845983787767135
eurosat__dofa__full_finetune__deterministic__44,image_top1,gini_total,0.09,0.0,0.036845983787767135
eurosat__dofa__full_finetune__deterministic__44,image_top1,gini_total,0.1,0.0,0.036845983787767135
eurosat__dofa__full_finetune__deterministic__44,image_top1,gini_total,0.11,0.0,0.036845983787767135
eurosat__dofa__full_finetune__deterministic__44,image_top1,gini_total,0.12,0.0,0.036845983787767135
eurosat__dofa__full_finetune__deterministic__44,image_top1,gini_total,0.13,0.0,0.036845983787767135
eurosat__dofa__full_finetune__deterministic__44,image_top1,gini_total,0.14,0.0,0.036845983787767135
eurosat__dofa__full_finetune__deterministic__44,image_top1,gini_total,0.15,0.0,0.036845983787767135
eurosat__dofa__full_finetune__deterministic__44,image_top1,gini_total,0.16,0.0,0.036845983787767135
eurosat__dofa__full_finetune__deterministic__44,image_top1,gini_total,0.17,0.0,0.036845983787767135
eurosat__dofa__full_finetune__deterministic__44,image_top1,gini_total,0.18,0.0,0.036845983787767135
eurosat__dofa__full_finetune__deterministic__44,image_top1,gini_total,0.19,0.0,0.036845983787767135
eurosat__dofa__full_finetune__deterministic__44,image_top1,gini_total,0.2,0.0,0.036845983787767135
eurosat__dofa__full_finetune__deterministic__44,image_top1,gini_total,0.21,0.0,0.036845983787767135
eurosat__dofa__full_finetune__deterministic__44,image_top1,gini_total,0.22,0.0,0.036845983787767135
eurosat__dofa__full_finetune__deterministic__44,image_top1,gini_total,0.23,0.0,0.036845983787767135
eurosat__dofa__full_finetune__deterministic__44,image_top1,gini_total,0.24,0.0,0.036845983787767135
eurosat__dofa__full_finetune__deterministic__44,image_top1,gini_total,0.25,0.0,0.036845983787767135
eurosat__dofa__full_finetune__deterministic__44,image_top1,gini_total,0.26,0.0,0.036845983787767135
eurosat__dofa__full_finetune__deterministic__44,image_top1,gini_total,0.27,0.0,0.036845983787767135
eurosat__dofa__full_finetune__deterministic__44,image_top1,gini_total,0.28,0.0,0.036845983787767135
eurosat__dofa__full_finetune__deterministic__44,image_top1,gini_total,0.29,0.0,0.036845983787767135
eurosat__dofa__full_finetune__deterministic__44,image_top1,gini_total,0.3,0.0,0.036845983787767135
eurosat__dofa__full_finetune__deterministic__44,image_top1,gini_total,0.31,0.0,0.036845983787767135
eurosat__dofa__full_finetune__deterministic__44,image_top1,gini_total,0.32,0.0,0.036845983787767135
eurosat__dofa__full_finetune__deterministic__44,image_top1,gini_total,0.33,0.0,0.036845983787767135
eurosat__dofa__full_finetune__deterministic__44,image_top1,gini_total,0.34,0.0,0.036845983787767135
eurosat__dofa__full_finetune__deterministic__44,image_top1,gini_total,0.35,0.0,0.036845983787767135
eurosat__dofa__full_finetune__deterministic__44,image_top1,gini_total,0.36,0.0,0.036845983787767135
eurosat__dofa__full_finetune__deterministic__44,image_top1,gini_total,0.37,0.0,0.036845983787767135
eurosat__dofa__full_finetune__deterministic__44,image_top1,gini_total,0.38,0.0,0.036845983787767135
eurosat__dofa__full_finetune__deterministic__44,image_top1,gini_total,0.39,0.0,0.036845983787767135
eurosat__dofa__full_finetune__deterministic__44,image_top1,gini_total,0.4,0.0,0.036845983787767135
eurosat__dofa__full_finetune__deterministic__44,image_top1,gini_total,0.41,0.0,0.036845983787767135
eurosat__dofa__full_finetune__deterministic__44,image_top1,gini_total,0.42,0.00087728532828017,0.036845983787767135
eurosat__dofa__full_finetune__deterministic__44,image_top1,gini_total,0.43,0.0008568833439015612,0.036845983787767135
eurosat__dofa__full_finetune__deterministic__44,image_top1,gini_total,0.44,0.000837408722449253,0.036845983787767135
eurosat__dofa__full_finetune__deterministic__44,image_top1,gini_total,0.45,0.0008187996397281585,0.036845983787767135
eurosat__dofa__full_finetune__deterministic__44,image_top1,gini_total,0.46,0.0008009996475601551,0.036845983787767135
eurosat__dofa__full_finetune__deterministic__44,image_top1,gini_total,0.47,0.0007839571018673859,0.036845983787767135
eurosat__dofa__full_finetune__deterministic__44,image_top1,gini_total,0.48,0.0007676246622451486,0.036845983787767135
eurosat__dofa__full_finetune__deterministic__44,image_top1,gini_total,0.49,0.0007519588528115742,0.036845983787767135
eurosat__dofa__full_finetune__deterministic__44,image_top1,gini_total,0.5,0.0007369196757553427,0.036845983787767135
eurosat__dofa__full_finetune__deterministic__44,image_top1,gini_total,0.51,0.0007224702703483751,0.036845983787767135
eurosat__dofa__full_finetune__deterministic__44,image_top1,gini_total,0.52,0.0007085766113032141,0.036845983787767135
eurosat__dofa__full_finetune__deterministic__44,image_top1,gini_total,0.53,0.0006952072412786251,0.036845983787767135
eurosat__dofa__full_finetune__deterministic__44,image_top1,gini_total,0.54,0.0006823330331067987,0.036845983787767135
eurosat__dofa__full_finetune__deterministic__44,image_top1,gini_total,0.55,0.0006699269779594024,0.036845983787767135
eurosat__dofa__full_finetune__deterministic__44,image_top1,gini_total,0.56,0.0006579639962101273,0.036845983787767135
eurosat__dofa__full_finetune__deterministic__44,image_top1,gini_total,0.57,0.000646420768206441,0.036845983787767135
eurosat__dofa__full_finetune__deterministic__44,image_top1,gini_total,0.58,0.0006352755825477092,0.036845983787767135
eurosat__dofa__full_finetune__deterministic__44,image_top1,gini_total,0.59,0.0006245081997926633,0.036845983787767135
eurosat__dofa__full_finetune__deterministic__44,image_top1,gini_total,0.6,0.0006140997297961189,0.036845983787767135
eurosat__dofa__full_finetune__deterministic__44,image_top1,gini_total,0.61,0.001534242603621757,0.036845983787767135
eurosat__dofa__full_finetune__deterministic__44,image_top1,gini_total,0.62,0.0017828701832790547,0.036845983787767135
eurosat__dofa__full_finetune__deterministic__44,image_top1,gini_total,0.63,0.0017545706565603397,0.036845983787767135
eurosat__dofa__full_finetune__deterministic__44,image_top1,gini_total,0.64,0.0017271554900515843,0.036845983787767135
eurosat__dofa__full_finetune__deterministic__44,image_top1,gini_total,0.65,0.0017005838671277137,0.036845983787767135
eurosat__dofa__full_finetune__deterministic__44,image_top1,gini_total,0.66,0.0016748174448985062,0.036845983787767135
eurosat__dofa__full_finetune__deterministic__44,image_top1,gini_total,0.67,0.0016498201696015134,0.036845983787767135
eurosat__dofa__full_finetune__deterministic__44,image_top1,gini_total,0.68,0.001625558108283844,0.036845983787767135
eurosat__dofa__full_finetune__deterministic__44,image_top1,gini_total,0.69,0.0016019992951203104,0.036845983787767135
eurosat__dofa__full_finetune__deterministic__44,image_top1,gini_total,0.7,0.0015791135909043058,0.036845983787767135
eurosat__dofa__full_finetune__deterministic__44,image_top1,gini_total,0.71,0.0015568725544126958,0.036845983787767135
eurosat__dofa__full_finetune__deterministic__44,image_top1,gini_total,0.72,0.0015352493244902973,0.036845983787767135
eurosat__dofa__full_finetune__deterministic__44,image_top1,gini_total,0.73,0.0015142185118260465,0.036845983787767135
eurosat__dofa__full_finetune__deterministic__44,image_top1,gini_total,0.74,0.0014937560995040731,0.036845983787767135
eurosat__dofa__full_finetune__deterministic__44,image_top1,gini_total,0.75,0.0014738393515106854,0.036845983787767135
eurosat__dofa__full_finetune__deterministic__44,image_top1,gini_total,0.76,0.0014544467284644922,0.036845983787767135
eurosat__dofa__full_finetune__deterministic__44,image_top1,gini_total,0.77,0.001435557809913005,0.036845983787767135
eurosat__dofa__full_finetune__deterministic__44,image_top1,gini_total,0.78,0.0018895376301419043,0.036845983787767135
eurosat__dofa__full_finetune__deterministic__44,image_top1,gini_total,0.79,0.0018656194322920069,0.036845983787767135
eurosat__dofa__full_finetune__deterministic__44,image_top1,gini_total,0.8,0.0018422991893883565,0.036845983787767135
eurosat__dofa__full_finetune__deterministic__44,image_top1,gini_total,0.81,0.0018195547549514632,0.036845983787767135
eurosat__dofa__full_finetune__deterministic__44,image_top1,gini_total,0.82,0.0026960475942268635,0.036845983787767135
eurosat__dofa__full_finetune__deterministic__44,image_top1,gini_total,0.83,0.0035514201241221336,0.036845983787767135
eurosat__dofa__full_finetune__deterministic__44,image_top1,gini_total,0.84,0.00438642664140085,0.036845983787767135
eurosat__dofa__full_finetune__deterministic__44,image_top1,gini_total,0.85,0.005201785946508301,0.036845983787767135
eurosat__dofa__full_finetune__deterministic__44,image_top1,gini_total,0.86,0.005569741735360148,0.036845983787767135
eurosat__dofa__full_finetune__deterministic__44,image_top1,gini_total,0.87,0.005929238770445286,0.036845983787767135
eurosat__dofa__full_finetune__deterministic__44,image_top1,gini_total,0.88,0.006280565418369397,0.036845983787767135
eurosat__dofa__full_finetune__deterministic__44,image_top1,gini_total,0.89,0.007451996721121443,0.036845983787767135
eurosat__dofa__full_finetune__deterministic__44,image_top1,gini_total,0.9,0.008187996397281586,0.036845983787767135
eurosat__dofa__full_finetune__deterministic__44,image_top1,gini_total,0.91,0.010122523018617343,0.036845983787767135
eurosat__dofa__full_finetune__deterministic__44,image_top1,gini_total,0.92,0.011213995065842171,0.036845983787767135
eurosat__dofa__full_finetune__deterministic__44,image_top1,gini_total,0.93,0.011489607847798353,0.036845983787767135
eurosat__dofa__full_finetune__deterministic__44,image_top1,gini_total,0.94,0.014173944401762279,0.036845983787767135
eurosat__dofa__full_finetune__deterministic__44,image_top1,gini_total,0.95,0.017453360741573908,0.036845983787767135
eurosat__dofa__full_finetune__deterministic__44,image_top1,gini_total,0.96,0.020127118644067816,0.036845983787767135
eurosat__dofa__full_finetune__deterministic__44,image_top1,gini_total,0.97,0.022411474675033616,0.036845983787767135
eurosat__dofa__full_finetune__deterministic__44,image_top1,gini_total,0.98,0.025837306182605616,0.036845983787767135
eurosat__dofa__full_finetune__deterministic__44,image_top1,gini_total,0.99,0.03200762228028256,0.036845983787767135
eurosat__dofa__full_finetune__deterministic__44,image_top1,gini_total,1.0,0.036845983787767135,0.036845983787767135
