task,dataset,model,adaptation,method,seed,member_seeds,representative_prediction_path,path_exists,sample_count_from_manifest,source
classification,eurosat,dofa,frozen,deep_ensemble,,"[42, 43, 44]",research_data/artifacts/classification/deep_ensemble/eurosat/dofa/frozen/ensemble_probabilities.npz,True,2714,research_data/manifest.parquet
classification,eurosat,dofa,full_finetune,deep_ensemble,,"[42, 43, 44]",research_data/artifacts/classification/deep_ensemble/eurosat/dofa/full_finetune/ensemble_probabilities.npz,True,2714,research_data/manifest.parquet
classification,eurosat,panopticon,frozen,deep_ensemble,,"[42, 43, 44]",research_data/artifacts/classification/deep_ensemble/eurosat/panopticon/frozen/ensemble_probabilities.npz,True,2714,research_data/manifest.parquet
classification,eurosat,panopticon,full_finetune,deep_ensemble,,"[42, 43, 44]",research_data/artifacts/classification/deep_ensemble/eurosat/panopticon/full_finetune/ensemble_probabilities.npz,True,2714,research_data/manifest.parquet
classification,treesatai,dofa,frozen,deep_ensemble,,"[42, 43, 44]",research_data/artifacts/classification/deep_ensemble/treesatai/dofa/frozen/ensemble_probabilities.npz,True,2000,research_data/manifest.parquet
classification,treesatai,dofa,full_finetune,deep_ensemble,,"[42, 43, 44]",research_data/artifacts/classification/deep_ensemble/treesatai/dofa/full_finetune/ensemble_probabilities.npz,True,2000,research_data/manifest.parquet
classification,treesatai,panopticon,frozen,deep_ensemble,,"[42, 43, 44]",research_data/artifacts/classification/deep_ensemble/treesatai/panopticon/frozen/ensemble_probabilities.npz,True,2000,research_data/manifest.parquet
classification,treesatai,panopticon,full_finetune,deep_ensemble,,"[42, 43, 44]",research_data/artifacts/classification/deep_ensemble/treesatai/panopticon/full_finetune/ensemble_probabilities.npz,True,2000,research_data/manifest.parquet
classification,eurosat,dofa,frozen,deterministic,42,[],research_data/artifacts/classification/deterministic/eurosat/dofa/frozen/seed42/predictions.parquet,True,2714,research_data/manifest.parquet
classification,eurosat,dofa,frozen,deterministic,43,[],research_data/artifacts/classification/deterministic/eurosat/dofa/frozen/seed43/predictions.parquet,True,2714,research_data/manifest.parquet
classification,eurosat,dofa,frozen,deterministic,44,[],research_data/artifacts/classification/deterministic/eurosat/dofa/frozen/seed44/predictions.parquet,True,2714,research_data/manifest.parquet
classification,eurosat,dofa,full_finetune,deterministic,42,[],research_data/artifacts/classification/deterministic/eurosat/dofa/full_finetune/seed42/predictions.parquet,True,2714,research_data/manifest.parquet
classification,eurosat,dofa,full_finetune,deterministic,43,[],research_data/artifacts/classification/deterministic/eurosat/dofa/full_finetune/seed43/predictions.parquet,True,2714,research_data/manifest.parquet
classification,eurosat,dofa,full_finetune,deterministic,44,[],research_data/artifacts/classification/deterministic/eurosat/dofa/full_finetune/seed44/predictions.parquet,True,2714,research_data/manifest.parquet
classification,eurosat,panopticon,frozen,deterministic,42,[],research_data/artifacts/classification/deterministic/eurosat/panopticon/frozen/seed42/predictions.parquet,True,2714,research_data/manifest.parquet
classification,eurosat,panopticon,frozen,deterministic,43,[],research_data/artifacts/classification/deterministic/eurosat/panopticon/frozen/seed43/predictions.parquet,True,2714,research_data/manifest.parquet
classification,eurosat,panopticon,frozen,deterministic,44,[],research_data/artifacts/classification/deterministic/eurosat/panopticon/frozen/seed44/predictions.parquet,True,2714,research_data/manifest.parquet
classification,eurosat,panopticon,full_finetune,deterministic,42,[],research_data/artifacts/classification/deterministic/eurosat/panopticon/full_finetune/seed42/predictions.parquet,True,2714,research_data/manifest.parquet
classification,eurosat,panopticon,full_finetune,deterministic,43,[],research_data/artifacts/classification/deterministic/eurosat/panopticon/full_finetune/seed43/predictions.parquet,True,2714,research_data/manifest.parquet
classification,eurosat,panopticon,full_finetune,deterministic,44,[],research_data/artifacts/classification/deterministic/eurosat/panopticon/full_finetune/seed44/predictions.parquet,True,2714,research_data/manifest.parquet
classification,treesatai,dofa,frozen,deterministic,42,[],research_data/artifacts/classification/deterministic/treesatai/dofa/frozen/seed42/predictions.parquet,True,2000,research_data/manifest.parquet
classification,treesatai,dofa,frozen,deterministic,43,[],research_data/artifacts/classification/deterministic/treesatai/dofa/frozen/seed43/predictions.parquet,True,2000,research_data/manifest.parquet
classification,treesatai,dofa,frozen,deterministic,44,[],research_data/artifacts/classification/deterministic/treesatai/dofa/frozen/seed44/predictions.parquet,True,2000,research_data/manifest.parquet
classification,treesatai,dofa,full_finetune,deterministic,42,[],research_data/artifacts/classification/deterministic/treesatai/dofa/full_finetune/seed42/predictions.parquet,True,2000,research_data/manifest.parquet
classification,treesatai,dofa,full_finetune,deterministic,43,[],research_data/artifacts/classification/deterministic/treesatai/dofa/full_finetune/seed43/predictions.parquet,True,2000,research_data/manifest.parquet
classification,treesatai,dofa,full_finetune,deterministic,44,[],research_data/artifacts/classification/deterministic/treesatai/dofa/full_finetune/seed44/predictions.parquet,True,2000,research_data/manifest.parquet
classification,treesatai,panopticon,frozen,deterministic,42,[],research_data/artifacts/classification/deterministic/treesatai/panopticon/frozen/seed42/predictions.parquet,True,2000,research_data/manifest.parquet
classification,treesatai,panopticon,frozen,deterministic,43,[],research_data/artifacts/classification/deterministic/treesatai/panopticon/frozen/seed43/predictions.parquet,True,2000,research_data/manifest.parquet
classification,treesatai,panopticon,frozen,deterministic,44,[],research_data/artifacts/classification/deterministic/treesatai/panopticon/frozen/seed44/predictions.parquet,True,2000,research_data/manifest.parquet
classification,treesatai,panopticon,full_finetune,deterministic,42,[],research_data/artifacts/classification/deterministic/treesatai/panopticon/full_finetune/seed42/predictions.parquet,True,2000,research_data/manifest.parquet
classification,treesatai,panopticon,full_finetune,deterministic,43,[],research_data/artifacts/classification/deterministic/treesatai/panopticon/full_finetune/seed43/predictions.parquet,True,2000,research_data/manifest.parquet
classification,treesatai,panopticon,full_finetune,deterministic,44,[],research_data/artifacts/classification/deterministic/treesatai/panopticon/full_finetune/seed44/predictions.parquet,True,2000,research_data/manifest.parquet
classification,eurosat,dofa,frozen,mc_dropout,42,[],research_data/artifacts/classification/mc_dropout/eurosat/dofa/frozen/seed42/uncertainty_summaries.npz,True,2714,research_data/manifest.parquet
classification,eurosat,dofa,frozen,mc_dropout,43,[],research_data/artifacts/classification/mc_dropout/eurosat/dofa/frozen/seed43/uncertainty_summaries.npz,True,2714,research_data/manifest.parquet
classification,eurosat,dofa,frozen,mc_dropout,44,[],research_data/artifacts/classification/mc_dropout/eurosat/dofa/frozen/seed44/uncertainty_summaries.npz,True,2714,research_data/manifest.parquet
classification,eurosat,dofa,full_finetune,mc_dropout,42,[],research_data/artifacts/classification/mc_dropout/eurosat/dofa/full_finetune/seed42/uncertainty_summaries.npz,True,2714,research_data/manifest.parquet
classification,eurosat,panopticon,frozen,mc_dropout,42,[],research_data/artifacts/classification/mc_dropout/eurosat/panopticon/frozen/seed42/uncertainty_summaries.npz,True,2714,research_data/manifest.parquet
classification,eurosat,panopticon,full_finetune,mc_dropout,42,[],research_data/artifacts/classification/mc_dropout/eurosat/panopticon/full_finetune/seed42/uncertainty_summaries.npz,True,2714,research_data/manifest.parquet
classification,treesatai,dofa,frozen,mc_dropout,42,[],research_data/artifacts/classification/mc_dropout/treesatai/dofa/frozen/seed42/uncertainty_summaries.npz,True,2000,research_data/manifest.parquet
classification,treesatai,dofa,full_finetune,mc_dropout,42,[],research_data/artifacts/classification/mc_dropout/treesatai/dofa/full_finetune/seed42/uncertainty_summaries.npz,True,2000,research_data/manifest.parquet
classification,treesatai,panopticon,frozen,mc_dropout,42,[],research_data/artifacts/classification/mc_dropout/treesatai/panopticon/frozen/seed42/uncertainty_summaries.npz,True,2000,research_data/manifest.parquet
classification,treesatai,panopticon,full_finetune,mc_dropout,42,[],research_data/artifacts/classification/mc_dropout/treesatai/panopticon/full_finetune/seed42/uncertainty_summaries.npz,True,2000,research_data/manifest.parquet
classification,treesatai,panopticon,full_finetune,mc_dropout,43,[],research_data/artifacts/classification/mc_dropout/treesatai/panopticon/full_finetune/seed43/uncertainty_summaries.npz,True,2000,research_data/manifest.parquet
classification,treesatai,panopticon,full_finetune,mc_dropout,44,[],research_data/artifacts/classification/mc_dropout/treesatai/panopticon/full_finetune/seed44/uncertainty_summaries.npz,True,2000,research_data/manifest.parquet
classification,eurosat,dofa,frozen,temperature_scaling,42,[],research_data/artifacts/classification/temperature_scaling/eurosat/dofa/frozen/seed42/test_predictions.parquet,True,2714,research_data/manifest.parquet
classification,eurosat,dofa,frozen,temperature_scaling,43,[],research_data/artifacts/classification/temperature_scaling/eurosat/dofa/frozen/seed43/test_predictions.parquet,True,2714,research_data/manifest.parquet
classification,eurosat,dofa,frozen,temperature_scaling,44,[],research_data/artifacts/classification/temperature_scaling/eurosat/dofa/frozen/seed44/test_predictions.parquet,True,2714,research_data/manifest.parquet
classification,eurosat,dofa,full_finetune,temperature_scaling,42,[],research_data/artifacts/classification/temperature_scaling/eurosat/dofa/full_finetune/seed42/test_predictions.parquet,True,2714,research_data/manifest.parquet
classification,eurosat,dofa,full_finetune,temperature_scaling,43,[],research_data/artifacts/classification/temperature_scaling/eurosat/dofa/full_finetune/seed43/test_predictions.parquet,True,2714,research_data/manifest.parquet
classification,eurosat,dofa,full_finetune,temperature_scaling,44,[],research_data/artifacts/classification/temperature_scaling/eurosat/dofa/full_finetune/seed44/test_predictions.parquet,True,2714,research_data/manifest.parquet
classification,eurosat,panopticon,frozen,temperature_scaling,42,[],research_data/artifacts/classification/temperature_scaling/eurosat/panopticon/frozen/seed42/test_predictions.parquet,True,2714,research_data/manifest.parquet
classification,eurosat,panopticon,frozen,temperature_scaling,43,[],research_data/artifacts/classification/temperature_scaling/eurosat/panopticon/frozen/seed43/test_predictions.parquet,True,2714,research_data/manifest.parquet
classification,eurosat,panopticon,frozen,temperature_scaling,44,[],research_data/artifacts/classification/temperature_scaling/eurosat/panopticon/frozen/seed44/test_predictions.parquet,True,2714,research_data/manifest.parquet
classification,eurosat,panopticon,full_finetune,temperature_scaling,42,[],research_data/artifacts/classification/temperature_scaling/eurosat/panopticon/full_finetune/seed42/test_predictions.parquet,True,2714,research_data/manifest.parquet
classification,eurosat,panopticon,full_finetune,temperature_scaling,43,[],research_data/artifacts/classification/temperature_scaling/eurosat/panopticon/full_finetune/seed43/test_predictions.parquet,True,2714,research_data/manifest.parquet
classification,eurosat,panopticon,full_finetune,temperature_scaling,44,[],research_data/artifacts/classification/temperature_scaling/eurosat/panopticon/full_finetune/seed44/test_predictions.parquet,True,2714,research_data/manifest.parquet
segmentation,cloudsen12,dofa,frozen,deep_ensemble,,"[42, 43, 44]",research_data/artifacts/segmentation/deep_ensemble/cloudsen12/dofa/frozen/ensemble_predictions.npz,True,975,research_data/manifest.parquet
segmentation,cloudsen12,dofa,full_finetune,deep_ensemble,,"[42, 43, 44]",research_data/artifacts/segmentation/deep_ensemble/cloudsen12/dofa/full_finetune/ensemble_predictions.npz,True,975,research_data/manifest.parquet
segmentation,cloudsen12,panopticon,frozen,deep_ensemble,,"[42, 43, 44]",research_data/artifacts/segmentation/deep_ensemble/cloudsen12/panopticon/frozen/ensemble_predictions.npz,True,975,research_data/manifest.parquet
segmentation,cloudsen12,panopticon,full_finetune,deep_ensemble,,"[42, 43, 44]",research_data/artifacts/segmentation/deep_ensemble/cloudsen12/panopticon/full_finetune/ensemble_predictions.npz,True,975,research_data/manifest.parquet
segmentation,spacenet7,dofa,frozen,deep_ensemble,,"[42, 43, 44]",research_data/artifacts/segmentation/deep_ensemble/spacenet7/dofa/frozen/ensemble_predictions.npz,True,1152,research_data/manifest.parquet
segmentation,spacenet7,dofa,full_finetune,deep_ensemble,,"[42, 43, 44]",research_data/artifacts/segmentation/deep_ensemble/spacenet7/dofa/full_finetune/ensemble_predictions.npz,True,1152,research_data/manifest.parquet
segmentation,spacenet7,panopticon,frozen,deep_ensemble,,"[42, 43, 44]",research_data/artifacts/segmentation/deep_ensemble/spacenet7/panopticon/frozen/ensemble_predictions.npz,True,1152,research_data/manifest.parquet
segmentation,spacenet7,panopticon,full_finetune,deep_ensemble,,"[42, 43, 44]",research_data/artifacts/segmentation/deep_ensemble/spacenet7/panopticon/full_finetune/ensemble_predictions.npz,True,1152,research_data/manifest.parquet
segmentation,cloudsen12,dofa,frozen,deterministic,42,[],research_data/artifacts/segmentation/deterministic/cloudsen12/dofa/frozen/seed42/predictions.npz,True,975,research_data/manifest.parquet
segmentation,cloudsen12,dofa,full_finetune,deterministic,42,[],research_data/artifacts/segmentation/deterministic/cloudsen12/dofa/full_finetune/seed42/predictions.npz,True,975,research_data/manifest.parquet
segmentation,cloudsen12,panopticon,frozen,deterministic,42,[],research_data/artifacts/segmentation/deterministic/cloudsen12/panopticon/frozen/seed42/predictions.npz,True,975,research_data/manifest.parquet
segmentation,cloudsen12,panopticon,full_finetune,deterministic,42,[],research_data/artifacts/segmentation/deterministic/cloudsen12/panopticon/full_finetune/seed42/predictions.npz,True,975,research_data/manifest.parquet
segmentation,spacenet7,dofa,frozen,deterministic,42,[],research_data/artifacts/segmentation/deterministic/spacenet7/dofa/frozen/seed42/predictions.npz,True,1152,research_data/manifest.parquet
segmentation,spacenet7,dofa,full_finetune,deterministic,42,[],research_data/artifacts/segmentation/deterministic/spacenet7/dofa/full_finetune/seed42/predictions.npz,True,1152,research_data/manifest.parquet
segmentation,spacenet7,panopticon,frozen,deterministic,42,[],research_data/artifacts/segmentation/deterministic/spacenet7/panopticon/frozen/seed42/predictions.npz,True,1152,research_data/manifest.parquet
segmentation,spacenet7,panopticon,full_finetune,deterministic,42,[],research_data/artifacts/segmentation/deterministic/spacenet7/panopticon/full_finetune/seed42/predictions.npz,True,1152,research_data/manifest.parquet
segmentation,cloudsen12,dofa,frozen,mc_dropout,42,[],research_data/artifacts/segmentation/mc_dropout/cloudsen12/dofa/frozen/seed42/aggregate_uncertainty_maps.npz,True,975,research_data/manifest.parquet
segmentation,cloudsen12,dofa,full_finetune,mc_dropout,42,[],research_data/artifacts/segmentation/mc_dropout/cloudsen12/dofa/full_finetune/seed42/aggregate_uncertainty_maps.npz,True,975,research_data/manifest.parquet
segmentation,cloudsen12,panopticon,frozen,mc_dropout,42,[],research_data/artifacts/segmentation/mc_dropout/cloudsen12/panopticon/frozen/seed42/aggregate_uncertainty_maps.npz,True,975,research_data/manifest.parquet
segmentation,cloudsen12,panopticon,full_finetune,mc_dropout,42,[],research_data/artifacts/segmentation/mc_dropout/cloudsen12/panopticon/full_finetune/seed42/aggregate_uncertainty_maps.npz,True,975,research_data/manifest.parquet
segmentation,spacenet7,dofa,frozen,mc_dropout,42,[],research_data/artifacts/segmentation/mc_dropout/spacenet7/dofa/frozen/seed42/aggregate_uncertainty_maps.npz,True,1152,research_data/manifest.parquet
segmentation,spacenet7,dofa,full_finetune,mc_dropout,42,[],research_data/artifacts/segmentation/mc_dropout/spacenet7/dofa/full_finetune/seed42/aggregate_uncertainty_maps.npz,True,1152,research_data/manifest.parquet
segmentation,spacenet7,panopticon,frozen,mc_dropout,42,[],research_data/artifacts/segmentation/mc_dropout/spacenet7/panopticon/frozen/seed42/aggregate_uncertainty_maps.npz,True,1152,research_data/manifest.parquet
segmentation,spacenet7,panopticon,full_finetune,mc_dropout,42,[],research_data/artifacts/segmentation/mc_dropout/spacenet7/panopticon/full_finetune/seed42/aggregate_uncertainty_maps.npz,True,1152,research_data/manifest.parquet
classification,eurosat,dofa,frozen,mc_dropout_off,42,[],reports/core_rq_audit_20260918/classification_dropout_off/eurosat/dofa/frozen/seed42/predictions.parquet,True,2714,reports/core_rq_completion_20260921/mc_dropout_three_way.csv
classification,eurosat,dofa,frozen,mc_dropout_off,43,[],reports/core_rq_audit_20260918/classification_dropout_off/eurosat/dofa/frozen/seed43/predictions.parquet,True,2714,reports/core_rq_completion_20260921/mc_dropout_three_way.csv
classification,eurosat,dofa,frozen,mc_dropout_off,44,[],reports/core_rq_audit_20260918/classification_dropout_off/eurosat/dofa/frozen/seed44/predictions.parquet,True,2714,reports/core_rq_completion_20260921/mc_dropout_three_way.csv
classification,eurosat,dofa,full_finetune,mc_dropout_off,42,[],reports/core_rq_audit_20260918/classification_dropout_off/eurosat/dofa/full_finetune/seed42/predictions.parquet,True,2714,reports/core_rq_completion_20260921/mc_dropout_three_way.csv
classification,eurosat,panopticon,frozen,mc_dropout_off,42,[],reports/core_rq_audit_20260918/classification_dropout_off/eurosat/panopticon/frozen/seed42/predictions.parquet,True,2714,reports/core_rq_completion_20260921/mc_dropout_three_way.csv
classification,eurosat,panopticon,full_finetune,mc_dropout_off,42,[],reports/core_rq_audit_20260918/classification_dropout_off/eurosat/panopticon/full_finetune/seed42/predictions.parquet,True,2714,reports/core_rq_completion_20260921/mc_dropout_three_way.csv
classification,treesatai,dofa,frozen,mc_dropout_off,42,[],reports/core_rq_audit_20260918/classification_dropout_off/treesatai/dofa/frozen/seed42/predictions.parquet,True,2000,reports/core_rq_completion_20260921/mc_dropout_three_way.csv
classification,treesatai,dofa,full_finetune,mc_dropout_off,42,[],reports/core_rq_audit_20260918/classification_dropout_off/treesatai/dofa/full_finetune/seed42/predictions.parquet,True,2000,reports/core_rq_completion_20260921/mc_dropout_three_way.csv
classification,treesatai,panopticon,frozen,mc_dropout_off,42,[],reports/core_rq_audit_20260918/classification_dropout_off/treesatai/panopticon/frozen/seed42/predictions.parquet,True,2000,reports/core_rq_completion_20260921/mc_dropout_three_way.csv
classification,treesatai,panopticon,full_finetune,mc_dropout_off,42,[],reports/core_rq_audit_20260918/classification_dropout_off/treesatai/panopticon/full_finetune/seed42/predictions.parquet,True,2000,reports/core_rq_completion_20260921/mc_dropout_three_way.csv
classification,treesatai,panopticon,full_finetune,mc_dropout_off,43,[],reports/core_rq_audit_20260918/classification_dropout_off/treesatai/panopticon/full_finetune/seed43/predictions.parquet,True,2000,reports/core_rq_completion_20260921/mc_dropout_three_way.csv
classification,treesatai,panopticon,full_finetune,mc_dropout_off,44,[],reports/core_rq_audit_20260918/classification_dropout_off/treesatai/panopticon/full_finetune/seed44/predictions.parquet,True,2000,reports/core_rq_completion_20260921/mc_dropout_three_way.csv
segmentation,cloudsen12,dofa,frozen,mc_dropout_off,42,[],results/final_thesis/core_rq_completion_20260921/segmentation/cloudsen12/dofa/frozen/seed42/predictions.npz,True,975,reports/core_rq_completion_20260921/mc_dropout_three_way.csv
segmentation,cloudsen12,dofa,full_finetune,mc_dropout_off,42,[],results/final_thesis/core_rq_completion_20260921/segmentation/cloudsen12/dofa/full_finetune/seed42/predictions.npz,True,975,reports/core_rq_completion_20260921/mc_dropout_three_way.csv
segmentation,cloudsen12,panopticon,frozen,mc_dropout_off,42,[],results/final_thesis/core_rq_completion_20260921/segmentation/cloudsen12/panopticon/frozen/seed42/predictions.npz,True,975,reports/core_rq_completion_20260921/mc_dropout_three_way.csv
segmentation,cloudsen12,panopticon,full_finetune,mc_dropout_off,42,[],results/final_thesis/core_rq_completion_20260921/segmentation/cloudsen12/panopticon/full_finetune/seed42/predictions.npz,True,975,reports/core_rq_completion_20260921/mc_dropout_three_way.csv
segmentation,spacenet7,dofa,frozen,mc_dropout_off,42,[],results/final_thesis/core_rq_completion_20260921/segmentation/spacenet7/dofa/frozen/seed42/predictions.npz,True,1152,reports/core_rq_completion_20260921/mc_dropout_three_way.csv
segmentation,spacenet7,dofa,full_finetune,mc_dropout_off,42,[],results/final_thesis/core_rq_completion_20260921/segmentation/spacenet7/dofa/full_finetune/seed42/predictions.npz,True,1152,reports/core_rq_completion_20260921/mc_dropout_three_way.csv
segmentation,spacenet7,panopticon,frozen,mc_dropout_off,42,[],results/final_thesis/core_rq_completion_20260921/segmentation/spacenet7/panopticon/frozen/seed42/predictions.npz,True,1152,reports/core_rq_completion_20260921/mc_dropout_three_way.csv
segmentation,spacenet7,panopticon,full_finetune,mc_dropout_off,42,[],results/final_thesis/core_rq_completion_20260921/segmentation/spacenet7/panopticon/full_finetune/seed42/predictions.npz,True,1152,reports/core_rq_completion_20260921/mc_dropout_three_way.csv
