measure,mean,mean_correct,mean_wrong,spearman_error,spearman_confidence,object_id,task,dataset,model,adaptation,method,seed,scope,label,mean_log_odds,mean_abs_log_odds,spearman_abs_log_odds_error
centered_logit_norm,15.467029083408184,15.495110951792345,13.838280717126736,-0.0575842189873811,0.661541102969433,eurosat__dofa__frozen__deterministic__42,classification,eurosat,dofa,frozen,deterministic,42,exploratory_fixed_predictions,,,,
top1_top2_logit_margin,8.638284136962582,8.750827017813402,2.1107970476150517,-0.1941176591856172,0.9963531700892404,eurosat__dofa__frozen__deterministic__42,classification,eurosat,dofa,frozen,deterministic,42,exploratory_fixed_predictions,,,,
centered_logit_norm,16.832747701946168,16.858886980202758,15.209072999077693,-0.0512342399992211,0.6579481080648802,eurosat__dofa__frozen__deterministic__43,classification,eurosat,dofa,frozen,deterministic,43,exploratory_fixed_predictions,,,,
top1_top2_logit_margin,9.527095365223412,9.64974036433419,1.908844373946966,-0.1962048994655366,0.9971396681842888,eurosat__dofa__frozen__deterministic__43,classification,eurosat,dofa,frozen,deterministic,43,exploratory_fixed_predictions,,,,
centered_logit_norm,16.34224084562382,16.37788657543272,14.274788516707838,-0.070908198034319,0.6659540482561319,eurosat__dofa__frozen__deterministic__44,classification,eurosat,dofa,frozen,deterministic,44,exploratory_fixed_predictions,,,,
top1_top2_logit_margin,9.187290130547874,9.313317905341776,1.8776791925015657,-0.2010656570096562,0.9968745406681452,eurosat__dofa__frozen__deterministic__44,classification,eurosat,dofa,frozen,deterministic,44,exploratory_fixed_predictions,,,,
centered_logit_norm,13.537613576400714,13.635723532462482,10.265211877378578,-0.1775615278540117,0.7543796245617433,eurosat__dofa__full_finetune__deterministic__42,classification,eurosat,dofa,full_finetune,deterministic,42,exploratory_fixed_predictions,,,,
top1_top2_logit_margin,7.836902174394503,8.024692070519505,1.573277158073232,-0.2644168819993786,0.994371338909828,eurosat__dofa__full_finetune__deterministic__42,classification,eurosat,dofa,full_finetune,deterministic,42,exploratory_fixed_predictions,,,,
centered_logit_norm,17.45749428629443,17.696372267802982,11.63735505458608,-0.2088624199181246,0.8425615783415012,eurosat__dofa__full_finetune__deterministic__43,classification,eurosat,dofa,full_finetune,deterministic,43,exploratory_fixed_predictions,,,,
top1_top2_logit_margin,9.091187034469364,9.390296115310978,1.8035480274218263,-0.2971701726789209,0.9975947236531756,eurosat__dofa__full_finetune__deterministic__43,classification,eurosat,dofa,full_finetune,deterministic,43,exploratory_fixed_predictions,,,,
centered_logit_norm,20.284357966073912,20.547148881997416,13.41500342383363,-0.189842292950827,0.8328407094525265,eurosat__dofa__full_finetune__deterministic__44,classification,eurosat,dofa,full_finetune,deterministic,44,exploratory_fixed_predictions,,,,
top1_top2_logit_margin,11.046906777542954,11.384705479454189,2.2168487095832825,-0.2929144452450356,0.9963680562108784,eurosat__dofa__full_finetune__deterministic__44,classification,eurosat,dofa,full_finetune,deterministic,44,exploratory_fixed_predictions,,,,
centered_logit_norm,17.1670824828013,17.215001856394135,14.259247767054047,-0.1163385822787348,0.6772421985261353,eurosat__panopticon__frozen__deterministic__42,classification,eurosat,panopticon,frozen,deterministic,42,exploratory_fixed_predictions,,,,
top1_top2_logit_margin,10.177102921547077,10.306632298475291,2.3170248215848748,-0.1998844384748687,0.996663687255696,eurosat__panopticon__frozen__deterministic__42,classification,eurosat,panopticon,frozen,deterministic,42,exploratory_fixed_predictions,,,,
centered_logit_norm,15.304339076045538,15.34792527061567,12.77633979097783,-0.1224662039116003,0.670120041507582,eurosat__panopticon__frozen__deterministic__43,classification,eurosat,panopticon,frozen,deterministic,43,exploratory_fixed_predictions,,,,
top1_top2_logit_margin,9.134363130124816,9.261502684106578,1.7602689991826597,-0.2100102478109229,0.995315421512237,eurosat__panopticon__frozen__deterministic__43,classification,eurosat,panopticon,frozen,deterministic,43,exploratory_fixed_predictions,,,,
centered_logit_norm,16.570509777282236,16.616277147393905,13.916002310805492,-0.1150190578432543,0.672760744426539,eurosat__panopticon__frozen__deterministic__44,classification,eurosat,panopticon,frozen,deterministic,44,exploratory_fixed_predictions,,,,
top1_top2_logit_margin,9.879113167720622,10.009350878320568,2.325325952923816,-0.2048038037151958,0.9960207462843016,eurosat__panopticon__frozen__deterministic__44,classification,eurosat,panopticon,frozen,deterministic,44,exploratory_fixed_predictions,,,,
centered_logit_norm,12.752261942146053,12.79417917718004,11.486554167039348,-0.073390895731128,0.7399480030906316,eurosat__panopticon__full_finetune__deterministic__42,classification,eurosat,panopticon,full_finetune,deterministic,42,exploratory_fixed_predictions,,,,
top1_top2_logit_margin,7.93305609068681,8.130351007385494,1.975656709451785,-0.2618681460111909,0.9954529604500356,eurosat__panopticon__full_finetune__deterministic__42,classification,eurosat,panopticon,full_finetune,deterministic,42,exploratory_fixed_predictions,,,,
centered_logit_norm,12.766748834974436,12.850680508427953,10.40131962936512,-0.178788190938589,0.7987199218668195,eurosat__panopticon__full_finetune__deterministic__43,classification,eurosat,panopticon,full_finetune,deterministic,43,exploratory_fixed_predictions,,,,
top1_top2_logit_margin,7.822673650836268,8.051900683105552,1.3624150317202333,-0.2933880178229133,0.9954883263554204,eurosat__panopticon__full_finetune__deterministic__43,classification,eurosat,panopticon,full_finetune,deterministic,43,exploratory_fixed_predictions,,,,
centered_logit_norm,16.37092905967572,16.562630700458417,12.366838336875844,-0.2042784638442858,0.791980214233358,eurosat__panopticon__full_finetune__deterministic__44,classification,eurosat,panopticon,full_finetune,deterministic,44,exploratory_fixed_predictions,,,,
top1_top2_logit_margin,8.892304168123266,9.21703819155578,2.1095531948151125,-0.3058467458046373,0.9971936597163285,eurosat__panopticon__full_finetune__deterministic__44,classification,eurosat,panopticon,full_finetune,deterministic,44,exploratory_fixed_predictions,,,,
,,,,,,treesatai__dofa__frozen__deterministic__42,classification,treesatai,dofa,frozen,deterministic,42,exploratory_fixed_predictions,Abies,-5.082741800963879,5.082741800963879,-0.1713867987708318
,,,,,,treesatai__dofa__frozen__deterministic__42,classification,treesatai,dofa,frozen,deterministic,42,exploratory_fixed_predictions,Acer,-2.87850918276608,2.8803757249712945,-0.211549985067616
,,,,,,treesatai__dofa__frozen__deterministic__42,classification,treesatai,dofa,frozen,deterministic,42,exploratory_fixed_predictions,Alnus,-3.154877947019413,3.1561825544666497,-0.1793978762930706
,,,,,,treesatai__dofa__frozen__deterministic__42,classification,treesatai,dofa,frozen,deterministic,42,exploratory_fixed_predictions,Betula,-2.496945531637408,2.4990420500645416,-0.1728434826454301
,,,,,,treesatai__dofa__frozen__deterministic__42,classification,treesatai,dofa,frozen,deterministic,42,exploratory_fixed_predictions,Cleared,-2.530066476339009,2.755173684168607,-0.3357112042931764
,,,,,,treesatai__dofa__frozen__deterministic__42,classification,treesatai,dofa,frozen,deterministic,42,exploratory_fixed_predictions,Fagus,-1.2202579984813928,1.6548733371645212,-0.3238759500633246
,,,,,,treesatai__dofa__frozen__deterministic__42,classification,treesatai,dofa,frozen,deterministic,42,exploratory_fixed_predictions,Fraxinus,-3.8507174581503496,3.854791718176566,-0.2318206761571907
,,,,,,treesatai__dofa__frozen__deterministic__42,classification,treesatai,dofa,frozen,deterministic,42,exploratory_fixed_predictions,Larix,-2.513997678132728,2.5187362251784653,-0.1714673862420527
,,,,,,treesatai__dofa__frozen__deterministic__42,classification,treesatai,dofa,frozen,deterministic,42,exploratory_fixed_predictions,Picea,-1.064514425549656,1.9812298230193557,-0.3348187684236705
,,,,,,treesatai__dofa__frozen__deterministic__42,classification,treesatai,dofa,frozen,deterministic,42,exploratory_fixed_predictions,Pinus,-2.167579410426318,2.527752777762711,-0.3363312600100739
,,,,,,treesatai__dofa__frozen__deterministic__42,classification,treesatai,dofa,frozen,deterministic,42,exploratory_fixed_predictions,Populus,-6.30522940659523,6.30522940659523,-0.0406339476794789
,,,,,,treesatai__dofa__frozen__deterministic__42,classification,treesatai,dofa,frozen,deterministic,42,exploratory_fixed_predictions,Prunus,-6.207717630207538,6.207717630207538,-0.0917890951443608
,,,,,,treesatai__dofa__frozen__deterministic__42,classification,treesatai,dofa,frozen,deterministic,42,exploratory_fixed_predictions,Pseudotsuga,-3.0760081591361668,3.088098941022297,-0.2267394450438092
,,,,,,treesatai__dofa__frozen__deterministic__42,classification,treesatai,dofa,frozen,deterministic,42,exploratory_fixed_predictions,Quercus,-1.1893981887078844,1.6099416347709483,-0.3360847948309964
,,,,,,treesatai__dofa__frozen__deterministic__42,classification,treesatai,dofa,frozen,deterministic,42,exploratory_fixed_predictions,Tilia,-7.027878848314285,7.027878848314285,-0.0134904829045993
,,,,,,treesatai__dofa__frozen__deterministic__43,classification,treesatai,dofa,frozen,deterministic,43,exploratory_fixed_predictions,Abies,-5.333045964509249,5.333045964509249,-0.1592923341269832
,,,,,,treesatai__dofa__frozen__deterministic__43,classification,treesatai,dofa,frozen,deterministic,43,exploratory_fixed_predictions,Acer,-2.7539655221458523,2.75516425405629,-0.2234211499449669
,,,,,,treesatai__dofa__frozen__deterministic__43,classification,treesatai,dofa,frozen,deterministic,43,exploratory_fixed_predictions,Alnus,-2.887713796429336,2.888438258446753,-0.1670044400485218
,,,,,,treesatai__dofa__frozen__deterministic__43,classification,treesatai,dofa,frozen,deterministic,43,exploratory_fixed_predictions,Betula,-2.7094811873398723,2.710160158868879,-0.1558720337071572
,,,,,,treesatai__dofa__frozen__deterministic__43,classification,treesatai,dofa,frozen,deterministic,43,exploratory_fixed_predictions,Cleared,-2.1621780399666166,2.4019942378601997,-0.320815262019373
,,,,,,treesatai__dofa__frozen__deterministic__43,classification,treesatai,dofa,frozen,deterministic,43,exploratory_fixed_predictions,Fagus,-0.9184283359330148,1.399254536261782,-0.3117834882992898
,,,,,,treesatai__dofa__frozen__deterministic__43,classification,treesatai,dofa,frozen,deterministic,43,exploratory_fixed_predictions,Fraxinus,-3.566993627209216,3.568671006668359,-0.2329423827750694
,,,,,,treesatai__dofa__frozen__deterministic__43,classification,treesatai,dofa,frozen,deterministic,43,exploratory_fixed_predictions,Larix,-2.6576355513334278,2.658251576885581,-0.1557457682170074
,,,,,,treesatai__dofa__frozen__deterministic__43,classification,treesatai,dofa,frozen,deterministic,43,exploratory_fixed_predictions,Picea,-0.89919544765912,1.971276082949713,-0.3484493694504787
,,,,,,treesatai__dofa__frozen__deterministic__43,classification,treesatai,dofa,frozen,deterministic,43,exploratory_fixed_predictions,Pinus,-2.0058652210235595,2.327377779752016,-0.350728287993359
,,,,,,treesatai__dofa__frozen__deterministic__43,classification,treesatai,dofa,frozen,deterministic,43,exploratory_fixed_predictions,Populus,-5.481130738735199,5.481130738735199,-0.0389312123039697
,,,,,,treesatai__dofa__frozen__deterministic__43,classification,treesatai,dofa,frozen,deterministic,43,exploratory_fixed_predictions,Prunus,-5.629944705426693,5.629944705426693,-0.0993430846567059
,,,,,,treesatai__dofa__frozen__deterministic__43,classification,treesatai,dofa,frozen,deterministic,43,exploratory_fixed_predictions,Pseudotsuga,-2.387132828245871,2.418795804473572,-0.2201998909771494
,,,,,,treesatai__dofa__frozen__deterministic__43,classification,treesatai,dofa,frozen,deterministic,43,exploratory_fixed_predictions,Quercus,-1.249303337309044,1.602136351600755,-0.3338988250480116
,,,,,,treesatai__dofa__frozen__deterministic__43,classification,treesatai,dofa,frozen,deterministic,43,exploratory_fixed_predictions,Tilia,-6.525490138649941,6.525490138649941,-0.0036782031527087
,,,,,,treesatai__dofa__frozen__deterministic__44,classification,treesatai,dofa,frozen,deterministic,44,exploratory_fixed_predictions,Abies,-5.484333786904812,5.484333786904812,-0.1650566713750241
,,,,,,treesatai__dofa__frozen__deterministic__44,classification,treesatai,dofa,frozen,deterministic,44,exploratory_fixed_predictions,Acer,-3.246847887188196,3.246847887188196,-0.2196506338696898
,,,,,,treesatai__dofa__frozen__deterministic__44,classification,treesatai,dofa,frozen,deterministic,44,exploratory_fixed_predictions,Alnus,-2.734309293974191,2.7354462286420165,-0.1697187795893655
,,,,,,treesatai__dofa__frozen__deterministic__44,classification,treesatai,dofa,frozen,deterministic,44,exploratory_fixed_predictions,Betula,-2.8869056056439875,2.8869056056439875,-0.1540907024936099
,,,,,,treesatai__dofa__frozen__deterministic__44,classification,treesatai,dofa,frozen,deterministic,44,exploratory_fixed_predictions,Cleared,-2.1055313116051257,2.3065278969667853,-0.3329311550568318
,,,,,,treesatai__dofa__frozen__deterministic__44,classification,treesatai,dofa,frozen,deterministic,44,exploratory_fixed_predictions,Fagus,-0.9218332059171516,1.410374301983742,-0.3080604453045463
,,,,,,treesatai__dofa__frozen__deterministic__44,classification,treesatai,dofa,frozen,deterministic,44,exploratory_fixed_predictions,Fraxinus,-3.672682208285667,3.67414479301963,-0.2241051626436986
,,,,,,treesatai__dofa__frozen__deterministic__44,classification,treesatai,dofa,frozen,deterministic,44,exploratory_fixed_predictions,Larix,-2.0859366211832966,2.090688588117948,-0.1700251581082341
,,,,,,treesatai__dofa__frozen__deterministic__44,classification,treesatai,dofa,frozen,deterministic,44,exploratory_fixed_predictions,Picea,-0.874085819138214,1.8073754411358387,-0.3313558083614685
,,,,,,treesatai__dofa__frozen__deterministic__44,classification,treesatai,dofa,frozen,deterministic,44,exploratory_fixed_predictions,Pinus,-1.7678794742673636,2.1822406511977315,-0.3475710252201506
,,,,,,treesatai__dofa__frozen__deterministic__44,classification,treesatai,dofa,frozen,deterministic,44,exploratory_fixed_predictions,Populus,-5.016927327990532,5.016927327990532,-0.0398795712472913
,,,,,,treesatai__dofa__frozen__deterministic__44,classification,treesatai,dofa,frozen,deterministic,44,exploratory_fixed_predictions,Prunus,-5.04921114513278,5.04921114513278,-0.0969794169705851
,,,,,,treesatai__dofa__frozen__deterministic__44,classification,treesatai,dofa,frozen,deterministic,44,exploratory_fixed_predictions,Pseudotsuga,-2.8078271932266654,2.819137704644352,-0.2212890058157011
,,,,,,treesatai__dofa__frozen__deterministic__44,classification,treesatai,dofa,frozen,deterministic,44,exploratory_fixed_predictions,Quercus,-1.1774573387987912,1.4945075898468494,-0.3388425645275831
,,,,,,treesatai__dofa__frozen__deterministic__44,classification,treesatai,dofa,frozen,deterministic,44,exploratory_fixed_predictions,Tilia,-7.025443912267685,7.025443912267685,0.0061340765991819
,,,,,,treesatai__dofa__full_finetune__deterministic__42,classification,treesatai,dofa,full_finetune,deterministic,42,exploratory_fixed_predictions,Abies,-3.9459280041884632,3.947192389635369,-0.2156602912590257
,,,,,,treesatai__dofa__full_finetune__deterministic__42,classification,treesatai,dofa,full_finetune,deterministic,42,exploratory_fixed_predictions,Acer,-3.234777630507946,3.234777630507946,-0.2578337665326924
,,,,,,treesatai__dofa__full_finetune__deterministic__42,classification,treesatai,dofa,full_finetune,deterministic,42,exploratory_fixed_predictions,Alnus,-3.1136794374515304,3.117347042947542,-0.1867262339479151
,,,,,,treesatai__dofa__full_finetune__deterministic__42,classification,treesatai,dofa,full_finetune,deterministic,42,exploratory_fixed_predictions,Betula,-2.1752697634699287,2.1812841025257947,-0.188380604815573
,,,,,,treesatai__dofa__full_finetune__deterministic__42,classification,treesatai,dofa,full_finetune,deterministic,42,exploratory_fixed_predictions,Cleared,-2.165849780086428,2.5279355800729246,-0.3470934451482302
,,,,,,treesatai__dofa__full_finetune__deterministic__42,classification,treesatai,dofa,full_finetune,deterministic,42,exploratory_fixed_predictions,Fagus,-0.6000943656591408,1.1440252578244836,-0.3705016632565523
,,,,,,treesatai__dofa__full_finetune__deterministic__42,classification,treesatai,dofa,full_finetune,deterministic,42,exploratory_fixed_predictions,Fraxinus,-4.120967191487551,4.120967191487551,-0.2475475945211459
,,,,,,treesatai__dofa__full_finetune__deterministic__42,classification,treesatai,dofa,full_finetune,deterministic,42,exploratory_fixed_predictions,Larix,-2.304161009076983,2.322345604289323,-0.1359294375275024
,,,,,,treesatai__dofa__full_finetune__deterministic__42,classification,treesatai,dofa,full_finetune,deterministic,42,exploratory_fixed_predictions,Picea,-0.8896738044731319,2.062781852610409,-0.3247530072838061
,,,,,,treesatai__dofa__full_finetune__deterministic__42,classification,treesatai,dofa,full_finetune,deterministic,42,exploratory_fixed_predictions,Pinus,-1.8172894817590717,2.31926633660309,-0.3509000241935687
,,,,,,treesatai__dofa__full_finetune__deterministic__42,classification,treesatai,dofa,full_finetune,deterministic,42,exploratory_fixed_predictions,Populus,-4.1962484998703005,4.1962484998703005,-0.0723177578313602
,,,,,,treesatai__dofa__full_finetune__deterministic__42,classification,treesatai,dofa,full_finetune,deterministic,42,exploratory_fixed_predictions,Prunus,-4.817613262414932,4.817613262414932,-0.1153201786037842
,,,,,,treesatai__dofa__full_finetune__deterministic__42,classification,treesatai,dofa,full_finetune,deterministic,42,exploratory_fixed_predictions,Pseudotsuga,-1.970146325584501,2.168235247571953,-0.3020359010717297
,,,,,,treesatai__dofa__full_finetune__deterministic__42,classification,treesatai,dofa,full_finetune,deterministic,42,exploratory_fixed_predictions,Quercus,-1.5434662699708714,1.8014253831049427,-0.3555198389990711
,,,,,,treesatai__dofa__full_finetune__deterministic__42,classification,treesatai,dofa,full_finetune,deterministic,42,exploratory_fixed_predictions,Tilia,-6.122541972994805,6.122541972994805,-0.0625743097320569
,,,,,,treesatai__dofa__full_finetune__deterministic__43,classification,treesatai,dofa,full_finetune,deterministic,43,exploratory_fixed_predictions,Abies,-4.056935343161225,4.056935343161225,-0.2067850952434948
,,,,,,treesatai__dofa__full_finetune__deterministic__43,classification,treesatai,dofa,full_finetune,deterministic,43,exploratory_fixed_predictions,Acer,-2.698404116227292,2.698925285221077,-0.2440572896576029
,,,,,,treesatai__dofa__full_finetune__deterministic__43,classification,treesatai,dofa,full_finetune,deterministic,43,exploratory_fixed_predictions,Alnus,-2.868893451443408,2.870902840131428,-0.1604304846665904
,,,,,,treesatai__dofa__full_finetune__deterministic__43,classification,treesatai,dofa,full_finetune,deterministic,43,exploratory_fixed_predictions,Betula,-3.142451068796217,3.142451068796217,-0.1736260480290596
,,,,,,treesatai__dofa__full_finetune__deterministic__43,classification,treesatai,dofa,full_finetune,deterministic,43,exploratory_fixed_predictions,Cleared,-3.0724700335888198,3.305132966492325,-0.3330167165231752
,,,,,,treesatai__dofa__full_finetune__deterministic__43,classification,treesatai,dofa,full_finetune,deterministic,43,exploratory_fixed_predictions,Fagus,-1.1803958704445976,1.7356297823989295,-0.3332272420580804
,,,,,,treesatai__dofa__full_finetune__deterministic__43,classification,treesatai,dofa,full_finetune,deterministic,43,exploratory_fixed_predictions,Fraxinus,-4.101206306427717,4.101206306427717,-0.2496261140009908
,,,,,,treesatai__dofa__full_finetune__deterministic__43,classification,treesatai,dofa,full_finetune,deterministic,43,exploratory_fixed_predictions,Larix,-2.172967458020896,2.175848012704402,-0.144739784900906
,,,,,,treesatai__dofa__full_finetune__deterministic__43,classification,treesatai,dofa,full_finetune,deterministic,43,exploratory_fixed_predictions,Picea,-1.2798510921066626,2.148244941090234,-0.3263597825837003
,,,,,,treesatai__dofa__full_finetune__deterministic__43,classification,treesatai,dofa,full_finetune,deterministic,43,exploratory_fixed_predictions,Pinus,-2.232280171404593,2.744388368605636,-0.3289427709774887
,,,,,,treesatai__dofa__full_finetune__deterministic__43,classification,treesatai,dofa,full_finetune,deterministic,43,exploratory_fixed_predictions,Populus,-5.090301666855812,5.090301666855812,-0.0803680320735578
,,,,,,treesatai__dofa__full_finetune__deterministic__43,classification,treesatai,dofa,full_finetune,deterministic,43,exploratory_fixed_predictions,Prunus,-5.470692383408546,5.470692383408546,-0.095862563718418
,,,,,,treesatai__dofa__full_finetune__deterministic__43,classification,treesatai,dofa,full_finetune,deterministic,43,exploratory_fixed_predictions,Pseudotsuga,-3.266468276723754,3.296765504922252,-0.2097330373218324
,,,,,,treesatai__dofa__full_finetune__deterministic__43,classification,treesatai,dofa,full_finetune,deterministic,43,exploratory_fixed_predictions,Quercus,-1.1779514189213514,1.567846791954711,-0.3566215013766847
,,,,,,treesatai__dofa__full_finetune__deterministic__43,classification,treesatai,dofa,full_finetune,deterministic,43,exploratory_fixed_predictions,Tilia,-6.276708976268768,6.276708976268768,-0.0609931309606247
,,,,,,treesatai__dofa__full_finetune__deterministic__44,classification,treesatai,dofa,full_finetune,deterministic,44,exploratory_fixed_predictions,Abies,-3.864972428813577,3.864972428813577,-0.2050653172695895
,,,,,,treesatai__dofa__full_finetune__deterministic__44,classification,treesatai,dofa,full_finetune,deterministic,44,exploratory_fixed_predictions,Acer,-2.232827606054023,2.2779074534717947,-0.3625026713735858
,,,,,,treesatai__dofa__full_finetune__deterministic__44,classification,treesatai,dofa,full_finetune,deterministic,44,exploratory_fixed_predictions,Alnus,-2.9432394479028883,2.943378682058305,-0.1665018276269704
,,,,,,treesatai__dofa__full_finetune__deterministic__44,classification,treesatai,dofa,full_finetune,deterministic,44,exploratory_fixed_predictions,Betula,-2.406055723525584,2.4061446836441758,-0.1513472891271759
,,,,,,treesatai__dofa__full_finetune__deterministic__44,classification,treesatai,dofa,full_finetune,deterministic,44,exploratory_fixed_predictions,Cleared,-2.7217682608142497,2.826815107986331,-0.3254571851525972
,,,,,,treesatai__dofa__full_finetune__deterministic__44,classification,treesatai,dofa,full_finetune,deterministic,44,exploratory_fixed_predictions,Fagus,-1.1432723874112125,1.612426100030541,-0.326124871153451
,,,,,,treesatai__dofa__full_finetune__deterministic__44,classification,treesatai,dofa,full_finetune,deterministic,44,exploratory_fixed_predictions,Fraxinus,-3.623570571005344,3.623570571005344,-0.2574140782552407
,,,,,,treesatai__dofa__full_finetune__deterministic__44,classification,treesatai,dofa,full_finetune,deterministic,44,exploratory_fixed_predictions,Larix,-2.0469721597959287,2.0539737988417035,-0.1162372219374438
,,,,,,treesatai__dofa__full_finetune__deterministic__44,classification,treesatai,dofa,full_finetune,deterministic,44,exploratory_fixed_predictions,Picea,-0.791132255972363,1.5771251326119526,-0.2969761978264263
,,,,,,treesatai__dofa__full_finetune__deterministic__44,classification,treesatai,dofa,full_finetune,deterministic,44,exploratory_fixed_predictions,Pinus,-1.8693421057248487,2.18188272689376,-0.3197779218746824
,,,,,,treesatai__dofa__full_finetune__deterministic__44,classification,treesatai,dofa,full_finetune,deterministic,44,exploratory_fixed_predictions,Populus,-4.831433921813965,4.831433921813965,-0.0766823643606303
,,,,,,treesatai__dofa__full_finetune__deterministic__44,classification,treesatai,dofa,full_finetune,deterministic,44,exploratory_fixed_predictions,Prunus,-4.902082329988479,4.902082329988479,-0.1098049540028355
,,,,,,treesatai__dofa__full_finetune__deterministic__44,classification,treesatai,dofa,full_finetune,deterministic,44,exploratory_fixed_predictions,Pseudotsuga,-2.403987851170823,2.442777458397672,-0.2240834973241203
,,,,,,treesatai__dofa__full_finetune__deterministic__44,classification,treesatai,dofa,full_finetune,deterministic,44,exploratory_fixed_predictions,Quercus,-1.4905961741749196,1.7929973297100514,-0.3394374854308539
,,,,,,treesatai__dofa__full_finetune__deterministic__44,classification,treesatai,dofa,full_finetune,deterministic,44,exploratory_fixed_predictions,Tilia,-5.162653024077415,5.162653024077415,-0.066577719895795
,,,,,,treesatai__panopticon__frozen__deterministic__42,classification,treesatai,panopticon,frozen,deterministic,42,exploratory_fixed_predictions,Abies,-4.546470852386206,4.546470852386206,-0.184500806057191
,,,,,,treesatai__panopticon__frozen__deterministic__42,classification,treesatai,panopticon,frozen,deterministic,42,exploratory_fixed_predictions,Acer,-2.727672025501728,2.7277972004264592,-0.2475652443342439
,,,,,,treesatai__panopticon__frozen__deterministic__42,classification,treesatai,panopticon,frozen,deterministic,42,exploratory_fixed_predictions,Alnus,-2.3098019744306804,2.310419734284282,-0.1713355670334187
,,,,,,treesatai__panopticon__frozen__deterministic__42,classification,treesatai,panopticon,frozen,deterministic,42,exploratory_fixed_predictions,Betula,-2.570857275418937,2.570857275418937,-0.158668036648023
,,,,,,treesatai__panopticon__frozen__deterministic__42,classification,treesatai,panopticon,frozen,deterministic,42,exploratory_fixed_predictions,Cleared,-2.2178562229387464,2.4090313158370558,-0.3423130491435625
,,,,,,treesatai__panopticon__frozen__deterministic__42,classification,treesatai,panopticon,frozen,deterministic,42,exploratory_fixed_predictions,Fagus,-1.158704193284735,1.4548749767076223,-0.2621554231175149
,,,,,,treesatai__panopticon__frozen__deterministic__42,classification,treesatai,panopticon,frozen,deterministic,42,exploratory_fixed_predictions,Fraxinus,-3.699647146716714,3.699647146716714,-0.241871494979038
,,,,,,treesatai__panopticon__frozen__deterministic__42,classification,treesatai,panopticon,frozen,deterministic,42,exploratory_fixed_predictions,Larix,-2.191232667000964,2.191329341413453,-0.148406810952855
,,,,,,treesatai__panopticon__frozen__deterministic__42,classification,treesatai,panopticon,frozen,deterministic,42,exploratory_fixed_predictions,Picea,-1.5277007308639583,2.127992936436087,-0.303682627790327
,,,,,,treesatai__panopticon__frozen__deterministic__42,classification,treesatai,panopticon,frozen,deterministic,42,exploratory_fixed_predictions,Pinus,-2.0856442480105906,2.390260708723217,-0.3136861051779142
,,,,,,treesatai__panopticon__frozen__deterministic__42,classification,treesatai,panopticon,frozen,deterministic,42,exploratory_fixed_predictions,Populus,-4.557947498738765,4.557947498738765,-0.0631682493895414
,,,,,,treesatai__panopticon__frozen__deterministic__42,classification,treesatai,panopticon,frozen,deterministic,42,exploratory_fixed_predictions,Prunus,-5.741708239555359,5.741708239555359,-0.0939415760269108
,,,,,,treesatai__panopticon__frozen__deterministic__42,classification,treesatai,panopticon,frozen,deterministic,42,exploratory_fixed_predictions,Pseudotsuga,-2.922922421006486,2.9313199396785348,-0.2214378771606273
,,,,,,treesatai__panopticon__frozen__deterministic__42,classification,treesatai,panopticon,frozen,deterministic,42,exploratory_fixed_predictions,Quercus,-1.2789355392549189,1.5087501751389354,-0.3498189826772306
,,,,,,treesatai__panopticon__frozen__deterministic__42,classification,treesatai,panopticon,frozen,deterministic,42,exploratory_fixed_predictions,Tilia,-6.886440533280372,6.886440533280372,-0.0504631530097233
,,,,,,treesatai__panopticon__frozen__deterministic__43,classification,treesatai,panopticon,frozen,deterministic,43,exploratory_fixed_predictions,Abies,-4.607199637539685,4.607429152630269,-0.190766968329691
,,,,,,treesatai__panopticon__frozen__deterministic__43,classification,treesatai,panopticon,frozen,deterministic,43,exploratory_fixed_predictions,Acer,-2.6791372702401133,2.680645520703867,-0.2491026052647301
,,,,,,treesatai__panopticon__frozen__deterministic__43,classification,treesatai,panopticon,frozen,deterministic,43,exploratory_fixed_predictions,Alnus,-2.6196440933346747,2.620162158548832,-0.1528286056823831
,,,,,,treesatai__panopticon__frozen__deterministic__43,classification,treesatai,panopticon,frozen,deterministic,43,exploratory_fixed_predictions,Betula,-3.26726276037097,3.26726276037097,-0.1525344791395002
,,,,,,treesatai__panopticon__frozen__deterministic__43,classification,treesatai,panopticon,frozen,deterministic,43,exploratory_fixed_predictions,Cleared,-2.4068634184468536,2.5866675245454536,-0.3426771974594015
,,,,,,treesatai__panopticon__frozen__deterministic__43,classification,treesatai,panopticon,frozen,deterministic,43,exploratory_fixed_predictions,Fagus,-1.2894378036437557,1.537265406378545,-0.2937726072722105
,,,,,,treesatai__panopticon__frozen__deterministic__43,classification,treesatai,panopticon,frozen,deterministic,43,exploratory_fixed_predictions,Fraxinus,-3.71235402020812,3.71235402020812,-0.2455765207898134
,,,,,,treesatai__panopticon__frozen__deterministic__43,classification,treesatai,panopticon,frozen,deterministic,43,exploratory_fixed_predictions,Larix,-2.35834777864255,2.35834777864255,-0.1478977665037049
,,,,,,treesatai__panopticon__frozen__deterministic__43,classification,treesatai,panopticon,frozen,deterministic,43,exploratory_fixed_predictions,Picea,-1.026105216868222,1.9806703057810664,-0.3254842310147723
,,,,,,treesatai__panopticon__frozen__deterministic__43,classification,treesatai,panopticon,frozen,deterministic,43,exploratory_fixed_predictions,Pinus,-2.03458477002196,2.3183894371595235,-0.3280910494670822
,,,,,,treesatai__panopticon__frozen__deterministic__43,classification,treesatai,panopticon,frozen,deterministic,43,exploratory_fixed_predictions,Populus,-5.207559756338596,5.207559756338596,-0.0614008531769875
,,,,,,treesatai__panopticon__frozen__deterministic__43,classification,treesatai,panopticon,frozen,deterministic,43,exploratory_fixed_predictions,Prunus,-5.336461747765541,5.336461747765541,-0.090221439256315
,,,,,,treesatai__panopticon__frozen__deterministic__43,classification,treesatai,panopticon,frozen,deterministic,43,exploratory_fixed_predictions,Pseudotsuga,-2.663810669177212,2.692133949584328,-0.2199855222535175
,,,,,,treesatai__panopticon__frozen__deterministic__43,classification,treesatai,panopticon,frozen,deterministic,43,exploratory_fixed_predictions,Quercus,-1.0943337853383273,1.405420279365033,-0.371615426617639
,,,,,,treesatai__panopticon__frozen__deterministic__43,classification,treesatai,panopticon,frozen,deterministic,43,exploratory_fixed_predictions,Tilia,-5.87046859061718,5.87046859061718,-0.0515172722059264
,,,,,,treesatai__panopticon__frozen__deterministic__44,classification,treesatai,panopticon,frozen,deterministic,44,exploratory_fixed_predictions,Abies,-4.518536360342056,4.5204111024551095,-0.2047806956759616
,,,,,,treesatai__panopticon__frozen__deterministic__44,classification,treesatai,panopticon,frozen,deterministic,44,exploratory_fixed_predictions,Acer,-3.639723500162363,3.639723500162363,-0.242541890446578
,,,,,,treesatai__panopticon__frozen__deterministic__44,classification,treesatai,panopticon,frozen,deterministic,44,exploratory_fixed_predictions,Alnus,-2.712968421902508,2.712968421902508,-0.1538483034404712
,,,,,,treesatai__panopticon__frozen__deterministic__44,classification,treesatai,panopticon,frozen,deterministic,44,exploratory_fixed_predictions,Betula,-2.573868332825601,2.5744343245476484,-0.1560819086457846
,,,,,,treesatai__panopticon__frozen__deterministic__44,classification,treesatai,panopticon,frozen,deterministic,44,exploratory_fixed_predictions,Cleared,-2.527491100990213,2.6434887377256526,-0.3558565557928032
,,,,,,treesatai__panopticon__frozen__deterministic__44,classification,treesatai,panopticon,frozen,deterministic,44,exploratory_fixed_predictions,Fagus,-1.258309735913761,1.5438400526205078,-0.2865391349751459
,,,,,,treesatai__panopticon__frozen__deterministic__44,classification,treesatai,panopticon,frozen,deterministic,44,exploratory_fixed_predictions,Fraxinus,-3.155548966264352,3.1570384524781256,-0.2638021753600949
,,,,,,treesatai__panopticon__frozen__deterministic__44,classification,treesatai,panopticon,frozen,deterministic,44,exploratory_fixed_predictions,Larix,-2.3363210596237334,2.337107809836045,-0.1512888210161088
,,,,,,treesatai__panopticon__frozen__deterministic__44,classification,treesatai,panopticon,frozen,deterministic,44,exploratory_fixed_predictions,Picea,-1.1047407557675617,2.054510588775389,-0.3310233411813839
,,,,,,treesatai__panopticon__frozen__deterministic__44,classification,treesatai,panopticon,frozen,deterministic,44,exploratory_fixed_predictions,Pinus,-2.224469709637575,2.487232532686554,-0.340865604630761
,,,,,,treesatai__panopticon__frozen__deterministic__44,classification,treesatai,panopticon,frozen,deterministic,44,exploratory_fixed_predictions,Populus,-5.558813756644726,5.558813756644726,-0.0586204371840673
,,,,,,treesatai__panopticon__frozen__deterministic__44,classification,treesatai,panopticon,frozen,deterministic,44,exploratory_fixed_predictions,Prunus,-5.707982037544251,5.707982037544251,-0.0826512046672221
,,,,,,treesatai__panopticon__frozen__deterministic__44,classification,treesatai,panopticon,frozen,deterministic,44,exploratory_fixed_predictions,Pseudotsuga,-3.003249318549875,3.0180607654727063,-0.2304357494319897
,,,,,,treesatai__panopticon__frozen__deterministic__44,classification,treesatai,panopticon,frozen,deterministic,44,exploratory_fixed_predictions,Quercus,-0.8615921418657526,1.297174162642099,-0.3614549712363453
,,,,,,treesatai__panopticon__frozen__deterministic__44,classification,treesatai,panopticon,frozen,deterministic,44,exploratory_fixed_predictions,Tilia,-6.387437567591667,6.387437567591667,-0.0546796298150407
,,,,,,treesatai__panopticon__full_finetune__deterministic__42,classification,treesatai,panopticon,full_finetune,deterministic,42,exploratory_fixed_predictions,Abies,-4.892777993083,4.892777993083,-0.1883100863305944
,,,,,,treesatai__panopticon__full_finetune__deterministic__42,classification,treesatai,panopticon,full_finetune,deterministic,42,exploratory_fixed_predictions,Acer,-2.8242836317270994,2.8242836317270994,-0.2782199310441079
,,,,,,treesatai__panopticon__full_finetune__deterministic__42,classification,treesatai,panopticon,full_finetune,deterministic,42,exploratory_fixed_predictions,Alnus,-2.7959171258360147,2.796038624823093,-0.1955655407827274
,,,,,,treesatai__panopticon__full_finetune__deterministic__42,classification,treesatai,panopticon,full_finetune,deterministic,42,exploratory_fixed_predictions,Betula,-2.6176280900426208,2.6190440966263413,-0.179993148905087
,,,,,,treesatai__panopticon__full_finetune__deterministic__42,classification,treesatai,panopticon,full_finetune,deterministic,42,exploratory_fixed_predictions,Cleared,-2.9414243686026893,3.1001972089721823,-0.3322188745184288
,,,,,,treesatai__panopticon__full_finetune__deterministic__42,classification,treesatai,panopticon,full_finetune,deterministic,42,exploratory_fixed_predictions,Fagus,-0.7015460447687656,1.6550743242707104,-0.3272632150745216
,,,,,,treesatai__panopticon__full_finetune__deterministic__42,classification,treesatai,panopticon,full_finetune,deterministic,42,exploratory_fixed_predictions,Fraxinus,-3.930810690242797,3.930879409056157,-0.2431186580957034
,,,,,,treesatai__panopticon__full_finetune__deterministic__42,classification,treesatai,panopticon,full_finetune,deterministic,42,exploratory_fixed_predictions,Larix,-1.8482237858367152,1.8640192029778848,-0.1606244670647692
,,,,,,treesatai__panopticon__full_finetune__deterministic__42,classification,treesatai,panopticon,full_finetune,deterministic,42,exploratory_fixed_predictions,Picea,-1.0657519447878003,2.130524337660521,-0.3031619428205582
,,,,,,treesatai__panopticon__full_finetune__deterministic__42,classification,treesatai,panopticon,full_finetune,deterministic,42,exploratory_fixed_predictions,Pinus,-2.706521013799124,3.15504745116178,-0.3276589989208117
,,,,,,treesatai__panopticon__full_finetune__deterministic__42,classification,treesatai,panopticon,full_finetune,deterministic,42,exploratory_fixed_predictions,Populus,-4.945594699084759,4.945594699084759,-0.0753460403662849
,,,,,,treesatai__panopticon__full_finetune__deterministic__42,classification,treesatai,panopticon,full_finetune,deterministic,42,exploratory_fixed_predictions,Prunus,-5.389722990512848,5.389722990512848,-0.0990100593126133
,,,,,,treesatai__panopticon__full_finetune__deterministic__42,classification,treesatai,panopticon,full_finetune,deterministic,42,exploratory_fixed_predictions,Pseudotsuga,-3.470915020592045,3.5123303467114457,-0.2213389884684314
,,,,,,treesatai__panopticon__full_finetune__deterministic__42,classification,treesatai,panopticon,full_finetune,deterministic,42,exploratory_fixed_predictions,Quercus,-0.6362588508296758,1.239657891103998,-0.3066102943106183
,,,,,,treesatai__panopticon__full_finetune__deterministic__42,classification,treesatai,panopticon,full_finetune,deterministic,42,exploratory_fixed_predictions,Tilia,-5.702162730336189,5.702162730336189,-0.0707493405196321
,,,,,,treesatai__panopticon__full_finetune__deterministic__43,classification,treesatai,panopticon,full_finetune,deterministic,43,exploratory_fixed_predictions,Abies,-4.333013868927956,4.333013868927956,-0.2007910808067564
,,,,,,treesatai__panopticon__full_finetune__deterministic__43,classification,treesatai,panopticon,full_finetune,deterministic,43,exploratory_fixed_predictions,Acer,-3.087296915948391,3.087296915948391,-0.2508531497532523
,,,,,,treesatai__panopticon__full_finetune__deterministic__43,classification,treesatai,panopticon,full_finetune,deterministic,43,exploratory_fixed_predictions,Alnus,-2.660456906697713,2.660479659841396,-0.1880691770062312
,,,,,,treesatai__panopticon__full_finetune__deterministic__43,classification,treesatai,panopticon,full_finetune,deterministic,43,exploratory_fixed_predictions,Betula,-2.752688850376755,2.752688850376755,-0.1862620196671533
,,,,,,treesatai__panopticon__full_finetune__deterministic__43,classification,treesatai,panopticon,full_finetune,deterministic,43,exploratory_fixed_predictions,Cleared,-1.864040225927718,2.17760568914609,-0.3325030400974335
,,,,,,treesatai__panopticon__full_finetune__deterministic__43,classification,treesatai,panopticon,full_finetune,deterministic,43,exploratory_fixed_predictions,Fagus,-1.0290488838795573,1.4134615933205932,-0.3009896518914892
,,,,,,treesatai__panopticon__full_finetune__deterministic__43,classification,treesatai,panopticon,full_finetune,deterministic,43,exploratory_fixed_predictions,Fraxinus,-3.7300955998599528,3.7300955998599528,-0.257591919494158
,,,,,,treesatai__panopticon__full_finetune__deterministic__43,classification,treesatai,panopticon,full_finetune,deterministic,43,exploratory_fixed_predictions,Larix,-2.4680066784322263,2.4680066784322263,-0.132302376232594
,,,,,,treesatai__panopticon__full_finetune__deterministic__43,classification,treesatai,panopticon,full_finetune,deterministic,43,exploratory_fixed_predictions,Picea,-1.1261666530109942,1.8357787158377468,-0.3481066305588632
,,,,,,treesatai__panopticon__full_finetune__deterministic__43,classification,treesatai,panopticon,full_finetune,deterministic,43,exploratory_fixed_predictions,Pinus,-2.3779834211338318,2.622856964595616,-0.317446609024757
,,,,,,treesatai__panopticon__full_finetune__deterministic__43,classification,treesatai,panopticon,full_finetune,deterministic,43,exploratory_fixed_predictions,Populus,-4.724847739577293,4.724847739577293,-0.0660025494133321
,,,,,,treesatai__panopticon__full_finetune__deterministic__43,classification,treesatai,panopticon,full_finetune,deterministic,43,exploratory_fixed_predictions,Prunus,-4.912582439899444,4.912582439899444,-0.1148815598579061
,,,,,,treesatai__panopticon__full_finetune__deterministic__43,classification,treesatai,panopticon,full_finetune,deterministic,43,exploratory_fixed_predictions,Pseudotsuga,-3.2178448818475007,3.2502356005758046,-0.2266135430962442
,,,,,,treesatai__panopticon__full_finetune__deterministic__43,classification,treesatai,panopticon,full_finetune,deterministic,43,exploratory_fixed_predictions,Quercus,-1.705443875179626,1.915296763068065,-0.3305901843107787
,,,,,,treesatai__panopticon__full_finetune__deterministic__43,classification,treesatai,panopticon,full_finetune,deterministic,43,exploratory_fixed_predictions,Tilia,-5.538093920946121,5.538093920946121,-0.059232527599413
,,,,,,treesatai__panopticon__full_finetune__deterministic__44,classification,treesatai,panopticon,full_finetune,deterministic,44,exploratory_fixed_predictions,Abies,-4.639129632115364,4.639129632115364,-0.163880276018281
,,,,,,treesatai__panopticon__full_finetune__deterministic__44,classification,treesatai,panopticon,full_finetune,deterministic,44,exploratory_fixed_predictions,Acer,-2.55254693120718,2.55254693120718,-0.2599018194066809
,,,,,,treesatai__panopticon__full_finetune__deterministic__44,classification,treesatai,panopticon,full_finetune,deterministic,44,exploratory_fixed_predictions,Alnus,-2.384936312884092,2.384936312884092,-0.1953318547706443
,,,,,,treesatai__panopticon__full_finetune__deterministic__44,classification,treesatai,panopticon,full_finetune,deterministic,44,exploratory_fixed_predictions,Betula,-3.128959313392639,3.128959313392639,-0.1214416283786633
,,,,,,treesatai__panopticon__full_finetune__deterministic__44,classification,treesatai,panopticon,full_finetune,deterministic,44,exploratory_fixed_predictions,Cleared,-2.4874797681234777,2.672466530542821,-0.3268094195481956
,,,,,,treesatai__panopticon__full_finetune__deterministic__44,classification,treesatai,panopticon,full_finetune,deterministic,44,exploratory_fixed_predictions,Fagus,-1.2152888526665049,1.293070480194874,-0.3484120910971619
,,,,,,treesatai__panopticon__full_finetune__deterministic__44,classification,treesatai,panopticon,full_finetune,deterministic,44,exploratory_fixed_predictions,Fraxinus,-3.2836518267095087,3.2836518267095087,-0.247643925192226
,,,,,,treesatai__panopticon__full_finetune__deterministic__44,classification,treesatai,panopticon,full_finetune,deterministic,44,exploratory_fixed_predictions,Larix,-1.759324212793261,1.7594470899179575,-0.1751785837331232
,,,,,,treesatai__panopticon__full_finetune__deterministic__44,classification,treesatai,panopticon,full_finetune,deterministic,44,exploratory_fixed_predictions,Picea,-0.8514630422759801,1.7216940732598305,-0.3765409568522143
,,,,,,treesatai__panopticon__full_finetune__deterministic__44,classification,treesatai,panopticon,full_finetune,deterministic,44,exploratory_fixed_predictions,Pinus,-2.3281925273714585,2.450331993539818,-0.3543722805797814
,,,,,,treesatai__panopticon__full_finetune__deterministic__44,classification,treesatai,panopticon,full_finetune,deterministic,44,exploratory_fixed_predictions,Populus,-4.472576132893562,4.472576132893562,-0.0420457092882872
,,,,,,treesatai__panopticon__full_finetune__deterministic__44,classification,treesatai,panopticon,full_finetune,deterministic,44,exploratory_fixed_predictions,Prunus,-4.834966859459877,4.834966859459877,-0.0728472633779213
,,,,,,treesatai__panopticon__full_finetune__deterministic__44,classification,treesatai,panopticon,full_finetune,deterministic,44,exploratory_fixed_predictions,Pseudotsuga,-2.5564282090701163,2.566734941292554,-0.212368542178905
,,,,,,treesatai__panopticon__full_finetune__deterministic__44,classification,treesatai,panopticon,full_finetune,deterministic,44,exploratory_fixed_predictions,Quercus,-0.8928333390662446,1.2411608462957666,-0.3256974085347038
,,,,,,treesatai__panopticon__full_finetune__deterministic__44,classification,treesatai,panopticon,full_finetune,deterministic,44,exploratory_fixed_predictions,Tilia,-5.0997731302976606,5.0997731302976606,-0.0066723502337877
centered_logit_norm,15.741865139158133,15.770445998648032,14.084175288743948,-0.0575842189873811,0.6605133784950109,eurosat__dofa__frozen__temperature_scaling__42,classification,eurosat,dofa,frozen,temperature_scaling,42,exploratory_fixed_predictions,,,,
top1_top2_logit_margin,8.791779157101704,8.906321829981684,2.148304130062932,-0.1941176591856172,0.9965289174840958,eurosat__dofa__frozen__temperature_scaling__42,classification,eurosat,dofa,frozen,temperature_scaling,42,exploratory_fixed_predictions,,,,
centered_logit_norm,16.599898530442513,16.625676221310428,14.998684290717003,-0.0512342399992211,0.659050482195015,eurosat__dofa__frozen__temperature_scaling__43,classification,eurosat,dofa,frozen,temperature_scaling,43,exploratory_fixed_predictions,,,,
top1_top2_logit_margin,9.395306051802404,9.516254489725569,1.8824391287146875,-0.1962048994655366,0.9971861284648428,eurosat__dofa__frozen__temperature_scaling__43,classification,eurosat,dofa,frozen,temperature_scaling,43,exploratory_fixed_predictions,,,,
centered_logit_norm,17.104421790192777,17.141729990667244,14.9405461626735,-0.070908198034319,0.6639078254345154,eurosat__dofa__frozen__temperature_scaling__44,classification,eurosat,dofa,frozen,temperature_scaling,44,exploratory_fixed_predictions,,,,
top1_top2_logit_margin,9.615773441733756,9.747678988697444,1.965251717839886,-0.2010656570096562,0.997275551744283,eurosat__dofa__frozen__temperature_scaling__44,classification,eurosat,dofa,frozen,temperature_scaling,44,exploratory_fixed_predictions,,,,
centered_logit_norm,12.46633836414028,12.55668456158892,9.452892411264752,-0.1775615278540117,0.7611538986209506,eurosat__dofa__full_finetune__temperature_scaling__42,classification,eurosat,dofa,full_finetune,temperature_scaling,42,exploratory_fixed_predictions,,,,
top1_top2_logit_margin,7.216742720665223,7.389672194035778,1.4487786405208127,-0.2644168819993786,0.9929658587102492,eurosat__dofa__full_finetune__temperature_scaling__42,classification,eurosat,dofa,full_finetune,temperature_scaling,42,exploratory_fixed_predictions,,,,
centered_logit_norm,14.829283837814623,15.032198948786514,9.88536146114441,-0.2088624199181246,0.8485973105175852,eurosat__dofa__full_finetune__temperature_scaling__43,classification,eurosat,dofa,full_finetune,temperature_scaling,43,exploratory_fixed_predictions,,,,
top1_top2_logit_margin,7.722516802577325,7.976595273721404,1.5320254542352176,-0.2971701726789209,0.996722721147452,eurosat__dofa__full_finetune__temperature_scaling__43,classification,eurosat,dofa,full_finetune,temperature_scaling,43,exploratory_fixed_predictions,,,,
centered_logit_norm,14.39193322668867,14.57838572969009,9.518064798231434,-0.189842292950827,0.8463157575800142,eurosat__dofa__full_finetune__temperature_scaling__44,classification,eurosat,dofa,full_finetune,temperature_scaling,44,exploratory_fixed_predictions,,,,
top1_top2_logit_margin,7.837879067691531,8.07755026507918,1.5728739679784294,-0.2929144452450356,0.9962347645920312,eurosat__dofa__full_finetune__temperature_scaling__44,classification,eurosat,dofa,full_finetune,temperature_scaling,44,exploratory_fixed_predictions,,,,
centered_logit_norm,15.26902776342454,15.311648997785593,12.682693769242595,-0.1163385822787348,0.6841553628723761,eurosat__panopticon__frozen__temperature_scaling__42,classification,eurosat,panopticon,frozen,temperature_scaling,42,exploratory_fixed_predictions,,,,
top1_top2_logit_margin,9.05188561981991,9.16709376042723,2.0608461784212397,-0.1998844384748687,0.9955371102475268,eurosat__panopticon__frozen__temperature_scaling__42,classification,eurosat,panopticon,frozen,temperature_scaling,42,exploratory_fixed_predictions,,,,
centered_logit_norm,15.143236473592037,15.1863638538781,12.64184841700021,-0.1224662039116003,0.6708670011187561,eurosat__panopticon__frozen__temperature_scaling__43,classification,eurosat,panopticon,frozen,temperature_scaling,43,exploratory_fixed_predictions,,,,
top1_top2_logit_margin,9.038209374989991,9.164010582185298,1.7417393576622089,-0.2100102478109229,0.9951926778511606,eurosat__panopticon__frozen__temperature_scaling__43,classification,eurosat,panopticon,frozen,temperature_scaling,43,exploratory_fixed_predictions,,,,
centered_logit_norm,14.90535320630363,14.946521451940423,12.517594959369632,-0.1150190578432543,0.679702010322452,eurosat__panopticon__frozen__temperature_scaling__44,classification,eurosat,panopticon,frozen,temperature_scaling,44,exploratory_fixed_predictions,,,,
top1_top2_logit_margin,8.886369406196508,9.003519638951202,2.091655906424303,-0.2048038037151958,0.9948512114239408,eurosat__panopticon__frozen__temperature_scaling__44,classification,eurosat,panopticon,frozen,temperature_scaling,44,exploratory_fixed_predictions,,,,
centered_logit_norm,10.298026774858302,10.331876833041422,9.275910650179506,-0.073390895731128,0.7543338341530211,eurosat__panopticon__full_finetune__temperature_scaling__42,classification,eurosat,panopticon,full_finetune,temperature_scaling,42,exploratory_fixed_predictions,,,,
top1_top2_logit_margin,6.406300654658386,6.565625199897815,1.5954319150723977,-0.2618681460111909,0.9925139180349496,eurosat__panopticon__full_finetune__temperature_scaling__42,classification,eurosat,panopticon,full_finetune,temperature_scaling,42,exploratory_fixed_predictions,,,,
centered_logit_norm,11.354990713977225,11.429641150434655,9.251132714461871,-0.178788190938589,0.8063271502295983,eurosat__panopticon__full_finetune__temperature_scaling__43,classification,eurosat,panopticon,full_finetune,temperature_scaling,43,exploratory_fixed_predictions,,,,
top1_top2_logit_margin,6.957635637068442,7.161514545979044,1.2117579999213022,-0.2933880178229133,0.9939091935710724,eurosat__panopticon__full_finetune__temperature_scaling__43,classification,eurosat,panopticon,full_finetune,temperature_scaling,43,exploratory_fixed_predictions,,,,
centered_logit_norm,13.368564907288002,13.525109219360653,10.098808711577004,-0.2042784638442858,0.8002866062027255,eurosat__panopticon__full_finetune__temperature_scaling__44,classification,eurosat,panopticon,full_finetune,temperature_scaling,44,exploratory_fixed_predictions,,,,
top1_top2_logit_margin,7.261490475804325,7.526669553548635,1.7226694164675114,-0.3058467458046373,0.9965005069692764,eurosat__panopticon__full_finetune__temperature_scaling__44,classification,eurosat,panopticon,full_finetune,temperature_scaling,44,exploratory_fixed_predictions,,,,
centered_logit_norm,18.31820248606693,18.352417299410924,16.087563557567158,-0.0639158307447068,0.6606251557624091,eurosat__dofa__frozen__mc_dropout_off__42,classification,eurosat,dofa,frozen,mc_dropout_off,42,exploratory_fixed_predictions,,,,
top1_top2_logit_margin,10.391670644169368,10.519850376898647,2.03497733720919,-0.1916472472273726,0.9967745643298992,eurosat__dofa__frozen__mc_dropout_off__42,classification,eurosat,dofa,frozen,mc_dropout_off,42,exploratory_fixed_predictions,,,,
centered_logit_norm,15.070634255622002,15.104996208676894,12.985488467972653,-0.0695923762243525,0.6643220972853353,eurosat__dofa__frozen__mc_dropout_off__43,classification,eurosat,dofa,frozen,mc_dropout_off,43,exploratory_fixed_predictions,,,,
top1_top2_logit_margin,8.257199313088032,8.36478834480382,1.728501252152703,-0.1963653462481984,0.9962487132194964,eurosat__dofa__frozen__mc_dropout_off__43,classification,eurosat,dofa,frozen,mc_dropout_off,43,exploratory_fixed_predictions,,,,
centered_logit_norm,16.908277469747507,16.947504004433597,14.774834307738724,-0.0683657460058529,0.6730914709259098,eurosat__dofa__frozen__mc_dropout_off__44,classification,eurosat,dofa,frozen,mc_dropout_off,44,exploratory_fixed_predictions,,,,
top1_top2_logit_margin,9.464433521142142,9.603556825094778,1.897829336779458,-0.2063935222150297,0.996984749988221,eurosat__dofa__frozen__mc_dropout_off__44,classification,eurosat,dofa,frozen,mc_dropout_off,44,exploratory_fixed_predictions,,,,
centered_logit_norm,18.292628170457043,18.57361138069852,11.64098926619516,-0.1847412575163652,0.81548560093329,eurosat__dofa__full_finetune__mc_dropout_off__42,classification,eurosat,dofa,full_finetune,mc_dropout_off,42,exploratory_fixed_predictions,,,,
top1_top2_logit_margin,8.436206007685152,8.724714163550606,1.606431117924777,-0.2948910620824652,0.9969160451921396,eurosat__dofa__full_finetune__mc_dropout_off__42,classification,eurosat,dofa,full_finetune,mc_dropout_off,42,exploratory_fixed_predictions,,,,
centered_logit_norm,17.25381985879635,17.30380484724551,14.289154655000784,-0.118862902700197,0.6811971543577888,eurosat__panopticon__frozen__mc_dropout_off__42,classification,eurosat,panopticon,frozen,mc_dropout_off,42,exploratory_fixed_predictions,,,,
top1_top2_logit_margin,10.219667550349332,10.356012654158228,2.1328879488839045,-0.2047243943465847,0.9968961427230892,eurosat__panopticon__frozen__mc_dropout_off__42,classification,eurosat,panopticon,frozen,mc_dropout_off,42,exploratory_fixed_predictions,,,,
centered_logit_norm,15.473832958727906,15.634119368394355,11.85136010026614,-0.1699687485731401,0.7524079320606222,eurosat__panopticon__full_finetune__mc_dropout_off__42,classification,eurosat,panopticon,full_finetune,mc_dropout_off,42,exploratory_fixed_predictions,,,,
top1_top2_logit_margin,7.925753255077558,8.202498191890921,1.6713176830955174,-0.3030506027405148,0.99672703368127,eurosat__panopticon__full_finetune__mc_dropout_off__42,classification,eurosat,panopticon,full_finetune,mc_dropout_off,42,exploratory_fixed_predictions,,,,
,,,,,,treesatai__dofa__frozen__mc_dropout_off__42,classification,treesatai,dofa,frozen,mc_dropout_off,42,exploratory_fixed_predictions,Abies,-5.094385806024075,5.094385806024075,-0.172283099995017
,,,,,,treesatai__dofa__frozen__mc_dropout_off__42,classification,treesatai,dofa,frozen,mc_dropout_off,42,exploratory_fixed_predictions,Acer,-2.829802709331736,2.831012738360092,-0.2130978000476297
,,,,,,treesatai__dofa__frozen__mc_dropout_off__42,classification,treesatai,dofa,frozen,mc_dropout_off,42,exploratory_fixed_predictions,Alnus,-3.096244048777968,3.097545583043248,-0.1732699783191029
,,,,,,treesatai__dofa__frozen__mc_dropout_off__42,classification,treesatai,dofa,frozen,mc_dropout_off,42,exploratory_fixed_predictions,Betula,-2.4857804967351256,2.4869737063162027,-0.1706370437988341
,,,,,,treesatai__dofa__frozen__mc_dropout_off__42,classification,treesatai,dofa,frozen,mc_dropout_off,42,exploratory_fixed_predictions,Cleared,-2.4248011628836394,2.671858737230301,-0.334809185945119
,,,,,,treesatai__dofa__frozen__mc_dropout_off__42,classification,treesatai,dofa,frozen,mc_dropout_off,42,exploratory_fixed_predictions,Fagus,-1.2450917667113244,1.627179138224572,-0.3179635155126294
,,,,,,treesatai__dofa__frozen__mc_dropout_off__42,classification,treesatai,dofa,frozen,mc_dropout_off,42,exploratory_fixed_predictions,Fraxinus,-3.784247895747423,3.787788501173258,-0.2367278786418578
,,,,,,treesatai__dofa__frozen__mc_dropout_off__42,classification,treesatai,dofa,frozen,mc_dropout_off,42,exploratory_fixed_predictions,Larix,-2.542098519437015,2.544360587991774,-0.1613700494748997
,,,,,,treesatai__dofa__frozen__mc_dropout_off__42,classification,treesatai,dofa,frozen,mc_dropout_off,42,exploratory_fixed_predictions,Picea,-1.126711641902104,1.961646227022633,-0.3306183831506933
,,,,,,treesatai__dofa__frozen__mc_dropout_off__42,classification,treesatai,dofa,frozen,mc_dropout_off,42,exploratory_fixed_predictions,Pinus,-2.2315915148183705,2.5710882062390445,-0.3431902942353743
,,,,,,treesatai__dofa__frozen__mc_dropout_off__42,classification,treesatai,dofa,frozen,mc_dropout_off,42,exploratory_fixed_predictions,Populus,-6.294975958228111,6.294975958228111,-0.0405046260053896
,,,,,,treesatai__dofa__frozen__mc_dropout_off__42,classification,treesatai,dofa,frozen,mc_dropout_off,42,exploratory_fixed_predictions,Prunus,-6.187821849346161,6.187821849346161,-0.0915372954939493
,,,,,,treesatai__dofa__frozen__mc_dropout_off__42,classification,treesatai,dofa,frozen,mc_dropout_off,42,exploratory_fixed_predictions,Pseudotsuga,-3.0503713517468425,3.062170055607334,-0.2291310849529245
,,,,,,treesatai__dofa__frozen__mc_dropout_off__42,classification,treesatai,dofa,frozen,mc_dropout_off,42,exploratory_fixed_predictions,Quercus,-1.1632655991809442,1.5757336136968807,-0.3352745518454867
,,,,,,treesatai__dofa__frozen__mc_dropout_off__42,classification,treesatai,dofa,frozen,mc_dropout_off,42,exploratory_fixed_predictions,Tilia,-7.070876632809639,7.070876632809639,-0.0129185671704891
,,,,,,treesatai__dofa__full_finetune__mc_dropout_off__42,classification,treesatai,dofa,full_finetune,mc_dropout_off,42,exploratory_fixed_predictions,Abies,-4.439727772653103,4.439727772653103,-0.1749944112638001
,,,,,,treesatai__dofa__full_finetune__mc_dropout_off__42,classification,treesatai,dofa,full_finetune,mc_dropout_off,42,exploratory_fixed_predictions,Acer,-2.6979883902966977,2.6979883902966977,-0.2540070428764933
,,,,,,treesatai__dofa__full_finetune__mc_dropout_off__42,classification,treesatai,dofa,full_finetune,mc_dropout_off,42,exploratory_fixed_predictions,Alnus,-2.986865470856428,2.986865470856428,-0.1817238779231094
,,,,,,treesatai__dofa__full_finetune__mc_dropout_off__42,classification,treesatai,dofa,full_finetune,mc_dropout_off,42,exploratory_fixed_predictions,Betula,-2.728388744443655,2.728388744443655,-0.129366774804616
,,,,,,treesatai__dofa__full_finetune__mc_dropout_off__42,classification,treesatai,dofa,full_finetune,mc_dropout_off,42,exploratory_fixed_predictions,Cleared,-2.63893543493934,2.8056309103798123,-0.3355283485136611
,,,,,,treesatai__dofa__full_finetune__mc_dropout_off__42,classification,treesatai,dofa,full_finetune,mc_dropout_off,42,exploratory_fixed_predictions,Fagus,-0.5105183904205914,1.6218952129671815,-0.3220642338004021
,,,,,,treesatai__dofa__full_finetune__mc_dropout_off__42,classification,treesatai,dofa,full_finetune,mc_dropout_off,42,exploratory_fixed_predictions,Fraxinus,-3.657250602856279,3.657250602856279,-0.2589368438634694
,,,,,,treesatai__dofa__full_finetune__mc_dropout_off__42,classification,treesatai,dofa,full_finetune,mc_dropout_off,42,exploratory_fixed_predictions,Larix,-1.8127347634211184,1.8282896171286704,-0.1026761333984426
,,,,,,treesatai__dofa__full_finetune__mc_dropout_off__42,classification,treesatai,dofa,full_finetune,mc_dropout_off,42,exploratory_fixed_predictions,Picea,-1.0046113124527036,1.7370441867467017,-0.3235271550355264
,,,,,,treesatai__dofa__full_finetune__mc_dropout_off__42,classification,treesatai,dofa,full_finetune,mc_dropout_off,42,exploratory_fixed_predictions,Pinus,-1.7938087416253985,2.493522804483771,-0.3137725901357269
,,,,,,treesatai__dofa__full_finetune__mc_dropout_off__42,classification,treesatai,dofa,full_finetune,mc_dropout_off,42,exploratory_fixed_predictions,Populus,-4.520232786178589,4.520232786178589,-0.0696774403187034
,,,,,,treesatai__dofa__full_finetune__mc_dropout_off__42,classification,treesatai,dofa,full_finetune,mc_dropout_off,42,exploratory_fixed_predictions,Prunus,-5.016671365737915,5.016671365737915,-0.0725142380338287
,,,,,,treesatai__dofa__full_finetune__mc_dropout_off__42,classification,treesatai,dofa,full_finetune,mc_dropout_off,42,exploratory_fixed_predictions,Pseudotsuga,-2.848444978458574,2.871371224729111,-0.2067214954516118
,,,,,,treesatai__dofa__full_finetune__mc_dropout_off__42,classification,treesatai,dofa,full_finetune,mc_dropout_off,42,exploratory_fixed_predictions,Quercus,-0.8993116268133745,1.313761753932573,-0.32798441169201
,,,,,,treesatai__dofa__full_finetune__mc_dropout_off__42,classification,treesatai,dofa,full_finetune,mc_dropout_off,42,exploratory_fixed_predictions,Tilia,-5.541442010045052,5.541442010045052,-0.062854660582111
,,,,,,treesatai__panopticon__frozen__mc_dropout_off__42,classification,treesatai,panopticon,frozen,mc_dropout_off,42,exploratory_fixed_predictions,Abies,-4.4628997325748205,4.4628997325748205,-0.181935143802961
,,,,,,treesatai__panopticon__frozen__mc_dropout_off__42,classification,treesatai,panopticon,frozen,mc_dropout_off,42,exploratory_fixed_predictions,Acer,-2.779075783021748,2.7791462181285023,-0.2469058090774333
,,,,,,treesatai__panopticon__frozen__mc_dropout_off__42,classification,treesatai,panopticon,frozen,mc_dropout_off,42,exploratory_fixed_predictions,Alnus,-2.308494923247024,2.3085863677505403,-0.164260253432561
,,,,,,treesatai__panopticon__frozen__mc_dropout_off__42,classification,treesatai,panopticon,frozen,mc_dropout_off,42,exploratory_fixed_predictions,Betula,-2.526380654633045,2.526380654633045,-0.158014633614469
,,,,,,treesatai__panopticon__frozen__mc_dropout_off__42,classification,treesatai,panopticon,frozen,mc_dropout_off,42,exploratory_fixed_predictions,Cleared,-2.283198302205652,2.4574347127228977,-0.3476139385692006
,,,,,,treesatai__panopticon__frozen__mc_dropout_off__42,classification,treesatai,panopticon,frozen,mc_dropout_off,42,exploratory_fixed_predictions,Fagus,-1.1339803678346798,1.4260272283116355,-0.275069231668424
,,,,,,treesatai__panopticon__frozen__mc_dropout_off__42,classification,treesatai,panopticon,frozen,mc_dropout_off,42,exploratory_fixed_predictions,Fraxinus,-3.7459530609101055,3.7459530609101055,-0.2415009923979605
,,,,,,treesatai__panopticon__frozen__mc_dropout_off__42,classification,treesatai,panopticon,frozen,mc_dropout_off,42,exploratory_fixed_predictions,Larix,-2.1778050346300004,2.1778923047557472,-0.1440211434652949
,,,,,,treesatai__panopticon__frozen__mc_dropout_off__42,classification,treesatai,panopticon,frozen,mc_dropout_off,42,exploratory_fixed_predictions,Picea,-1.4949985060496256,2.1153771903486924,-0.3109491196370941
,,,,,,treesatai__panopticon__frozen__mc_dropout_off__42,classification,treesatai,panopticon,frozen,mc_dropout_off,42,exploratory_fixed_predictions,Pinus,-2.1267860388047994,2.414573299508542,-0.3104037882304194
,,,,,,treesatai__panopticon__frozen__mc_dropout_off__42,classification,treesatai,panopticon,frozen,mc_dropout_off,42,exploratory_fixed_predictions,Populus,-4.5637975435853,4.5637975435853,-0.0621121223844787
,,,,,,treesatai__panopticon__frozen__mc_dropout_off__42,classification,treesatai,panopticon,frozen,mc_dropout_off,42,exploratory_fixed_predictions,Prunus,-5.755966327190399,5.755966327190399,-0.095752908996
,,,,,,treesatai__panopticon__frozen__mc_dropout_off__42,classification,treesatai,panopticon,frozen,mc_dropout_off,42,exploratory_fixed_predictions,Pseudotsuga,-2.8811307776123285,2.8896813720911743,-0.2163482564553254
,,,,,,treesatai__panopticon__frozen__mc_dropout_off__42,classification,treesatai,panopticon,frozen,mc_dropout_off,42,exploratory_fixed_predictions,Quercus,-1.2321231754883193,1.4700439952430315,-0.3514355261104107
,,,,,,treesatai__panopticon__frozen__mc_dropout_off__42,classification,treesatai,panopticon,frozen,mc_dropout_off,42,exploratory_fixed_predictions,Tilia,-6.887129518151284,6.887129518151284,-0.0492071812014813
,,,,,,treesatai__panopticon__full_finetune__mc_dropout_off__42,classification,treesatai,panopticon,full_finetune,mc_dropout_off,42,exploratory_fixed_predictions,Abies,-5.046106130421162,5.046106130421162,-0.1942144705742978
,,,,,,treesatai__panopticon__full_finetune__mc_dropout_off__42,classification,treesatai,panopticon,full_finetune,mc_dropout_off,42,exploratory_fixed_predictions,Acer,-2.984089538458735,2.9842834822274744,-0.259910835900105
,,,,,,treesatai__panopticon__full_finetune__mc_dropout_off__42,classification,treesatai,panopticon,full_finetune,mc_dropout_off,42,exploratory_fixed_predictions,Alnus,-2.5473171931877734,2.54879826567322,-0.2062887458199462
,,,,,,treesatai__panopticon__full_finetune__mc_dropout_off__42,classification,treesatai,panopticon,full_finetune,mc_dropout_off,42,exploratory_fixed_predictions,Betula,-2.7720638520494103,2.772158303357661,-0.1934735649635666
,,,,,,treesatai__panopticon__full_finetune__mc_dropout_off__42,classification,treesatai,panopticon,full_finetune,mc_dropout_off,42,exploratory_fixed_predictions,Cleared,-2.641405053450726,2.8798370137745515,-0.3304199808587805
,,,,,,treesatai__panopticon__full_finetune__mc_dropout_off__42,classification,treesatai,panopticon,full_finetune,mc_dropout_off,42,exploratory_fixed_predictions,Fagus,-0.8267145901992917,1.6978482090942562,-0.3079907762757402
,,,,,,treesatai__panopticon__full_finetune__mc_dropout_off__42,classification,treesatai,panopticon,full_finetune,mc_dropout_off,42,exploratory_fixed_predictions,Fraxinus,-4.030255764037371,4.030255764037371,-0.2452949388281944
,,,,,,treesatai__panopticon__full_finetune__mc_dropout_off__42,classification,treesatai,panopticon,full_finetune,mc_dropout_off,42,exploratory_fixed_predictions,Larix,-2.093393871407956,2.1170353565104305,-0.167280026627437
,,,,,,treesatai__panopticon__full_finetune__mc_dropout_off__42,classification,treesatai,panopticon,full_finetune,mc_dropout_off,42,exploratory_fixed_predictions,Picea,-1.2564821930532344,2.31767946214648,-0.3134485910059826
,,,,,,treesatai__panopticon__full_finetune__mc_dropout_off__42,classification,treesatai,panopticon,full_finetune,mc_dropout_off,42,exploratory_fixed_predictions,Pinus,-2.436015646588057,2.9507460409887134,-0.3158704514909982
,,,,,,treesatai__panopticon__full_finetune__mc_dropout_off__42,classification,treesatai,panopticon,full_finetune,mc_dropout_off,42,exploratory_fixed_predictions,Populus,-5.036746340990066,5.036746340990066,-0.0852175948537256
,,,,,,treesatai__panopticon__full_finetune__mc_dropout_off__42,classification,treesatai,panopticon,full_finetune,mc_dropout_off,42,exploratory_fixed_predictions,Prunus,-5.691642914414405,5.691642914414405,-0.10883836824803
,,,,,,treesatai__panopticon__full_finetune__mc_dropout_off__42,classification,treesatai,panopticon,full_finetune,mc_dropout_off,42,exploratory_fixed_predictions,Pseudotsuga,-3.3077437400370835,3.374933490820229,-0.2575165429200836
,,,,,,treesatai__panopticon__full_finetune__mc_dropout_off__42,classification,treesatai,panopticon,full_finetune,mc_dropout_off,42,exploratory_fixed_predictions,Quercus,-0.4609452532363357,1.1954973882456543,-0.3128950745796815
,,,,,,treesatai__panopticon__full_finetune__mc_dropout_off__42,classification,treesatai,panopticon,full_finetune,mc_dropout_off,42,exploratory_fixed_predictions,Tilia,-5.875868926048279,5.875868926048279,-0.0639760639823271
,,,,,,treesatai__panopticon__full_finetune__mc_dropout_off__43,classification,treesatai,panopticon,full_finetune,mc_dropout_off,43,exploratory_fixed_predictions,Abies,-4.41856329870224,4.41856329870224,-0.2008751090465238
,,,,,,treesatai__panopticon__full_finetune__mc_dropout_off__43,classification,treesatai,panopticon,full_finetune,mc_dropout_off,43,exploratory_fixed_predictions,Acer,-3.056983224749565,3.056983224749565,-0.2520696513865024
,,,,,,treesatai__panopticon__full_finetune__mc_dropout_off__43,classification,treesatai,panopticon,full_finetune,mc_dropout_off,43,exploratory_fixed_predictions,Alnus,-2.8488631814420224,2.8488631814420224,-0.1923932441620273
,,,,,,treesatai__panopticon__full_finetune__mc_dropout_off__43,classification,treesatai,panopticon,full_finetune,mc_dropout_off,43,exploratory_fixed_predictions,Betula,-2.9633536545038224,2.9633536545038224,-0.17883219478028
,,,,,,treesatai__panopticon__full_finetune__mc_dropout_off__43,classification,treesatai,panopticon,full_finetune,mc_dropout_off,43,exploratory_fixed_predictions,Cleared,-2.0749619224481286,2.276409592356533,-0.3254958570636599
,,,,,,treesatai__panopticon__full_finetune__mc_dropout_off__43,classification,treesatai,panopticon,full_finetune,mc_dropout_off,43,exploratory_fixed_predictions,Fagus,-1.1279175125714391,1.463613558256999,-0.3092205330481753
,,,,,,treesatai__panopticon__full_finetune__mc_dropout_off__43,classification,treesatai,panopticon,full_finetune,mc_dropout_off,43,exploratory_fixed_predictions,Fraxinus,-3.816574284553528,3.816574284553528,-0.2579327818687493
,,,,,,treesatai__panopticon__full_finetune__mc_dropout_off__43,classification,treesatai,panopticon,full_finetune,mc_dropout_off,43,exploratory_fixed_predictions,Larix,-2.505214049473405,2.505214049473405,-0.1317299154131672
,,,,,,treesatai__panopticon__full_finetune__mc_dropout_off__43,classification,treesatai,panopticon,full_finetune,mc_dropout_off,43,exploratory_fixed_predictions,Picea,-0.9859899492319674,1.862534283844754,-0.3760703075381251
,,,,,,treesatai__panopticon__full_finetune__mc_dropout_off__43,classification,treesatai,panopticon,full_finetune,mc_dropout_off,43,exploratory_fixed_predictions,Pinus,-2.243012534027919,2.5315795477274805,-0.3096624157604416
,,,,,,treesatai__panopticon__full_finetune__mc_dropout_off__43,classification,treesatai,panopticon,full_finetune,mc_dropout_off,43,exploratory_fixed_predictions,Populus,-4.712717654466629,4.712717654466629,-0.0564327455307231
,,,,,,treesatai__panopticon__full_finetune__mc_dropout_off__43,classification,treesatai,panopticon,full_finetune,mc_dropout_off,43,exploratory_fixed_predictions,Prunus,-4.848436995267868,4.848436995267868,-0.1090901679393504
,,,,,,treesatai__panopticon__full_finetune__mc_dropout_off__43,classification,treesatai,panopticon,full_finetune,mc_dropout_off,43,exploratory_fixed_predictions,Pseudotsuga,-3.1475728266090157,3.1756028866320847,-0.2216040479565389
,,,,,,treesatai__panopticon__full_finetune__mc_dropout_off__43,classification,treesatai,panopticon,full_finetune,mc_dropout_off,43,exploratory_fixed_predictions,Quercus,-1.6293313688021154,1.8663695473242552,-0.3312177608287854
,,,,,,treesatai__panopticon__full_finetune__mc_dropout_off__43,classification,treesatai,panopticon,full_finetune,mc_dropout_off,43,exploratory_fixed_predictions,Tilia,-5.449599436044693,5.449599436044693,-0.0608922046317328
,,,,,,treesatai__panopticon__full_finetune__mc_dropout_off__44,classification,treesatai,panopticon,full_finetune,mc_dropout_off,44,exploratory_fixed_predictions,Abies,-4.419428004533052,4.419428004533052,-0.2022083571174993
,,,,,,treesatai__panopticon__full_finetune__mc_dropout_off__44,classification,treesatai,panopticon,full_finetune,mc_dropout_off,44,exploratory_fixed_predictions,Acer,-3.162448054075241,3.162448054075241,-0.2605160775413156
,,,,,,treesatai__panopticon__full_finetune__mc_dropout_off__44,classification,treesatai,panopticon,full_finetune,mc_dropout_off,44,exploratory_fixed_predictions,Alnus,-2.951792336314917,2.951792336314917,-0.1904275742150737
,,,,,,treesatai__panopticon__full_finetune__mc_dropout_off__44,classification,treesatai,panopticon,full_finetune,mc_dropout_off,44,exploratory_fixed_predictions,Betula,-3.3537101618647576,3.3537101618647576,-0.157420950213014
,,,,,,treesatai__panopticon__full_finetune__mc_dropout_off__44,classification,treesatai,panopticon,full_finetune,mc_dropout_off,44,exploratory_fixed_predictions,Cleared,-2.7099458129657434,2.781738377579488,-0.3502495091373446
,,,,,,treesatai__panopticon__full_finetune__mc_dropout_off__44,classification,treesatai,panopticon,full_finetune,mc_dropout_off,44,exploratory_fixed_predictions,Fagus,-0.7282043140144088,1.2663166703577151,-0.3506486257312995
,,,,,,treesatai__panopticon__full_finetune__mc_dropout_off__44,classification,treesatai,panopticon,full_finetune,mc_dropout_off,44,exploratory_fixed_predictions,Fraxinus,-3.132041421510279,3.132762285515666,-0.2681092063969102
,,,,,,treesatai__panopticon__full_finetune__mc_dropout_off__44,classification,treesatai,panopticon,full_finetune,mc_dropout_off,44,exploratory_fixed_predictions,Larix,-2.411921403042972,2.411921403042972,-0.1466138979532321
,,,,,,treesatai__panopticon__full_finetune__mc_dropout_off__44,classification,treesatai,panopticon,full_finetune,mc_dropout_off,44,exploratory_fixed_predictions,Picea,-0.6874369531823322,1.990224645039998,-0.3460150851962661
,,,,,,treesatai__panopticon__full_finetune__mc_dropout_off__44,classification,treesatai,panopticon,full_finetune,mc_dropout_off,44,exploratory_fixed_predictions,Pinus,-1.774409642642364,2.2998844966534526,-0.327683857471793
,,,,,,treesatai__panopticon__full_finetune__mc_dropout_off__44,classification,treesatai,panopticon,full_finetune,mc_dropout_off,44,exploratory_fixed_predictions,Populus,-5.076075507998467,5.076075507998467,-0.0652697265934927
,,,,,,treesatai__panopticon__full_finetune__mc_dropout_off__44,classification,treesatai,panopticon,full_finetune,mc_dropout_off,44,exploratory_fixed_predictions,Prunus,-4.863583362340927,4.863583362340927,-0.0890517892673068
,,,,,,treesatai__panopticon__full_finetune__mc_dropout_off__44,classification,treesatai,panopticon,full_finetune,mc_dropout_off,44,exploratory_fixed_predictions,Pseudotsuga,-2.914671626161784,2.947264452386648,-0.223950611244882
,,,,,,treesatai__panopticon__full_finetune__mc_dropout_off__44,classification,treesatai,panopticon,full_finetune,mc_dropout_off,44,exploratory_fixed_predictions,Quercus,-1.996098098516464,2.0797339072674514,-0.3403109867713704
,,,,,,treesatai__panopticon__full_finetune__mc_dropout_off__44,classification,treesatai,panopticon,full_finetune,mc_dropout_off,44,exploratory_fixed_predictions,Tilia,-4.71802227795124,4.71802227795124,-0.0511023529670099
