object_id,baseline_object_id,raw_logits_max_abs_error,argmax_changes,status
eurosat__dofa__frozen__temperature_scaling__42,eurosat__dofa__frozen__deterministic__42,0.0,0,PASS
eurosat__dofa__frozen__temperature_scaling__43,eurosat__dofa__frozen__deterministic__43,0.0,0,PASS
eurosat__dofa__frozen__temperature_scaling__44,eurosat__dofa__frozen__deterministic__44,0.0,0,PASS
eurosat__dofa__full_finetune__temperature_scaling__42,eurosat__dofa__full_finetune__deterministic__42,0.0,0,PASS
eurosat__dofa__full_finetune__temperature_scaling__43,eurosat__dofa__full_finetune__deterministic__43,0.0,0,PASS
eurosat__dofa__full_finetune__temperature_scaling__44,eurosat__dofa__full_finetune__deterministic__44,0.0,0,PASS
eurosat__panopticon__frozen__temperature_scaling__42,eurosat__panopticon__frozen__deterministic__42,0.0,0,PASS
eurosat__panopticon__frozen__temperature_scaling__43,eurosat__panopticon__frozen__deterministic__43,0.0,0,PASS
eurosat__panopticon__frozen__temperature_scaling__44,eurosat__panopticon__frozen__deterministic__44,0.0,0,PASS
eurosat__panopticon__full_finetune__temperature_scaling__42,eurosat__panopticon__full_finetune__deterministic__42,0.0,0,PASS
eurosat__panopticon__full_finetune__temperature_scaling__43,eurosat__panopticon__full_finetune__deterministic__43,0.0,0,PASS
eurosat__panopticon__full_finetune__temperature_scaling__44,eurosat__panopticon__full_finetune__deterministic__44,0.0,0,PASS
