label,mean_log_odds,mean_abs_log_odds,spearman_abs_log_odds_error
Abies,-3.8649724288135765,3.8649724288135765,-0.20506531726958951
Acer,-2.232827606054023,2.2779074534717947,-0.3625026713735858
Alnus,-2.9432394479028883,2.9433786820583046,-0.16650182762697047
Betula,-2.4060557235255837,2.4061446836441753,-0.15134728912717596
Cleared,-2.7217682608142497,2.826815107986331,-0.32545718515259725
Fagus,-1.1432723874112125,1.6124261000305413,-0.32612487115345107
Fraxinus,-3.6235705710053443,3.6235705710053443,-0.25741407825524076
Larix,-2.0469721597959287,2.0539737988417035,-0.11623722193744383
Picea,-0.791132255972363,1.5771251326119526,-0.2969761978264263
Pinus,-1.8693421057248487,2.18188272689376,-0.31977792187468246
Populus,-4.831433921813965,4.831433921813965,-0.07668236436063035
Prunus,-4.902082329988479,4.902082329988479,-0.1098049540028355
Pseudotsuga,-2.403987851170823,2.442777458397672,-0.22408349732412036
Quercus,-1.4905961741749196,1.7929973297100514,-0.33943748543085395
Tilia,-5.162653024077415,5.162653024077415,-0.06657771989579504
