object_id,dataset,model,adaptation,method,seed,analysis_unit,score,n_units,n_groups,n_errors,binary_error_target,auroc_ap_na_reason,mean_uncertainty,spearman_uncertainty_loss,oracle_aurc,unique_scores,largest_tie,tied_observation_fraction,evaluation_scope,base_risk,base_risk_ci_low,base_risk_ci_high,base_risk_valid_bootstraps,aurc,aurc_ci_low,aurc_ci_high,aurc_valid_bootstraps,auroc,auroc_ci_low,auroc_ci_high,auroc_valid_bootstraps,average_precision,average_precision_ci_low,average_precision_ci_high,average_precision_valid_bootstraps,risk_at_1,risk_at_1_ci_low,risk_at_1_ci_high,risk_at_1_valid_bootstraps,risk_at_0.9,risk_at_0.9_ci_low,risk_at_0.9_ci_high,risk_at_0.9_valid_bootstraps,risk_at_0.8,risk_at_0.8_ci_low,risk_at_0.8_ci_high,risk_at_0.8_valid_bootstraps,risk_at_0.5,risk_at_0.5_ci_low,risk_at_0.5_ci_high,risk_at_0.5_valid_bootstraps
treesatai__dofa__frozen__mc_dropout__42,treesatai,dofa,frozen,mc_dropout,42,image_hamming,msp,2000,2000,,False,continuous_image_loss,0.09747472649105456,0.4852500189418825,0.03565208200955983,2000,1,0.0,exploratory_fixed_models,0.09626666666666622,0.09263333333333362,0.10000083333333326,1000,0.06123046485704872,0.05756964366515505,0.06504771547294595,1000,,,,0,,,,0,0.09626666666666622,0.09263333333333362,0.10000083333333326,1000,0.08925925925925926,0.08559259259259286,0.09311111111111127,1000,0.08391666666666721,0.0799156250000004,0.08791770833333373,1000,0.06420000000000038,0.05966500000000004,0.06886666666666677,1000
treesatai__dofa__frozen__mc_dropout__42,treesatai,dofa,frozen,mc_dropout,42,image_hamming,entropy,2000,2000,,False,continuous_image_loss,0.2472214891277435,0.46787614823548973,0.03565208200955983,2000,1,0.0,exploratory_fixed_models,0.09626666666666624,0.09263333333333358,0.10000083333333326,1000,0.06239094084292841,0.05863022789936879,0.06614316786000762,1000,,,,0,,,,0,0.09626666666666624,0.09263333333333358,0.10000083333333326,1000,0.08962962962962967,0.08574074074074106,0.0935564814814817,1000,0.08412500000000062,0.08012395833333373,0.0878333333333337,1000,0.06460000000000043,0.06066666666666681,0.06946833333333349,1000
treesatai__dofa__frozen__mc_dropout__42,treesatai,dofa,frozen,mc_dropout,42,image_hamming,negative_margin,2000,2000,,False,continuous_image_loss,-0.8050505470178909,0.4852500189418825,0.03565208200955983,2000,1,0.0,exploratory_fixed_models,0.09626666666666622,0.09263333333333362,0.10000083333333326,1000,0.06123046485704872,0.05756964366515505,0.06504771547294595,1000,,,,0,,,,0,0.09626666666666622,0.09263333333333362,0.10000083333333326,1000,0.08925925925925926,0.08559259259259286,0.09311111111111127,1000,0.08391666666666721,0.0799156250000004,0.08791770833333373,1000,0.06420000000000038,0.05966500000000004,0.06886666666666677,1000
treesatai__dofa__frozen__mc_dropout__42,treesatai,dofa,frozen,mc_dropout,42,image_hamming,gini_total,2000,2000,,False,continuous_image_loss,0.07375217054412435,0.4764144137301615,0.03565208200955983,2000,1,0.0,exploratory_fixed_models,0.09626666666666626,0.09263333333333362,0.1000008333333333,1000,0.061888912579074265,0.05808811701609569,0.065693726566074,1000,,,,0,,,,0,0.09626666666666626,0.09263333333333362,0.1000008333333333,1000,0.08933333333333338,0.08562870370370397,0.09307592592592624,1000,0.08291666666666726,0.07929062500000052,0.08704166666666703,1000,0.06506666666666712,0.06086500000000012,0.06953333333333346,1000
treesatai__dofa__frozen__mc_dropout__42,treesatai,dofa,frozen,mc_dropout,42,image_hamming,expected_entropy,2000,2000,,False,continuous_image_loss,0.24259291026483,0.4637173807132422,0.03565208200955983,2000,1,0.0,exploratory_fixed_models,0.09626666666666624,0.09263333333333357,0.10000083333333326,1000,0.06271062056376348,0.05899221947029482,0.06636895802392528,1000,,,,0,,,,0,0.09626666666666624,0.09263333333333357,0.10000083333333326,1000,0.08955555555555557,0.08577500000000016,0.09359351851851881,1000,0.08395833333333394,0.08003958333333372,0.0878343750000004,1000,0.06533333333333377,0.06106666666666676,0.0700016666666668,1000
treesatai__dofa__frozen__mc_dropout__42,treesatai,dofa,frozen,mc_dropout,42,image_hamming,mutual_information,2000,2000,,False,continuous_image_loss,0.004628578877950066,0.2708761971165242,0.03565208200955983,2000,1,0.0,exploratory_fixed_models,0.09626666666666603,0.0926333333333334,0.10000083333333325,1000,0.07250752452541755,0.06840260812512197,0.07684984493678977,1000,,,,0,,,,0,0.09626666666666603,0.0926333333333334,0.10000083333333325,1000,0.09470370370370342,0.09092500000000012,0.09870370370370371,1000,0.0914583333333336,0.08725000000000036,0.09575000000000017,1000,0.07793333333333383,0.07326333333333356,0.08273333333333359,1000
treesatai__dofa__frozen__mc_dropout__42,treesatai,dofa,frozen,mc_dropout,42,image_hamming,gini_expected,2000,2000,,False,continuous_image_loss,0.07237099724022986,0.4725576035547222,0.03565208200955983,2000,1,0.0,exploratory_fixed_models,0.09626666666666624,0.09263333333333362,0.10000083333333326,1000,0.06215094197856009,0.058382985713574136,0.06587552282988242,1000,,,,0,,,,0,0.09626666666666624,0.09263333333333362,0.10000083333333326,1000,0.08922222222222223,0.08551759259259285,0.09307407407407418,1000,0.08300000000000056,0.07933229166666708,0.08695937500000031,1000,0.06566666666666712,0.06113166666666672,0.07000000000000016,1000
treesatai__dofa__frozen__mc_dropout__42,treesatai,dofa,frozen,mc_dropout,42,image_hamming,gini_disagreement,2000,2000,,False,continuous_image_loss,0.0013811733163485447,0.3516902063687438,0.03565208200955983,2000,1,0.0,exploratory_fixed_models,0.09626666666666604,0.09263333333333344,0.10000083333333332,1000,0.06746892046757354,0.06353043094010538,0.07158067426472485,1000,,,,0,,,,0,0.09626666666666604,0.09263333333333344,0.10000083333333332,1000,0.09381481481481453,0.09014722222222243,0.09785185185185201,1000,0.08887500000000033,0.08491250000000039,0.09296041666666692,1000,0.07206666666666711,0.06733166666666678,0.07693333333333348,1000
treesatai__dofa__frozen__mc_dropout__42,treesatai,dofa,frozen,mc_dropout,42,micro_label_decision,msp,30000,2000,2888.0,True,,0.09747472649105456,0.325690866609522,0.004791526933908002,29993,2,0.00046666666666666666,exploratory_fixed_models,0.09626666666666667,0.09263333333333333,0.10000083333333334,1000,0.028055720991039614,0.026277708239226732,0.03004781283979584,1000,0.8187548774285226,0.8114387333905528,0.8262809908165174,1000,0.3262048405062944,0.30930260773610624,0.3445358773728236,1000,0.09626666666666667,0.09263333333333333,0.10000083333333334,1000,0.06507407407407408,0.06185,0.06840833333333333,1000,0.04841666666666666,0.045497916666666666,0.051209375,1000,0.0206,0.018133333333333335,0.023,1000
treesatai__dofa__frozen__mc_dropout__42,treesatai,dofa,frozen,mc_dropout,42,micro_label_decision,entropy,30000,2000,2888.0,True,,0.2472214891277435,0.325690866609522,0.004791526933908002,29993,2,0.00046666666666666666,exploratory_fixed_models,0.09626666666666667,0.09263333333333333,0.10000083333333334,1000,0.028055720991039614,0.026277708239226732,0.03004781283979584,1000,0.8187548774285226,0.8114387333905528,0.8262809908165174,1000,0.3262048405062944,0.30930260773610624,0.3445358773728236,1000,0.09626666666666667,0.09263333333333333,0.10000083333333334,1000,0.06507407407407408,0.06185,0.06840833333333333,1000,0.04841666666666666,0.045497916666666666,0.051209375,1000,0.0206,0.018133333333333335,0.023,1000
treesatai__dofa__frozen__mc_dropout__42,treesatai,dofa,frozen,mc_dropout,42,micro_label_decision,negative_margin,30000,2000,2888.0,True,,-0.8050505470178908,0.325690866609522,0.004791526933908002,29993,2,0.00046666666666666666,exploratory_fixed_models,0.09626666666666667,0.09263333333333333,0.10000083333333334,1000,0.028055720991039614,0.026277708239226732,0.03004781283979584,1000,0.8187548774285226,0.8114387333905528,0.8262809908165174,1000,0.3262048405062944,0.30930260773610624,0.3445358773728236,1000,0.09626666666666667,0.09263333333333333,0.10000083333333334,1000,0.06507407407407408,0.06185,0.06840833333333333,1000,0.04841666666666666,0.045497916666666666,0.051209375,1000,0.0206,0.018133333333333335,0.023,1000
treesatai__dofa__frozen__mc_dropout__42,treesatai,dofa,frozen,mc_dropout,42,micro_label_decision,gini_total,30000,2000,2888.0,True,,0.07375217054412435,0.325690866609522,0.004791526933908002,29993,2,0.00046666666666666666,exploratory_fixed_models,0.09626666666666667,0.09263333333333333,0.10000083333333334,1000,0.028055720991039614,0.026277708239226732,0.03004781283979584,1000,0.8187548774285226,0.8114387333905528,0.8262809908165174,1000,0.3262048405062944,0.30930260773610624,0.3445358773728236,1000,0.09626666666666667,0.09263333333333333,0.10000083333333334,1000,0.06507407407407408,0.06185,0.06840833333333333,1000,0.04841666666666666,0.045497916666666666,0.051209375,1000,0.0206,0.018133333333333335,0.023,1000
treesatai__dofa__frozen__mc_dropout__42,treesatai,dofa,frozen,mc_dropout,42,micro_label_decision,expected_entropy,30000,2000,2888.0,True,,0.24259291026483001,0.32534285912406663,0.004791526933908002,30000,1,0.0,exploratory_fixed_models,0.09626666666666667,0.09263333333333333,0.10000083333333334,1000,0.028103630112340027,0.02632677834179053,0.030080076082563138,1000,0.8184142811924517,0.8109703202895336,0.8260291126192693,1000,0.32397648839732285,0.30736957919851554,0.3427914472762874,1000,0.09626666666666667,0.09263333333333333,0.10000083333333334,1000,0.065,0.06174074074074074,0.06829814814814815,1000,0.0485,0.04541666666666667,0.05141770833333333,1000,0.020866666666666665,0.018133333333333335,0.023133333333333332,1000
treesatai__dofa__frozen__mc_dropout__42,treesatai,dofa,frozen,mc_dropout,42,micro_label_decision,mutual_information,30000,2000,2888.0,True,,0.004628578877950067,0.29651305178789744,0.004791526933908002,30000,1,0.0,exploratory_fixed_models,0.09626666666666667,0.09263333333333333,0.10000083333333334,1000,0.031329201732271,0.02944727198489303,0.03339072553311268,1000,0.7901984402037225,0.7822502657667258,0.7979264683994693,1000,0.2441080491554775,0.23078013941770686,0.2585150065846915,1000,0.09626666666666667,0.09263333333333333,0.10000083333333334,1000,0.07548148148148148,0.07218518518518519,0.0792962962962963,1000,0.056625,0.05362395833333333,0.05979270833333333,1000,0.022866666666666667,0.020598333333333333,0.02546833333333333,1000
treesatai__dofa__frozen__mc_dropout__42,treesatai,dofa,frozen,mc_dropout,42,micro_label_decision,gini_expected,30000,2000,2888.0,True,,0.07237099724022986,0.3254445268713044,0.004791526933908002,30000,1,0.0,exploratory_fixed_models,0.09626666666666667,0.09263333333333333,0.10000083333333334,1000,0.02808160297702481,0.026303805902969723,0.03006697506773464,1000,0.8185137837994686,0.8110411783815666,0.8261276884659077,1000,0.32406642265516994,0.30743419151374374,0.34295239096842867,1000,0.09626666666666667,0.09263333333333333,0.10000083333333334,1000,0.065,0.061776851851851854,0.06829907407407407,1000,0.048375,0.045497916666666666,0.051375,1000,0.020666666666666667,0.018133333333333335,0.023,1000
treesatai__dofa__frozen__mc_dropout__42,treesatai,dofa,frozen,mc_dropout,42,micro_label_decision,gini_disagreement,30000,2000,2888.0,True,,0.0013811733163485444,0.31582245951567434,0.004791526933908002,30000,1,0.0,exploratory_fixed_models,0.09626666666666667,0.09263333333333333,0.10000083333333334,1000,0.029028381732578153,0.027206558431140046,0.03103906674440427,1000,0.809096630249896,0.8015933212870877,0.8167526606564157,1000,0.27938982811931434,0.2639848840803764,0.29578994086763877,1000,0.09626666666666667,0.09263333333333333,0.10000083333333334,1000,0.06981481481481482,0.06670370370370371,0.07359351851851852,1000,0.050083333333333334,0.047375,0.053167708333333334,1000,0.0202,0.017798333333333333,0.02266666666666667,1000
