task,dataset,model,adaptation,uq_method,status,reporting_basis,source
classification,eurosat,dofa,frozen,Deterministic,COMPLETE,mean ± sample std across deterministic seeds,/workspace/reports/dofa_eurosat_final_manifest.json
classification,eurosat,dofa,frozen,Temperature Scaling,COMPLETE,mean ± sample std; dedicated calibration split,/workspace/reports/c3_classification_results.csv
classification,eurosat,dofa,frozen,MC Dropout,COMPLETE,primary paired seed42; 30 probability passes,/workspace/reports/mc_dropout_results.csv
classification,eurosat,dofa,frozen,Deep Ensemble,COMPLETE,single 3-member probability-mean ensemble; not pooled with members,/workspace/reports/c3_classification_results.csv
classification,eurosat,dofa,full_finetune,Deterministic,COMPLETE,mean ± sample std across deterministic seeds,/workspace/reports/dofa_eurosat_final_manifest.json
classification,eurosat,dofa,full_finetune,Temperature Scaling,COMPLETE,mean ± sample std; dedicated calibration split,/workspace/reports/c3_classification_results.csv
classification,eurosat,dofa,full_finetune,MC Dropout,COMPLETE,primary paired seed42; 30 probability passes,/workspace/reports/mc_dropout_results.csv
classification,eurosat,dofa,full_finetune,Deep Ensemble,COMPLETE,single 3-member probability-mean ensemble; not pooled with members,/workspace/reports/c3_classification_results.csv
classification,eurosat,panopticon,frozen,Deterministic,COMPLETE,mean ± sample std across deterministic seeds,/workspace/reports/c1_classification_run_audits/20260816T063820Z/c1_run_audit.json
classification,eurosat,panopticon,frozen,Temperature Scaling,COMPLETE,mean ± sample std; dedicated calibration split,/workspace/reports/c3_classification_results.csv
classification,eurosat,panopticon,frozen,MC Dropout,COMPLETE,primary paired seed42; 30 probability passes,/workspace/reports/mc_dropout_results.csv
classification,eurosat,panopticon,frozen,Deep Ensemble,COMPLETE,single 3-member probability-mean ensemble; not pooled with members,/workspace/reports/c3_classification_results.csv
classification,eurosat,panopticon,full_finetune,Deterministic,COMPLETE,mean ± sample std across deterministic seeds,/workspace/reports/c1_classification_run_audits/20260816T063820Z/c1_run_audit.json
classification,eurosat,panopticon,full_finetune,Temperature Scaling,COMPLETE,mean ± sample std; dedicated calibration split,/workspace/reports/c3_classification_results.csv
classification,eurosat,panopticon,full_finetune,MC Dropout,COMPLETE,primary paired seed42; 30 probability passes,/workspace/reports/mc_dropout_results.csv
classification,eurosat,panopticon,full_finetune,Deep Ensemble,COMPLETE,single 3-member probability-mean ensemble; not pooled with members,/workspace/reports/c3_classification_results.csv
classification,treesatai,dofa,frozen,Deterministic,COMPLETE,mean ± sample std across deterministic seeds,/workspace/reports/c1_classification_run_audits/20260816T063820Z/c1_run_audit.json
classification,treesatai,dofa,frozen,Temperature Scaling,N/A,N/A — no independent calibration split under the completed benchmark protocol,/workspace/reports/thesis_master_results.csv
classification,treesatai,dofa,frozen,MC Dropout,COMPLETE,primary paired seed42; 30 probability passes,/workspace/reports/mc_dropout_results.csv
classification,treesatai,dofa,frozen,Deep Ensemble,COMPLETE,single 3-member probability-mean ensemble; not pooled with members,/workspace/reports/c3_classification_results.csv
classification,treesatai,dofa,full_finetune,Deterministic,COMPLETE,mean ± sample std across deterministic seeds,/workspace/reports/c1_classification_run_audits/20260816T063820Z/c1_run_audit.json
classification,treesatai,dofa,full_finetune,Temperature Scaling,N/A,N/A — no independent calibration split under the completed benchmark protocol,/workspace/reports/thesis_master_results.csv
classification,treesatai,dofa,full_finetune,MC Dropout,COMPLETE,primary paired seed42; 30 probability passes,/workspace/reports/mc_dropout_results.csv
classification,treesatai,dofa,full_finetune,Deep Ensemble,COMPLETE,single 3-member probability-mean ensemble; not pooled with members,/workspace/reports/c3_classification_results.csv
classification,treesatai,panopticon,frozen,Deterministic,COMPLETE,mean ± sample std across deterministic seeds,/workspace/reports/c1_classification_run_audits/20260816T063820Z/c1_run_audit.json
classification,treesatai,panopticon,frozen,Temperature Scaling,N/A,N/A — no independent calibration split under the completed benchmark protocol,/workspace/reports/thesis_master_results.csv
classification,treesatai,panopticon,frozen,MC Dropout,COMPLETE,primary paired seed42; 30 probability passes,/workspace/reports/mc_dropout_results.csv
classification,treesatai,panopticon,frozen,Deep Ensemble,COMPLETE,single 3-member probability-mean ensemble; not pooled with members,/workspace/reports/c3_classification_results.csv
classification,treesatai,panopticon,full_finetune,Deterministic,COMPLETE,mean ± sample std across deterministic seeds,/workspace/reports/c1_classification_run_audits/20260816T063820Z/c1_run_audit.json
classification,treesatai,panopticon,full_finetune,Temperature Scaling,N/A,N/A — no independent calibration split under the completed benchmark protocol,/workspace/reports/thesis_master_results.csv
classification,treesatai,panopticon,full_finetune,MC Dropout,COMPLETE,primary paired seed42; 30 probability passes,/workspace/reports/mc_dropout_results.csv
classification,treesatai,panopticon,full_finetune,Deep Ensemble,COMPLETE,single 3-member probability-mean ensemble; not pooled with members,/workspace/reports/c3_classification_results.csv
segmentation,cloudsen12,dofa,frozen,Deterministic,COMPLETE,mean ± sample std across deterministic seeds,/workspace/reports/c2_segmentation_run_audits/20260824T162250Z/audit.csv
segmentation,cloudsen12,dofa,frozen,Temperature Scaling,N/A,N/A — Temperature Scaling excluded from the frozen segmentation protocol,/workspace/reports/thesis_master_results.csv
segmentation,cloudsen12,dofa,frozen,MC Dropout,COMPLETE,primary paired seed42; 30 probability passes,/workspace/reports/mc_dropout_results.csv
segmentation,cloudsen12,dofa,frozen,Deep Ensemble,COMPLETE,single 3-member probability-mean ensemble; not pooled with members,/workspace/results/final_thesis/c3_temperature_scaling_and_ensembles/segmentation/deep_ensembles/cloudsen12/dofa/frozen/manifest.json
segmentation,cloudsen12,dofa,full_finetune,Deterministic,COMPLETE,mean ± sample std across deterministic seeds,/workspace/reports/c2_segmentation_run_audits/20260824T162250Z/audit.csv
segmentation,cloudsen12,dofa,full_finetune,Temperature Scaling,N/A,N/A — Temperature Scaling excluded from the frozen segmentation protocol,/workspace/reports/thesis_master_results.csv
segmentation,cloudsen12,dofa,full_finetune,MC Dropout,COMPLETE,primary paired seed42; 30 probability passes,/workspace/reports/mc_dropout_results.csv
segmentation,cloudsen12,dofa,full_finetune,Deep Ensemble,COMPLETE,single 3-member probability-mean ensemble; not pooled with members,/workspace/results/final_thesis/c3_temperature_scaling_and_ensembles/segmentation/deep_ensembles/cloudsen12/dofa/full_finetune/manifest.json
segmentation,cloudsen12,panopticon,frozen,Deterministic,COMPLETE,mean ± sample std across deterministic seeds,/workspace/reports/c2_segmentation_run_audits/20260824T162250Z/audit.csv
segmentation,cloudsen12,panopticon,frozen,Temperature Scaling,N/A,N/A — Temperature Scaling excluded from the frozen segmentation protocol,/workspace/reports/thesis_master_results.csv
segmentation,cloudsen12,panopticon,frozen,MC Dropout,COMPLETE,primary paired seed42; 30 probability passes,/workspace/reports/mc_dropout_results.csv
segmentation,cloudsen12,panopticon,frozen,Deep Ensemble,COMPLETE,single 3-member probability-mean ensemble; not pooled with members,/workspace/results/final_thesis/c3_temperature_scaling_and_ensembles/segmentation/deep_ensembles/cloudsen12/panopticon/frozen/manifest.json
segmentation,cloudsen12,panopticon,full_finetune,Deterministic,COMPLETE,mean ± sample std across deterministic seeds,/workspace/reports/c2_segmentation_run_audits/20260824T162250Z/audit.csv
segmentation,cloudsen12,panopticon,full_finetune,Temperature Scaling,N/A,N/A — Temperature Scaling excluded from the frozen segmentation protocol,/workspace/reports/thesis_master_results.csv
segmentation,cloudsen12,panopticon,full_finetune,MC Dropout,COMPLETE,primary paired seed42; 30 probability passes,/workspace/reports/mc_dropout_results.csv
segmentation,cloudsen12,panopticon,full_finetune,Deep Ensemble,COMPLETE,single 3-member probability-mean ensemble; not pooled with members,/workspace/results/final_thesis/c3_temperature_scaling_and_ensembles/segmentation/deep_ensembles/cloudsen12/panopticon/full_finetune/manifest.json
segmentation,spacenet7,dofa,frozen,Deterministic,COMPLETE,mean ± sample std across deterministic seeds,/workspace/reports/c2_segmentation_run_audits/20260824T162250Z/audit.csv
segmentation,spacenet7,dofa,frozen,Temperature Scaling,N/A,N/A — Temperature Scaling excluded from the frozen segmentation protocol,/workspace/reports/thesis_master_results.csv
segmentation,spacenet7,dofa,frozen,MC Dropout,COMPLETE,primary paired seed42; 30 probability passes,/workspace/reports/mc_dropout_results.csv
segmentation,spacenet7,dofa,frozen,Deep Ensemble,COMPLETE,single 3-member probability-mean ensemble; not pooled with members,/workspace/results/final_thesis/c3_temperature_scaling_and_ensembles/segmentation/deep_ensembles/spacenet7/dofa/frozen/manifest.json
segmentation,spacenet7,dofa,full_finetune,Deterministic,COMPLETE,mean ± sample std across deterministic seeds,/workspace/reports/c2_segmentation_run_audits/20260824T162250Z/audit.csv
segmentation,spacenet7,dofa,full_finetune,Temperature Scaling,N/A,N/A — Temperature Scaling excluded from the frozen segmentation protocol,/workspace/reports/thesis_master_results.csv
segmentation,spacenet7,dofa,full_finetune,MC Dropout,COMPLETE,primary paired seed42; 30 probability passes,/workspace/reports/mc_dropout_results.csv
segmentation,spacenet7,dofa,full_finetune,Deep Ensemble,COMPLETE,single 3-member probability-mean ensemble; not pooled with members,/workspace/results/final_thesis/c3_temperature_scaling_and_ensembles/segmentation/deep_ensembles/spacenet7/dofa/full_finetune/manifest.json
segmentation,spacenet7,panopticon,frozen,Deterministic,COMPLETE,mean ± sample std across deterministic seeds,/workspace/reports/c2_segmentation_run_audits/20260824T162250Z/audit.csv
segmentation,spacenet7,panopticon,frozen,Temperature Scaling,N/A,N/A — Temperature Scaling excluded from the frozen segmentation protocol,/workspace/reports/thesis_master_results.csv
segmentation,spacenet7,panopticon,frozen,MC Dropout,COMPLETE,primary paired seed42; 30 probability passes,/workspace/reports/mc_dropout_results.csv
segmentation,spacenet7,panopticon,frozen,Deep Ensemble,COMPLETE,single 3-member probability-mean ensemble; not pooled with members,/workspace/results/final_thesis/c3_temperature_scaling_and_ensembles/segmentation/deep_ensembles/spacenet7/panopticon/frozen/manifest.json
segmentation,spacenet7,panopticon,full_finetune,Deterministic,COMPLETE,mean ± sample std across deterministic seeds,/workspace/reports/c2_segmentation_run_audits/20260824T162250Z/audit.csv
segmentation,spacenet7,panopticon,full_finetune,Temperature Scaling,N/A,N/A — Temperature Scaling excluded from the frozen segmentation protocol,/workspace/reports/thesis_master_results.csv
segmentation,spacenet7,panopticon,full_finetune,MC Dropout,COMPLETE,primary paired seed42; 30 probability passes,/workspace/reports/mc_dropout_results.csv
segmentation,spacenet7,panopticon,full_finetune,Deep Ensemble,COMPLETE,single 3-member probability-mean ensemble; not pooled with members,/workspace/results/final_thesis/c3_temperature_scaling_and_ensembles/segmentation/deep_ensembles/spacenet7/panopticon/full_finetune/manifest.json
