task,dataset,model,adaptation,method,fit_split,seed,temperature,accuracy_before,accuracy_after,macro_f1_before,macro_f1_after,nll_before,nll_after,brier_before,brier_after,ece_15_before,ece_15_after,threshold_predictions_unchanged,argmax_predictions_unchanged,reliability_diagram,output_path
classification,treesatai,dofa,frozen,temperature_scaling_validation_fitted,official_validation,42,1.0852348249239225,0.255,0.255,0.21952595320890655,0.21952595320890655,0.2565311286066247,0.25612093878004927,0.07417677751561987,0.07435507741489804,0.009970103394314325,0.011743640415685493,True,True,/workspace/results/final_thesis/c3_temperature_scaling_and_ensembles/classification/temperature_scaling/treesatai/dofa/frozen/seed42/reliability_raw_vs_calibrated.png,/workspace/results/final_thesis/c3_temperature_scaling_and_ensembles/classification/temperature_scaling/treesatai/dofa/frozen/seed42
classification,treesatai,dofa,frozen,temperature_scaling_validation_fitted,official_validation,43,1.0278173607423227,0.258,0.258,0.22691229597688878,0.22691229597688878,0.25505652606296514,0.2551083324333946,0.07377319096220138,0.07386409526973989,0.010719108291324612,0.011695947350194354,True,True,/workspace/results/final_thesis/c3_temperature_scaling_and_ensembles/classification/temperature_scaling/treesatai/dofa/frozen/seed43/reliability_raw_vs_calibrated.png,/workspace/results/final_thesis/c3_temperature_scaling_and_ensembles/classification/temperature_scaling/treesatai/dofa/frozen/seed43
classification,treesatai,dofa,frozen,temperature_scaling_validation_fitted,official_validation,44,1.0150373639358607,0.257,0.257,0.22305546606281948,0.22305546606281948,0.2559439180921295,0.2559837411280784,0.07399353936118724,0.07404493311127638,0.011730424604134357,0.012303612450147317,True,True,/workspace/results/final_thesis/c3_temperature_scaling_and_ensembles/classification/temperature_scaling/treesatai/dofa/frozen/seed44/reliability_raw_vs_calibrated.png,/workspace/results/final_thesis/c3_temperature_scaling_and_ensembles/classification/temperature_scaling/treesatai/dofa/frozen/seed44
classification,treesatai,dofa,full_finetune,temperature_scaling_validation_fitted,official_validation,42,1.0278041662575819,0.265,0.265,0.24827355184214414,0.24827355184214414,0.24993526522336015,0.2506126977885739,0.07259371298932656,0.07276093917063861,0.014092692001103002,0.017498697043530485,True,True,/workspace/results/final_thesis/c3_temperature_scaling_and_ensembles/classification/temperature_scaling/treesatai/dofa/full_finetune/seed42/reliability_raw_vs_calibrated.png,/workspace/results/final_thesis/c3_temperature_scaling_and_ensembles/classification/temperature_scaling/treesatai/dofa/full_finetune/seed42
classification,treesatai,dofa,full_finetune,temperature_scaling_validation_fitted,official_validation,43,1.1198621238762767,0.2655,0.2655,0.2298206297766517,0.2298206297766517,0.24390973607257585,0.24446962016989715,0.07065762455633832,0.07093509629869292,0.00811948700248457,0.01303699994106818,True,True,/workspace/results/final_thesis/c3_temperature_scaling_and_ensembles/classification/temperature_scaling/treesatai/dofa/full_finetune/seed43/reliability_raw_vs_calibrated.png,/workspace/results/final_thesis/c3_temperature_scaling_and_ensembles/classification/temperature_scaling/treesatai/dofa/full_finetune/seed43
classification,treesatai,dofa,full_finetune,temperature_scaling_validation_fitted,official_validation,44,0.9920577370641528,0.27,0.27,0.2533750073507743,0.2533750073507743,0.2467307085741677,0.24656710434257495,0.0718198402949528,0.07177863702639785,0.015451789337351354,0.014460395298683034,True,True,/workspace/results/final_thesis/c3_temperature_scaling_and_ensembles/classification/temperature_scaling/treesatai/dofa/full_finetune/seed44/reliability_raw_vs_calibrated.png,/workspace/results/final_thesis/c3_temperature_scaling_and_ensembles/classification/temperature_scaling/treesatai/dofa/full_finetune/seed44
classification,treesatai,panopticon,frozen,temperature_scaling_validation_fitted,official_validation,42,1.0562399893896468,0.2395,0.2395,0.2067960209801897,0.2067960209801897,0.2581931407713735,0.25865894195039557,0.07572142478159816,0.07590902295963539,0.010479455109675642,0.012975157194987442,True,True,/workspace/results/final_thesis/c3_temperature_scaling_and_ensembles/classification/temperature_scaling/treesatai/panopticon/frozen/seed42/reliability_raw_vs_calibrated.png,/workspace/results/final_thesis/c3_temperature_scaling_and_ensembles/classification/temperature_scaling/treesatai/panopticon/frozen/seed42
classification,treesatai,panopticon,frozen,temperature_scaling_validation_fitted,official_validation,43,1.0671357204372107,0.2395,0.2395,0.21708631436294953,0.21708631436294953,0.25458321650747057,0.25491944594353627,0.07466152302710222,0.07483723090055946,0.008726503121045743,0.01112136415190888,True,True,/workspace/results/final_thesis/c3_temperature_scaling_and_ensembles/classification/temperature_scaling/treesatai/panopticon/frozen/seed43/reliability_raw_vs_calibrated.png,/workspace/results/final_thesis/c3_temperature_scaling_and_ensembles/classification/temperature_scaling/treesatai/panopticon/frozen/seed43
classification,treesatai,panopticon,frozen,temperature_scaling_validation_fitted,official_validation,44,1.0799095334297701,0.2345,0.2345,0.20865760915644568,0.20865760915644568,0.2582176728220135,0.25824087191263473,0.07574351897357923,0.07591625661767529,0.009280648750194262,0.01115163286213952,True,True,/workspace/results/final_thesis/c3_temperature_scaling_and_ensembles/classification/temperature_scaling/treesatai/panopticon/frozen/seed44/reliability_raw_vs_calibrated.png,/workspace/results/final_thesis/c3_temperature_scaling_and_ensembles/classification/temperature_scaling/treesatai/panopticon/frozen/seed44
classification,treesatai,panopticon,full_finetune,temperature_scaling_validation_fitted,official_validation,42,1.1487070217565525,0.2835,0.2835,0.2447009605210901,0.2447009605210901,0.24993001687483224,0.25054780729521847,0.07284414774953409,0.07322238383038993,0.011266771610222931,0.015707563990030912,True,True,/workspace/results/final_thesis/c3_temperature_scaling_and_ensembles/classification/temperature_scaling/treesatai/panopticon/full_finetune/seed42/reliability_raw_vs_calibrated.png,/workspace/results/final_thesis/c3_temperature_scaling_and_ensembles/classification/temperature_scaling/treesatai/panopticon/full_finetune/seed42
classification,treesatai,panopticon,full_finetune,temperature_scaling_validation_fitted,official_validation,43,1.0693096825031947,0.25,0.25,0.21852796184352313,0.21852796184352313,0.2462376971562342,0.24661070038775673,0.07177279996021087,0.07185190432794099,0.004157547359346375,0.008067943426419321,True,True,/workspace/results/final_thesis/c3_temperature_scaling_and_ensembles/classification/temperature_scaling/treesatai/panopticon/full_finetune/seed43/reliability_raw_vs_calibrated.png,/workspace/results/final_thesis/c3_temperature_scaling_and_ensembles/classification/temperature_scaling/treesatai/panopticon/full_finetune/seed43
classification,treesatai,panopticon,full_finetune,temperature_scaling_validation_fitted,official_validation,44,1.031815310899992,0.221,0.221,0.1960271104495312,0.1960271104495312,0.2552054494262772,0.2556988268746627,0.07494079561295552,0.07505160094586118,0.007464281007674163,0.011036784621782827,True,True,/workspace/results/final_thesis/c3_temperature_scaling_and_ensembles/classification/temperature_scaling/treesatai/panopticon/full_finetune/seed44/reliability_raw_vs_calibrated.png,/workspace/results/final_thesis/c3_temperature_scaling_and_ensembles/classification/temperature_scaling/treesatai/panopticon/full_finetune/seed44
