claim_id,status,affected_rq,finding,evidence_path,next_step,minimal_remedy,work_type,claim_limit,priority
CORE_RQ1,PASS,RQ1,限定配置下的校准与任务表现已有直接结果,reports/core_rq_completion_20260921/published/tables/thesis_master_results.csv;reports/core_rq_completion_20260921/RESULTS_SECTION.md,S0,无新增实验；限定外推和历史来源,NONE,可以完整写结果,core
CORE_RQ2,PASS,RQ2,8个模型数据块各3seed完整适配配方比较,reports/core_rq_audit_20260918/paired_effect_summaries.csv,S0,无新增实验；不得写纯冻结因果效应,NONE,可以完整写结果,core
CORE_RQ3,PASS,RQ3,TS限EuroSAT；MC/Off24组；DE16组,reports/core_rq_completion_20260921/mc_dropout_three_way.csv;reports/core_rq_completion_20260921/published/tables/thesis_master_results.csv,S0,保留NA/负结果/重复层级,NONE,能回答校准与任务性能代价,core
HISTORICAL_PROVENANCE,UNKNOWN,RQ1;RQ2;RQ3,DOFA-EuroSAT归一化推导及六run训练时代码未恢复,reports/core_rq_completion_20260921/provenance_followup.md,S0,披露；有原始历史证据时再核；不自动补训,ARCHIVAL_EVIDENCE,不影响已保存预测的数值描述；限制复现和归因,core_limitation
OFF_NOTE_ERRATUM,FAIL,RQ3,封存覆盖表16条MC备注过期；本轮更正阅读表已提供,reports/core_rq_completion_20260921/coverage_matrix.csv;reports/thesis_dossier_assessment_20260926/coverage_matrix_review_view.csv,S0,使用更正视图和三方对照；保留封存原件,DOCUMENT_ONLY,不能再据旧备注要求补24组Off,documentation_original
COST_MEASUREMENT,UNKNOWN,RQ3 supplement,MC推理/TS拟合应用无实测；DE为成员时间和且不含聚合,reports/thesis_dossier_assessment_20260926/compute_cost_evidence.csv,S0 timing branch,披露或为精确效率主张补统一计时,NEW_TIMING_OPTIONAL,不能将T或M当wall-time倍数,conditional
ARCHIVE_INPUTS,PASS,Extensions,208路径与size匹配；7类真实header核实；不是全量hash重审,research_data/manifest.parquet;reports/thesis_dossier_assessment_20260926/evidence_inventory.json,S1;S2,实施新分析前按具体产物检查ID/语义,METADATA_ONLY_COMPLETED,数据具备不等于分析完成,availability
ERROR_UTILITY,UNKNOWN,RQ3 extension,尚无完成的错误识别与风险覆盖报告,research_data/manifest.parquet;reports/thesis_dossier_assessment_20260926/evidence_inventory.json,S1,固定预测器比较分数；再比较预测器排序器；报错误率类别与组单位,SAVED_PREDICTION_ANALYSIS,完成后可写限定范围行为效用,recommended
LOGIT_GEOMETRY,UNKNOWN,RQ2;RQ3 interpretation,已有logits与TS；未完成尺度/错误条件分析,research_data/manifest.parquet;reports/core_rq_completion_20260921/published/tables/thesis_master_results.csv,S2a,中心化多分类norm与margin；同权重TS；不要再拟合test,SAVED_PREDICTION_ANALYSIS,尺度与校准关联，不是完整机制归因,recommended
PROXY_DEPENDENCE,UNKNOWN,AU/EU discussion,现成EE/MI及张量存在，成体系评分规则与行为对照未完成,research_data/manifest.parquet;reports/mc_dropout_summary.md,S2b,同样本Shannon/Gini分解与S1效用；检查有限成员与标签语义,SAVED_PREDICTION_ANALYSIS,代理/方案依赖，不是物理耦合,recommended
POOLED_CKA,UNKNOWN,RQ2 interpretation,18分类embedding与24seg pooled representation可用，无已完成CKA,research_data/manifest.parquet;reports/thesis_dossier_assessment_20260926/evidence_inventory.json,S3a,同样本同层配对；如需补齐D-DOFA-EuroSAT补6前向,SAVED_FEATURE_ANALYSIS_OR_EXTRACTION,关联而非因果,optional
LAYERWISE_SPATIAL_MECHANISM,UNKNOWN,RQ2 interpretation,未保存所需逐层稠密空间特征,research_data/manifest.parquet,S3a,新特征前向或梯度计算；若因果则S4,NEW_INFERENCE_OR_GRADIENTS,不能把pooled CKA当空间机制,optional
CORRUPTION,UNKNOWN,Robustness extension,未发现纳入当前证据包的实际扰动结果,reports/thesis_dossier_assessment_20260926/evidence_inventory.json,S3b,单任务2FM2适配seed42；clean+两强度；固定标签语义/TS,NEW_INFERENCE,只支持所测退化,optional
MODULE_CAUSALITY,UNKNOWN,RQ2 mechanism,旧配方不同，无模块2x2受控训练,reports/core_rq_completion_20260921/checks.csv,S4,1任务2FM4条件3seed=24训练位置；严格匹配才复用12旧位置,NEW_TRAINING,指定配方下模块可训练性影响,deferred
SOURCE_INTERACTION,UNKNOWN,AU/EU theory,未有已知生成机制参照和来源干预,reports/core_rq_completion_20260921/EO_UQ_Thesis_Conversation_Dossier_for_Codex.md,S5,先2x2合成设计与独立数据重复；EO干预不得命名即真值,NEW_SIMULATION_AND_OPTIONAL_TRAINING,操作交互与真实来源识别分开,deferred
NEW_METHOD,NA,New contribution,当前没有新方法承诺或已定义算法,reports/thesis_readiness_20260926/confirmed_context.json,S6,若主动扩展先定义命题/算法和必要对照,NEW_RESEARCH_IF_CHOSEN,不能凭新增方法数量保证创新,outside_current_scope
FORMAL_ACCEPTANCE,UNKNOWN,Thesis,档案转述导师方向；正式要求与全文评阅未提供,reports/core_rq_completion_20260921/EO_UQ_Thesis_Conversation_Dossier_for_Codex.md,S0,确认论文定位并完成全文；不是实验数量门槛,WRITING_SCOPE_CONFIRMATION,研究充分性不等于学位通过保证,external
