dataset,model,adaptation,uq_method,seed,kind,bin,n_bins,interval,count,mean_confidence,observed_frequency,lower,upper
eurosat,dofa,frozen,deterministic,42,decision,0,15,"[lower,upper]",0,,,0.0,0.06666666666666667
eurosat,dofa,frozen,deterministic,42,decision,1,15,"(lower,upper]",0,,,0.06666666666666667,0.13333333333333333
eurosat,dofa,frozen,deterministic,42,decision,2,15,"(lower,upper]",0,,,0.13333333333333333,0.2
eurosat,dofa,frozen,deterministic,42,decision,3,15,"(lower,upper]",1,0.2524162828922272,0.0,0.2,0.26666666666666666
eurosat,dofa,frozen,deterministic,42,decision,4,15,"(lower,upper]",0,,,0.26666666666666666,0.3333333333333333
eurosat,dofa,frozen,deterministic,42,decision,5,15,"(lower,upper]",3,0.3655795454978943,0.3333333333333333,0.3333333333333333,0.4
eurosat,dofa,frozen,deterministic,42,decision,6,15,"(lower,upper]",1,0.44159233570098877,0.0,0.4,0.4666666666666667
eurosat,dofa,frozen,deterministic,42,decision,7,15,"(lower,upper]",3,0.4996938804785411,0.3333333333333333,0.4666666666666667,0.5333333333333333
eurosat,dofa,frozen,deterministic,42,decision,8,15,"(lower,upper]",12,0.5660386433204015,0.5833333333333334,0.5333333333333333,0.6
eurosat,dofa,frozen,deterministic,42,decision,9,15,"(lower,upper]",19,0.6407073014660886,0.7368421052631579,0.6,0.6666666666666666
eurosat,dofa,frozen,deterministic,42,decision,10,15,"(lower,upper]",22,0.697830387137153,0.7727272727272727,0.6666666666666666,0.7333333333333333
eurosat,dofa,frozen,deterministic,42,decision,11,15,"(lower,upper]",24,0.762982614338398,0.7916666666666666,0.7333333333333333,0.8
eurosat,dofa,frozen,deterministic,42,decision,12,15,"(lower,upper]",33,0.8407260360139789,0.9090909090909091,0.8,0.8666666666666667
eurosat,dofa,frozen,deterministic,42,decision,13,15,"(lower,upper]",73,0.9088400234914806,0.9315068493150684,0.8666666666666667,0.9333333333333333
eurosat,dofa,frozen,deterministic,42,decision,14,15,"(lower,upper]",2523,0.9960013630604678,0.995243757431629,0.9333333333333333,1.0
eurosat,dofa,frozen,temperature_scaling,42,decision,0,15,"[lower,upper]",0,,,0.0,0.06666666666666667
eurosat,dofa,frozen,temperature_scaling,42,decision,1,15,"(lower,upper]",0,,,0.06666666666666667,0.13333333333333333
eurosat,dofa,frozen,temperature_scaling,42,decision,2,15,"(lower,upper]",0,,,0.13333333333333333,0.2
eurosat,dofa,frozen,temperature_scaling,42,decision,3,15,"(lower,upper]",1,0.2539481086336226,0.0,0.2,0.26666666666666666
eurosat,dofa,frozen,temperature_scaling,42,decision,4,15,"(lower,upper]",0,,,0.26666666666666666,0.3333333333333333
eurosat,dofa,frozen,temperature_scaling,42,decision,5,15,"(lower,upper]",3,0.36790576358795946,0.3333333333333333,0.3333333333333333,0.4
eurosat,dofa,frozen,temperature_scaling,42,decision,6,15,"(lower,upper]",1,0.44286257462916256,0.0,0.4,0.4666666666666667
eurosat,dofa,frozen,temperature_scaling,42,decision,7,15,"(lower,upper]",3,0.5015136758168237,0.3333333333333333,0.4666666666666667,0.5333333333333333
eurosat,dofa,frozen,temperature_scaling,42,decision,8,15,"(lower,upper]",12,0.5688756530729955,0.5833333333333334,0.5333333333333333,0.6
eurosat,dofa,frozen,temperature_scaling,42,decision,9,15,"(lower,upper]",18,0.642762003402096,0.7222222222222222,0.6,0.6666666666666666
eurosat,dofa,frozen,temperature_scaling,42,decision,10,15,"(lower,upper]",22,0.699115552077457,0.7727272727272727,0.6666666666666666,0.7333333333333333
eurosat,dofa,frozen,temperature_scaling,42,decision,11,15,"(lower,upper]",24,0.765281316124474,0.7916666666666666,0.7333333333333333,0.8
eurosat,dofa,frozen,temperature_scaling,42,decision,12,15,"(lower,upper]",29,0.8399722719450948,0.896551724137931,0.8,0.8666666666666667
eurosat,dofa,frozen,temperature_scaling,42,decision,13,15,"(lower,upper]",73,0.9083185961431522,0.9315068493150684,0.8666666666666667,0.9333333333333333
eurosat,dofa,frozen,temperature_scaling,42,decision,14,15,"(lower,upper]",2528,0.9961777541857323,0.995253164556962,0.9333333333333333,1.0
eurosat,dofa,frozen,mc_dropout,42,decision,0,15,"[lower,upper]",0,,,0.0,0.06666666666666667
eurosat,dofa,frozen,mc_dropout,42,decision,1,15,"(lower,upper]",0,,,0.06666666666666667,0.13333333333333333
eurosat,dofa,frozen,mc_dropout,42,decision,2,15,"(lower,upper]",0,,,0.13333333333333333,0.2
eurosat,dofa,frozen,mc_dropout,42,decision,3,15,"(lower,upper]",0,,,0.2,0.26666666666666666
eurosat,dofa,frozen,mc_dropout,42,decision,4,15,"(lower,upper]",0,,,0.26666666666666666,0.3333333333333333
eurosat,dofa,frozen,mc_dropout,42,decision,5,15,"(lower,upper]",1,0.36326831579208374,1.0,0.3333333333333333,0.4
eurosat,dofa,frozen,mc_dropout,42,decision,6,15,"(lower,upper]",1,0.462929368019104,1.0,0.4,0.4666666666666667
eurosat,dofa,frozen,mc_dropout,42,decision,7,15,"(lower,upper]",8,0.49875305220484734,0.875,0.4666666666666667,0.5333333333333333
eurosat,dofa,frozen,mc_dropout,42,decision,8,15,"(lower,upper]",16,0.5689960345625877,0.4375,0.5333333333333333,0.6
eurosat,dofa,frozen,mc_dropout,42,decision,9,15,"(lower,upper]",18,0.6358386278152466,0.7777777777777778,0.6,0.6666666666666666
eurosat,dofa,frozen,mc_dropout,42,decision,10,15,"(lower,upper]",32,0.7007334977388382,0.75,0.6666666666666666,0.7333333333333333
eurosat,dofa,frozen,mc_dropout,42,decision,11,15,"(lower,upper]",26,0.7693650332780985,0.7307692307692307,0.7333333333333333,0.8
eurosat,dofa,frozen,mc_dropout,42,decision,12,15,"(lower,upper]",36,0.8374201738172107,0.9722222222222222,0.8,0.8666666666666667
eurosat,dofa,frozen,mc_dropout,42,decision,13,15,"(lower,upper]",60,0.902834536631902,1.0,0.8666666666666667,0.9333333333333333
eurosat,dofa,frozen,mc_dropout,42,decision,14,15,"(lower,upper]",2516,0.9966909517260159,0.9960254372019078,0.9333333333333333,1.0
eurosat,dofa,frozen,deep_ensemble,42;43;44,decision,0,15,"[lower,upper]",0,,,0.0,0.06666666666666667
eurosat,dofa,frozen,deep_ensemble,42;43;44,decision,1,15,"(lower,upper]",0,,,0.06666666666666667,0.13333333333333333
eurosat,dofa,frozen,deep_ensemble,42;43;44,decision,2,15,"(lower,upper]",0,,,0.13333333333333333,0.2
eurosat,dofa,frozen,deep_ensemble,42;43;44,decision,3,15,"(lower,upper]",0,,,0.2,0.26666666666666666
eurosat,dofa,frozen,deep_ensemble,42;43;44,decision,4,15,"(lower,upper]",1,0.31831101576487225,1.0,0.26666666666666666,0.3333333333333333
eurosat,dofa,frozen,deep_ensemble,42;43;44,decision,5,15,"(lower,upper]",2,0.3541911567250887,0.0,0.3333333333333333,0.4
eurosat,dofa,frozen,deep_ensemble,42;43;44,decision,6,15,"(lower,upper]",1,0.4397834638754527,1.0,0.4,0.4666666666666667
eurosat,dofa,frozen,deep_ensemble,42;43;44,decision,7,15,"(lower,upper]",7,0.515617616829418,0.5714285714285714,0.4666666666666667,0.5333333333333333
eurosat,dofa,frozen,deep_ensemble,42;43;44,decision,8,15,"(lower,upper]",17,0.5626085409346748,0.47058823529411764,0.5333333333333333,0.6
eurosat,dofa,frozen,deep_ensemble,42;43;44,decision,9,15,"(lower,upper]",15,0.6406418548689948,0.6,0.6,0.6666666666666666
eurosat,dofa,frozen,deep_ensemble,42;43;44,decision,10,15,"(lower,upper]",18,0.7000409491636135,0.7777777777777778,0.6666666666666666,0.7333333333333333
eurosat,dofa,frozen,deep_ensemble,42;43;44,decision,11,15,"(lower,upper]",30,0.7677123063140444,0.8333333333333334,0.7333333333333333,0.8
eurosat,dofa,frozen,deep_ensemble,42;43;44,decision,12,15,"(lower,upper]",37,0.8360473459905334,0.918918918918919,0.8,0.8666666666666667
eurosat,dofa,frozen,deep_ensemble,42;43;44,decision,13,15,"(lower,upper]",55,0.9053172425790268,0.9636363636363636,0.8666666666666667,0.9333333333333333
eurosat,dofa,frozen,deep_ensemble,42;43;44,decision,14,15,"(lower,upper]",2531,0.996354560967916,0.9960489924930858,0.9333333333333333,1.0
eurosat,dofa,full_finetune,deterministic,42,decision,0,15,"[lower,upper]",0,,,0.0,0.06666666666666667
eurosat,dofa,full_finetune,deterministic,42,decision,1,15,"(lower,upper]",0,,,0.06666666666666667,0.13333333333333333
eurosat,dofa,full_finetune,deterministic,42,decision,2,15,"(lower,upper]",0,,,0.13333333333333333,0.2
eurosat,dofa,full_finetune,deterministic,42,decision,3,15,"(lower,upper]",0,,,0.2,0.26666666666666666
eurosat,dofa,full_finetune,deterministic,42,decision,4,15,"(lower,upper]",0,,,0.26666666666666666,0.3333333333333333
eurosat,dofa,full_finetune,deterministic,42,decision,5,15,"(lower,upper]",2,0.3770553022623062,0.5,0.3333333333333333,0.4
eurosat,dofa,full_finetune,deterministic,42,decision,6,15,"(lower,upper]",2,0.4459570348262787,0.5,0.4,0.4666666666666667
eurosat,dofa,full_finetune,deterministic,42,decision,7,15,"(lower,upper]",23,0.5024902392988619,0.5652173913043478,0.4666666666666667,0.5333333333333333
eurosat,dofa,full_finetune,deterministic,42,decision,8,15,"(lower,upper]",24,0.570534365872542,0.4583333333333333,0.5333333333333333,0.6
eurosat,dofa,full_finetune,deterministic,42,decision,9,15,"(lower,upper]",31,0.6341277841598757,0.6774193548387096,0.6,0.6666666666666666
eurosat,dofa,full_finetune,deterministic,42,decision,10,15,"(lower,upper]",23,0.6970141244971234,0.6521739130434783,0.6666666666666666,0.7333333333333333
eurosat,dofa,full_finetune,deterministic,42,decision,11,15,"(lower,upper]",38,0.7662013643666318,0.8421052631578947,0.7333333333333333,0.8
eurosat,dofa,full_finetune,deterministic,42,decision,12,15,"(lower,upper]",57,0.8326333206996583,0.9298245614035088,0.8,0.8666666666666667
eurosat,dofa,full_finetune,deterministic,42,decision,13,15,"(lower,upper]",100,0.9028854686021804,0.9,0.8666666666666667,0.9333333333333333
eurosat,dofa,full_finetune,deterministic,42,decision,14,15,"(lower,upper]",2414,0.9956939911042351,0.9933719966859983,0.9333333333333333,1.0
eurosat,dofa,full_finetune,temperature_scaling,42,decision,0,15,"[lower,upper]",0,,,0.0,0.06666666666666667
eurosat,dofa,full_finetune,temperature_scaling,42,decision,1,15,"(lower,upper]",0,,,0.06666666666666667,0.13333333333333333
eurosat,dofa,full_finetune,temperature_scaling,42,decision,2,15,"(lower,upper]",0,,,0.13333333333333333,0.2
eurosat,dofa,full_finetune,temperature_scaling,42,decision,3,15,"(lower,upper]",0,,,0.2,0.26666666666666666
eurosat,dofa,full_finetune,temperature_scaling,42,decision,4,15,"(lower,upper]",0,,,0.26666666666666666,0.3333333333333333
eurosat,dofa,full_finetune,temperature_scaling,42,decision,5,15,"(lower,upper]",2,0.3629926819284657,0.5,0.3333333333333333,0.4
eurosat,dofa,full_finetune,temperature_scaling,42,decision,6,15,"(lower,upper]",5,0.4498844097832258,0.6,0.4,0.4666666666666667
eurosat,dofa,full_finetune,temperature_scaling,42,decision,7,15,"(lower,upper]",23,0.4980956870396059,0.5217391304347826,0.4666666666666667,0.5333333333333333
eurosat,dofa,full_finetune,temperature_scaling,42,decision,8,15,"(lower,upper]",24,0.563961078981983,0.4583333333333333,0.5333333333333333,0.6
eurosat,dofa,full_finetune,temperature_scaling,42,decision,9,15,"(lower,upper]",38,0.6282422918431954,0.7105263157894737,0.6,0.6666666666666666
eurosat,dofa,full_finetune,temperature_scaling,42,decision,10,15,"(lower,upper]",29,0.7041513410525916,0.7586206896551724,0.6666666666666666,0.7333333333333333
eurosat,dofa,full_finetune,temperature_scaling,42,decision,11,15,"(lower,upper]",44,0.7702575085733705,0.8863636363636364,0.7333333333333333,0.8
eurosat,dofa,full_finetune,temperature_scaling,42,decision,12,15,"(lower,upper]",63,0.8346786087625389,0.8412698412698413,0.8,0.8666666666666667
eurosat,dofa,full_finetune,temperature_scaling,42,decision,13,15,"(lower,upper]",104,0.9018672294803058,0.9519230769230769,0.8666666666666667,0.9333333333333333
eurosat,dofa,full_finetune,temperature_scaling,42,decision,14,15,"(lower,upper]",2382,0.9946501406529116,0.9941225860621327,0.9333333333333333,1.0
eurosat,dofa,full_finetune,mc_dropout,42,decision,0,15,"[lower,upper]",0,,,0.0,0.06666666666666667
eurosat,dofa,full_finetune,mc_dropout,42,decision,1,15,"(lower,upper]",0,,,0.06666666666666667,0.13333333333333333
eurosat,dofa,full_finetune,mc_dropout,42,decision,2,15,"(lower,upper]",0,,,0.13333333333333333,0.2
eurosat,dofa,full_finetune,mc_dropout,42,decision,3,15,"(lower,upper]",0,,,0.2,0.26666666666666666
eurosat,dofa,full_finetune,mc_dropout,42,decision,4,15,"(lower,upper]",0,,,0.26666666666666666,0.3333333333333333
eurosat,dofa,full_finetune,mc_dropout,42,decision,5,15,"(lower,upper]",7,0.3733209030968802,0.7142857142857143,0.3333333333333333,0.4
eurosat,dofa,full_finetune,mc_dropout,42,decision,6,15,"(lower,upper]",11,0.4381132125854492,0.6363636363636364,0.4,0.4666666666666667
eurosat,dofa,full_finetune,mc_dropout,42,decision,7,15,"(lower,upper]",31,0.5044916781686968,0.41935483870967744,0.4666666666666667,0.5333333333333333
eurosat,dofa,full_finetune,mc_dropout,42,decision,8,15,"(lower,upper]",34,0.565621067495907,0.5882352941176471,0.5333333333333333,0.6
eurosat,dofa,full_finetune,mc_dropout,42,decision,9,15,"(lower,upper]",30,0.6322667380174001,0.5666666666666667,0.6,0.6666666666666666
eurosat,dofa,full_finetune,mc_dropout,42,decision,10,15,"(lower,upper]",36,0.7025179614623388,0.8055555555555556,0.6666666666666666,0.7333333333333333
eurosat,dofa,full_finetune,mc_dropout,42,decision,11,15,"(lower,upper]",56,0.7620535844138691,0.8214285714285714,0.7333333333333333,0.8
eurosat,dofa,full_finetune,mc_dropout,42,decision,12,15,"(lower,upper]",93,0.83356176781398,0.8924731182795699,0.8,0.8666666666666667
eurosat,dofa,full_finetune,mc_dropout,42,decision,13,15,"(lower,upper]",133,0.9044890681603798,0.8796992481203008,0.8666666666666667,0.9333333333333333
eurosat,dofa,full_finetune,mc_dropout,42,decision,14,15,"(lower,upper]",2283,0.9937015324635199,0.9921156373193167,0.9333333333333333,1.0
eurosat,dofa,full_finetune,deep_ensemble,42;43;44,decision,0,15,"[lower,upper]",0,,,0.0,0.06666666666666667
eurosat,dofa,full_finetune,deep_ensemble,42;43;44,decision,1,15,"(lower,upper]",0,,,0.06666666666666667,0.13333333333333333
eurosat,dofa,full_finetune,deep_ensemble,42;43;44,decision,2,15,"(lower,upper]",0,,,0.13333333333333333,0.2
eurosat,dofa,full_finetune,deep_ensemble,42;43;44,decision,3,15,"(lower,upper]",0,,,0.2,0.26666666666666666
eurosat,dofa,full_finetune,deep_ensemble,42;43;44,decision,4,15,"(lower,upper]",1,0.29437871063904214,0.0,0.26666666666666666,0.3333333333333333
eurosat,dofa,full_finetune,deep_ensemble,42;43;44,decision,5,15,"(lower,upper]",0,,,0.3333333333333333,0.4
eurosat,dofa,full_finetune,deep_ensemble,42;43;44,decision,6,15,"(lower,upper]",9,0.43741318745607577,0.6666666666666666,0.4,0.4666666666666667
eurosat,dofa,full_finetune,deep_ensemble,42;43;44,decision,7,15,"(lower,upper]",17,0.5103278972628508,0.35294117647058826,0.4666666666666667,0.5333333333333333
eurosat,dofa,full_finetune,deep_ensemble,42;43;44,decision,8,15,"(lower,upper]",28,0.5622141860658302,0.6785714285714286,0.5333333333333333,0.6
eurosat,dofa,full_finetune,deep_ensemble,42;43;44,decision,9,15,"(lower,upper]",44,0.638839236303807,0.8181818181818182,0.6,0.6666666666666666
eurosat,dofa,full_finetune,deep_ensemble,42;43;44,decision,10,15,"(lower,upper]",62,0.7005594906557394,0.8709677419354839,0.6666666666666666,0.7333333333333333
eurosat,dofa,full_finetune,deep_ensemble,42;43;44,decision,11,15,"(lower,upper]",69,0.7709946311326418,0.9565217391304348,0.7333333333333333,0.8
eurosat,dofa,full_finetune,deep_ensemble,42;43;44,decision,12,15,"(lower,upper]",66,0.83437103303996,0.9545454545454546,0.8,0.8666666666666667
eurosat,dofa,full_finetune,deep_ensemble,42;43;44,decision,13,15,"(lower,upper]",131,0.9052106157210642,0.9923664122137404,0.8666666666666667,0.9333333333333333
eurosat,dofa,full_finetune,deep_ensemble,42;43;44,decision,14,15,"(lower,upper]",2287,0.9933822084369736,1.0,0.9333333333333333,1.0
eurosat,panopticon,frozen,deterministic,42,decision,0,15,"[lower,upper]",0,,,0.0,0.06666666666666667
eurosat,panopticon,frozen,deterministic,42,decision,1,15,"(lower,upper]",0,,,0.06666666666666667,0.13333333333333333
eurosat,panopticon,frozen,deterministic,42,decision,2,15,"(lower,upper]",0,,,0.13333333333333333,0.2
eurosat,panopticon,frozen,deterministic,42,decision,3,15,"(lower,upper]",0,,,0.2,0.26666666666666666
eurosat,panopticon,frozen,deterministic,42,decision,4,15,"(lower,upper]",1,0.3029323220252991,1.0,0.26666666666666666,0.3333333333333333
eurosat,panopticon,frozen,deterministic,42,decision,5,15,"(lower,upper]",0,,,0.3333333333333333,0.4
eurosat,panopticon,frozen,deterministic,42,decision,6,15,"(lower,upper]",2,0.44508618116378784,1.0,0.4,0.4666666666666667
eurosat,panopticon,frozen,deterministic,42,decision,7,15,"(lower,upper]",3,0.5030218263467153,1.0,0.4666666666666667,0.5333333333333333
eurosat,panopticon,frozen,deterministic,42,decision,8,15,"(lower,upper]",6,0.5733485122521719,0.5,0.5333333333333333,0.6
eurosat,panopticon,frozen,deterministic,42,decision,9,15,"(lower,upper]",13,0.6428114405045142,0.6923076923076923,0.6,0.6666666666666666
eurosat,panopticon,frozen,deterministic,42,decision,10,15,"(lower,upper]",17,0.6986413703245276,0.5294117647058824,0.6666666666666666,0.7333333333333333
eurosat,panopticon,frozen,deterministic,42,decision,11,15,"(lower,upper]",12,0.7746741871039072,0.5,0.7333333333333333,0.8
eurosat,panopticon,frozen,deterministic,42,decision,12,15,"(lower,upper]",24,0.8428610935807228,0.6666666666666666,0.8,0.8666666666666667
eurosat,panopticon,frozen,deterministic,42,decision,13,15,"(lower,upper]",32,0.906980337575078,0.875,0.8666666666666667,0.9333333333333333
eurosat,panopticon,frozen,deterministic,42,decision,14,15,"(lower,upper]",2604,0.997726668273249,0.9957757296466974,0.9333333333333333,1.0
eurosat,panopticon,frozen,temperature_scaling,42,decision,0,15,"[lower,upper]",0,,,0.0,0.06666666666666667
eurosat,panopticon,frozen,temperature_scaling,42,decision,1,15,"(lower,upper]",0,,,0.06666666666666667,0.13333333333333333
eurosat,panopticon,frozen,temperature_scaling,42,decision,2,15,"(lower,upper]",0,,,0.13333333333333333,0.2
eurosat,panopticon,frozen,temperature_scaling,42,decision,3,15,"(lower,upper]",0,,,0.2,0.26666666666666666
eurosat,panopticon,frozen,temperature_scaling,42,decision,4,15,"(lower,upper]",1,0.2953479385582114,1.0,0.26666666666666666,0.3333333333333333
eurosat,panopticon,frozen,temperature_scaling,42,decision,5,15,"(lower,upper]",0,,,0.3333333333333333,0.4
eurosat,panopticon,frozen,temperature_scaling,42,decision,6,15,"(lower,upper]",3,0.43507490545675215,1.0,0.4,0.4666666666666667
eurosat,panopticon,frozen,temperature_scaling,42,decision,7,15,"(lower,upper]",3,0.5215656860117458,1.0,0.4666666666666667,0.5333333333333333
eurosat,panopticon,frozen,temperature_scaling,42,decision,8,15,"(lower,upper]",5,0.5682439907848807,0.4,0.5333333333333333,0.6
eurosat,panopticon,frozen,temperature_scaling,42,decision,9,15,"(lower,upper]",21,0.6316913818941164,0.6190476190476191,0.6,0.6666666666666666
eurosat,panopticon,frozen,temperature_scaling,42,decision,10,15,"(lower,upper]",13,0.6974234218860389,0.5384615384615384,0.6666666666666666,0.7333333333333333
eurosat,panopticon,frozen,temperature_scaling,42,decision,11,15,"(lower,upper]",14,0.7715722454326405,0.5,0.7333333333333333,0.8
eurosat,panopticon,frozen,temperature_scaling,42,decision,12,15,"(lower,upper]",27,0.8289493709497529,0.7407407407407407,0.8,0.8666666666666667
eurosat,panopticon,frozen,temperature_scaling,42,decision,13,15,"(lower,upper]",46,0.9073165090745673,0.9347826086956522,0.8666666666666667,0.9333333333333333
eurosat,panopticon,frozen,temperature_scaling,42,decision,14,15,"(lower,upper]",2581,0.9969417286002628,0.9961255327392483,0.9333333333333333,1.0
eurosat,panopticon,frozen,mc_dropout,42,decision,0,15,"[lower,upper]",0,,,0.0,0.06666666666666667
eurosat,panopticon,frozen,mc_dropout,42,decision,1,15,"(lower,upper]",0,,,0.06666666666666667,0.13333333333333333
eurosat,panopticon,frozen,mc_dropout,42,decision,2,15,"(lower,upper]",0,,,0.13333333333333333,0.2
eurosat,panopticon,frozen,mc_dropout,42,decision,3,15,"(lower,upper]",0,,,0.2,0.26666666666666666
eurosat,panopticon,frozen,mc_dropout,42,decision,4,15,"(lower,upper]",1,0.32175159454345703,0.0,0.26666666666666666,0.3333333333333333
eurosat,panopticon,frozen,mc_dropout,42,decision,5,15,"(lower,upper]",0,,,0.3333333333333333,0.4
eurosat,panopticon,frozen,mc_dropout,42,decision,6,15,"(lower,upper]",3,0.42178911964098614,0.6666666666666666,0.4,0.4666666666666667
eurosat,panopticon,frozen,mc_dropout,42,decision,7,15,"(lower,upper]",7,0.509556016751698,0.5714285714285714,0.4666666666666667,0.5333333333333333
eurosat,panopticon,frozen,mc_dropout,42,decision,8,15,"(lower,upper]",8,0.5665057599544525,0.5,0.5333333333333333,0.6
eurosat,panopticon,frozen,mc_dropout,42,decision,9,15,"(lower,upper]",12,0.6355913231770197,0.3333333333333333,0.6,0.6666666666666666
eurosat,panopticon,frozen,mc_dropout,42,decision,10,15,"(lower,upper]",18,0.7083504299322764,0.6111111111111112,0.6666666666666666,0.7333333333333333
eurosat,panopticon,frozen,mc_dropout,42,decision,11,15,"(lower,upper]",10,0.7680920958518982,0.8,0.7333333333333333,0.8
eurosat,panopticon,frozen,mc_dropout,42,decision,12,15,"(lower,upper]",26,0.8303793760446402,0.8461538461538461,0.8,0.8666666666666667
eurosat,panopticon,frozen,mc_dropout,42,decision,13,15,"(lower,upper]",45,0.8990244666735331,0.8888888888888888,0.8666666666666667,0.9333333333333333
eurosat,panopticon,frozen,mc_dropout,42,decision,14,15,"(lower,upper]",2584,0.9973295053046185,0.9957430340557275,0.9333333333333333,1.0
eurosat,panopticon,frozen,deep_ensemble,42;43;44,decision,0,15,"[lower,upper]",0,,,0.0,0.06666666666666667
eurosat,panopticon,frozen,deep_ensemble,42;43;44,decision,1,15,"(lower,upper]",0,,,0.06666666666666667,0.13333333333333333
eurosat,panopticon,frozen,deep_ensemble,42;43;44,decision,2,15,"(lower,upper]",0,,,0.13333333333333333,0.2
eurosat,panopticon,frozen,deep_ensemble,42;43;44,decision,3,15,"(lower,upper]",0,,,0.2,0.26666666666666666
eurosat,panopticon,frozen,deep_ensemble,42;43;44,decision,4,15,"(lower,upper]",0,,,0.26666666666666666,0.3333333333333333
eurosat,panopticon,frozen,deep_ensemble,42;43;44,decision,5,15,"(lower,upper]",0,,,0.3333333333333333,0.4
eurosat,panopticon,frozen,deep_ensemble,42;43;44,decision,6,15,"(lower,upper]",2,0.4564669132232666,0.5,0.4,0.4666666666666667
eurosat,panopticon,frozen,deep_ensemble,42;43;44,decision,7,15,"(lower,upper]",5,0.5044760545094807,0.2,0.4666666666666667,0.5333333333333333
eurosat,panopticon,frozen,deep_ensemble,42;43;44,decision,8,15,"(lower,upper]",10,0.5759977241357167,0.4,0.5333333333333333,0.6
eurosat,panopticon,frozen,deep_ensemble,42;43;44,decision,9,15,"(lower,upper]",6,0.6256342232227325,0.16666666666666666,0.6,0.6666666666666666
eurosat,panopticon,frozen,deep_ensemble,42;43;44,decision,10,15,"(lower,upper]",15,0.7014323419994778,0.8666666666666667,0.6666666666666666,0.7333333333333333
eurosat,panopticon,frozen,deep_ensemble,42;43;44,decision,11,15,"(lower,upper]",22,0.7670696459033273,0.6363636363636364,0.7333333333333333,0.8
eurosat,panopticon,frozen,deep_ensemble,42;43;44,decision,12,15,"(lower,upper]",22,0.8379338762976908,0.7727272727272727,0.8,0.8666666666666667
eurosat,panopticon,frozen,deep_ensemble,42;43;44,decision,13,15,"(lower,upper]",33,0.9045595045041559,0.8181818181818182,0.8666666666666667,0.9333333333333333
eurosat,panopticon,frozen,deep_ensemble,42;43;44,decision,14,15,"(lower,upper]",2599,0.9971606386186426,0.9961523662947287,0.9333333333333333,1.0
eurosat,panopticon,full_finetune,deterministic,42,decision,0,15,"[lower,upper]",0,,,0.0,0.06666666666666667
eurosat,panopticon,full_finetune,deterministic,42,decision,1,15,"(lower,upper]",0,,,0.06666666666666667,0.13333333333333333
eurosat,panopticon,full_finetune,deterministic,42,decision,2,15,"(lower,upper]",0,,,0.13333333333333333,0.2
eurosat,panopticon,full_finetune,deterministic,42,decision,3,15,"(lower,upper]",0,,,0.2,0.26666666666666666
eurosat,panopticon,full_finetune,deterministic,42,decision,4,15,"(lower,upper]",0,,,0.26666666666666666,0.3333333333333333
eurosat,panopticon,full_finetune,deterministic,42,decision,5,15,"(lower,upper]",1,0.3787756562232971,0.0,0.3333333333333333,0.4
eurosat,panopticon,full_finetune,deterministic,42,decision,6,15,"(lower,upper]",1,0.4651547968387604,1.0,0.4,0.4666666666666667
eurosat,panopticon,full_finetune,deterministic,42,decision,7,15,"(lower,upper]",18,0.5053529954618878,0.5,0.4666666666666667,0.5333333333333333
eurosat,panopticon,full_finetune,deterministic,42,decision,8,15,"(lower,upper]",30,0.5647442201773326,0.5,0.5333333333333333,0.6
eurosat,panopticon,full_finetune,deterministic,42,decision,9,15,"(lower,upper]",17,0.6350794644916758,0.6470588235294118,0.6,0.6666666666666666
eurosat,panopticon,full_finetune,deterministic,42,decision,10,15,"(lower,upper]",27,0.7038721729207922,0.7407407407407407,0.6666666666666666,0.7333333333333333
eurosat,panopticon,full_finetune,deterministic,42,decision,11,15,"(lower,upper]",31,0.768573114948888,0.7096774193548387,0.7333333333333333,0.8
eurosat,panopticon,full_finetune,deterministic,42,decision,12,15,"(lower,upper]",45,0.8365841150283814,0.8222222222222222,0.8,0.8666666666666667
eurosat,panopticon,full_finetune,deterministic,42,decision,13,15,"(lower,upper]",92,0.9007352635912274,0.8478260869565217,0.8666666666666667,0.9333333333333333
eurosat,panopticon,full_finetune,deterministic,42,decision,14,15,"(lower,upper]",2452,0.9944536221406588,0.9926590538336052,0.9333333333333333,1.0
eurosat,panopticon,full_finetune,temperature_scaling,42,decision,0,15,"[lower,upper]",0,,,0.0,0.06666666666666667
eurosat,panopticon,full_finetune,temperature_scaling,42,decision,1,15,"(lower,upper]",0,,,0.06666666666666667,0.13333333333333333
eurosat,panopticon,full_finetune,temperature_scaling,42,decision,2,15,"(lower,upper]",0,,,0.13333333333333333,0.2
eurosat,panopticon,full_finetune,temperature_scaling,42,decision,3,15,"(lower,upper]",0,,,0.2,0.26666666666666666
eurosat,panopticon,full_finetune,temperature_scaling,42,decision,4,15,"(lower,upper]",0,,,0.26666666666666666,0.3333333333333333
eurosat,panopticon,full_finetune,temperature_scaling,42,decision,5,15,"(lower,upper]",1,0.3600725086617968,0.0,0.3333333333333333,0.4
eurosat,panopticon,full_finetune,temperature_scaling,42,decision,6,15,"(lower,upper]",6,0.4496275875041346,0.6666666666666666,0.4,0.4666666666666667
eurosat,panopticon,full_finetune,temperature_scaling,42,decision,7,15,"(lower,upper]",32,0.5075561450043776,0.5625,0.4666666666666667,0.5333333333333333
eurosat,panopticon,full_finetune,temperature_scaling,42,decision,8,15,"(lower,upper]",24,0.5712983331521085,0.5,0.5333333333333333,0.6
eurosat,panopticon,full_finetune,temperature_scaling,42,decision,9,15,"(lower,upper]",27,0.6372392894175384,0.7037037037037037,0.6,0.6666666666666666
eurosat,panopticon,full_finetune,temperature_scaling,42,decision,10,15,"(lower,upper]",34,0.7015180427458857,0.7352941176470589,0.6666666666666666,0.7333333333333333
eurosat,panopticon,full_finetune,temperature_scaling,42,decision,11,15,"(lower,upper]",50,0.7734202793661227,0.78,0.7333333333333333,0.8
eurosat,panopticon,full_finetune,temperature_scaling,42,decision,12,15,"(lower,upper]",76,0.8357650566380326,0.8947368421052632,0.8,0.8666666666666667
eurosat,panopticon,full_finetune,temperature_scaling,42,decision,13,15,"(lower,upper]",156,0.9053378614191061,0.9487179487179487,0.8666666666666667,0.9333333333333333
eurosat,panopticon,full_finetune,temperature_scaling,42,decision,14,15,"(lower,upper]",2308,0.9912415922885727,0.9939341421143848,0.9333333333333333,1.0
eurosat,panopticon,full_finetune,mc_dropout,42,decision,0,15,"[lower,upper]",0,,,0.0,0.06666666666666667
eurosat,panopticon,full_finetune,mc_dropout,42,decision,1,15,"(lower,upper]",0,,,0.06666666666666667,0.13333333333333333
eurosat,panopticon,full_finetune,mc_dropout,42,decision,2,15,"(lower,upper]",0,,,0.13333333333333333,0.2
eurosat,panopticon,full_finetune,mc_dropout,42,decision,3,15,"(lower,upper]",0,,,0.2,0.26666666666666666
eurosat,panopticon,full_finetune,mc_dropout,42,decision,4,15,"(lower,upper]",1,0.32325178384780884,0.0,0.26666666666666666,0.3333333333333333
eurosat,panopticon,full_finetune,mc_dropout,42,decision,5,15,"(lower,upper]",0,,,0.3333333333333333,0.4
eurosat,panopticon,full_finetune,mc_dropout,42,decision,6,15,"(lower,upper]",4,0.428629107773304,0.75,0.4,0.4666666666666667
eurosat,panopticon,full_finetune,mc_dropout,42,decision,7,15,"(lower,upper]",25,0.510559788942337,0.44,0.4666666666666667,0.5333333333333333
eurosat,panopticon,full_finetune,mc_dropout,42,decision,8,15,"(lower,upper]",33,0.5639017892606331,0.5151515151515151,0.5333333333333333,0.6
eurosat,panopticon,full_finetune,mc_dropout,42,decision,9,15,"(lower,upper]",29,0.6382229307602192,0.7241379310344828,0.6,0.6666666666666666
eurosat,panopticon,full_finetune,mc_dropout,42,decision,10,15,"(lower,upper]",44,0.6994033659046347,0.7045454545454546,0.6666666666666666,0.7333333333333333
eurosat,panopticon,full_finetune,mc_dropout,42,decision,11,15,"(lower,upper]",42,0.7692146897315979,0.7857142857142857,0.7333333333333333,0.8
eurosat,panopticon,full_finetune,mc_dropout,42,decision,12,15,"(lower,upper]",79,0.8358720465551449,0.8227848101265823,0.8,0.8666666666666667
eurosat,panopticon,full_finetune,mc_dropout,42,decision,13,15,"(lower,upper]",138,0.905289125615272,0.855072463768116,0.8666666666666667,0.9333333333333333
eurosat,panopticon,full_finetune,mc_dropout,42,decision,14,15,"(lower,upper]",2319,0.9933020235290297,0.9922380336351876,0.9333333333333333,1.0
eurosat,panopticon,full_finetune,deep_ensemble,42;43;44,decision,0,15,"[lower,upper]",0,,,0.0,0.06666666666666667
eurosat,panopticon,full_finetune,deep_ensemble,42;43;44,decision,1,15,"(lower,upper]",0,,,0.06666666666666667,0.13333333333333333
eurosat,panopticon,full_finetune,deep_ensemble,42;43;44,decision,2,15,"(lower,upper]",0,,,0.13333333333333333,0.2
eurosat,panopticon,full_finetune,deep_ensemble,42;43;44,decision,3,15,"(lower,upper]",0,,,0.2,0.26666666666666666
eurosat,panopticon,full_finetune,deep_ensemble,42;43;44,decision,4,15,"(lower,upper]",1,0.3183556894461314,1.0,0.26666666666666666,0.3333333333333333
eurosat,panopticon,full_finetune,deep_ensemble,42;43;44,decision,5,15,"(lower,upper]",1,0.38716018696626026,0.0,0.3333333333333333,0.4
eurosat,panopticon,full_finetune,deep_ensemble,42;43;44,decision,6,15,"(lower,upper]",8,0.4398362029072208,0.5,0.4,0.4666666666666667
eurosat,panopticon,full_finetune,deep_ensemble,42;43;44,decision,7,15,"(lower,upper]",24,0.5129635884546183,0.5416666666666666,0.4666666666666667,0.5333333333333333
eurosat,panopticon,full_finetune,deep_ensemble,42;43;44,decision,8,15,"(lower,upper]",34,0.5658130443759956,0.47058823529411764,0.5333333333333333,0.6
eurosat,panopticon,full_finetune,deep_ensemble,42;43;44,decision,9,15,"(lower,upper]",42,0.6344902901793671,0.7857142857142857,0.6,0.6666666666666666
eurosat,panopticon,full_finetune,deep_ensemble,42;43;44,decision,10,15,"(lower,upper]",60,0.7059191142208873,0.8666666666666667,0.6666666666666666,0.7333333333333333
eurosat,panopticon,full_finetune,deep_ensemble,42;43;44,decision,11,15,"(lower,upper]",54,0.7674463127314306,0.8888888888888888,0.7333333333333333,0.8
eurosat,panopticon,full_finetune,deep_ensemble,42;43;44,decision,12,15,"(lower,upper]",65,0.8345685180945276,0.9846153846153847,0.8,0.8666666666666667
eurosat,panopticon,full_finetune,deep_ensemble,42;43;44,decision,13,15,"(lower,upper]",133,0.9059715732595978,0.9699248120300752,0.8666666666666667,0.9333333333333333
eurosat,panopticon,full_finetune,deep_ensemble,42;43;44,decision,14,15,"(lower,upper]",2292,0.9932879066401408,0.9991273996509599,0.9333333333333333,1.0
treesatai,dofa,frozen,deterministic,42,decision,0,15,"[lower,upper]",0,,,0.0,0.06666666666666667
treesatai,dofa,frozen,deterministic,42,decision,1,15,"(lower,upper]",0,,,0.06666666666666667,0.13333333333333333
treesatai,dofa,frozen,deterministic,42,decision,2,15,"(lower,upper]",0,,,0.13333333333333333,0.2
treesatai,dofa,frozen,deterministic,42,decision,3,15,"(lower,upper]",0,,,0.2,0.26666666666666666
treesatai,dofa,frozen,deterministic,42,decision,4,15,"(lower,upper]",0,,,0.26666666666666666,0.3333333333333333
treesatai,dofa,frozen,deterministic,42,decision,5,15,"(lower,upper]",0,,,0.3333333333333333,0.4
treesatai,dofa,frozen,deterministic,42,decision,6,15,"(lower,upper]",0,,,0.4,0.4666666666666667
treesatai,dofa,frozen,deterministic,42,decision,7,15,"(lower,upper]",376,0.5171811227944303,0.5186170212765957,0.4666666666666667,0.5333333333333333
treesatai,dofa,frozen,deterministic,42,decision,8,15,"(lower,upper]",850,0.566204822063446,0.5423529411764706,0.5333333333333333,0.6
treesatai,dofa,frozen,deterministic,42,decision,9,15,"(lower,upper]",919,0.6354350985977414,0.6626768226332971,0.6,0.6666666666666666
treesatai,dofa,frozen,deterministic,42,decision,10,15,"(lower,upper]",1106,0.7020277962977804,0.7142857142857143,0.6666666666666666,0.7333333333333333
treesatai,dofa,frozen,deterministic,42,decision,11,15,"(lower,upper]",1617,0.7690941003659808,0.7903525046382189,0.7333333333333333,0.8
treesatai,dofa,frozen,deterministic,42,decision,12,15,"(lower,upper]",2652,0.8359928280620823,0.8536953242835595,0.8,0.8666666666666667
treesatai,dofa,frozen,deterministic,42,decision,13,15,"(lower,upper]",4858,0.903343014708943,0.9048991354466859,0.8666666666666667,0.9333333333333333
treesatai,dofa,frozen,deterministic,42,decision,14,15,"(lower,upper]",17622,0.9805819550618462,0.9720236068550675,0.9333333333333333,1.0
treesatai,dofa,frozen,mc_dropout,42,decision,0,15,"[lower,upper]",0,,,0.0,0.06666666666666667
treesatai,dofa,frozen,mc_dropout,42,decision,1,15,"(lower,upper]",0,,,0.06666666666666667,0.13333333333333333
treesatai,dofa,frozen,mc_dropout,42,decision,2,15,"(lower,upper]",0,,,0.13333333333333333,0.2
treesatai,dofa,frozen,mc_dropout,42,decision,3,15,"(lower,upper]",0,,,0.2,0.26666666666666666
treesatai,dofa,frozen,mc_dropout,42,decision,4,15,"(lower,upper]",0,,,0.26666666666666666,0.3333333333333333
treesatai,dofa,frozen,mc_dropout,42,decision,5,15,"(lower,upper]",0,,,0.3333333333333333,0.4
treesatai,dofa,frozen,mc_dropout,42,decision,6,15,"(lower,upper]",0,,,0.4,0.4666666666666667
treesatai,dofa,frozen,mc_dropout,42,decision,7,15,"(lower,upper]",418,0.5168618399418142,0.5454545454545454,0.4666666666666667,0.5333333333333333
treesatai,dofa,frozen,mc_dropout,42,decision,8,15,"(lower,upper]",844,0.5678764084504114,0.5497630331753555,0.5333333333333333,0.6
treesatai,dofa,frozen,mc_dropout,42,decision,9,15,"(lower,upper]",931,0.6345711918957891,0.6455424274973147,0.6,0.6666666666666666
treesatai,dofa,frozen,mc_dropout,42,decision,10,15,"(lower,upper]",1128,0.7013242308393861,0.7225177304964538,0.6666666666666666,0.7333333333333333
treesatai,dofa,frozen,mc_dropout,42,decision,11,15,"(lower,upper]",1749,0.7691355850302607,0.7947398513436249,0.7333333333333333,0.8
treesatai,dofa,frozen,mc_dropout,42,decision,12,15,"(lower,upper]",2748,0.8365269622059195,0.8548034934497817,0.8,0.8666666666666667
treesatai,dofa,frozen,mc_dropout,42,decision,13,15,"(lower,upper]",5028,0.903285496185816,0.9053301511535402,0.8666666666666667,0.9333333333333333
treesatai,dofa,frozen,mc_dropout,42,decision,14,15,"(lower,upper]",17154,0.9801112888354494,0.9742917103882477,0.9333333333333333,1.0
treesatai,dofa,frozen,deep_ensemble,42;43;44,decision,0,15,"[lower,upper]",0,,,0.0,0.06666666666666667
treesatai,dofa,frozen,deep_ensemble,42;43;44,decision,1,15,"(lower,upper]",0,,,0.06666666666666667,0.13333333333333333
treesatai,dofa,frozen,deep_ensemble,42;43;44,decision,2,15,"(lower,upper]",0,,,0.13333333333333333,0.2
treesatai,dofa,frozen,deep_ensemble,42;43;44,decision,3,15,"(lower,upper]",0,,,0.2,0.26666666666666666
treesatai,dofa,frozen,deep_ensemble,42;43;44,decision,4,15,"(lower,upper]",0,,,0.26666666666666666,0.3333333333333333
treesatai,dofa,frozen,deep_ensemble,42;43;44,decision,5,15,"(lower,upper]",0,,,0.3333333333333333,0.4
treesatai,dofa,frozen,deep_ensemble,42;43;44,decision,6,15,"(lower,upper]",0,,,0.4,0.4666666666666667
treesatai,dofa,frozen,deep_ensemble,42;43;44,decision,7,15,"(lower,upper]",459,0.5164916415901053,0.5228758169934641,0.4666666666666667,0.5333333333333333
treesatai,dofa,frozen,deep_ensemble,42;43;44,decision,8,15,"(lower,upper]",845,0.5662558171464619,0.58698224852071,0.5333333333333333,0.6
treesatai,dofa,frozen,deep_ensemble,42;43;44,decision,9,15,"(lower,upper]",907,0.6336658326898684,0.6582138919514884,0.6,0.6666666666666666
treesatai,dofa,frozen,deep_ensemble,42;43;44,decision,10,15,"(lower,upper]",1176,0.701160084979942,0.7040816326530612,0.6666666666666666,0.7333333333333333
treesatai,dofa,frozen,deep_ensemble,42;43;44,decision,11,15,"(lower,upper]",1661,0.7690430202917804,0.8079470198675497,0.7333333333333333,0.8
treesatai,dofa,frozen,deep_ensemble,42;43;44,decision,12,15,"(lower,upper]",2832,0.8369436291017519,0.8665254237288136,0.8,0.8666666666666667
treesatai,dofa,frozen,deep_ensemble,42;43;44,decision,13,15,"(lower,upper]",5254,0.9035387149039501,0.9101636848115722,0.8666666666666667,0.9333333333333333
treesatai,dofa,frozen,deep_ensemble,42;43;44,decision,14,15,"(lower,upper]",16866,0.9790989861114291,0.9741491758567532,0.9333333333333333,1.0
treesatai,dofa,full_finetune,deterministic,42,decision,0,15,"[lower,upper]",0,,,0.0,0.06666666666666667
treesatai,dofa,full_finetune,deterministic,42,decision,1,15,"(lower,upper]",0,,,0.06666666666666667,0.13333333333333333
treesatai,dofa,full_finetune,deterministic,42,decision,2,15,"(lower,upper]",0,,,0.13333333333333333,0.2
treesatai,dofa,full_finetune,deterministic,42,decision,3,15,"(lower,upper]",0,,,0.2,0.26666666666666666
treesatai,dofa,full_finetune,deterministic,42,decision,4,15,"(lower,upper]",0,,,0.26666666666666666,0.3333333333333333
treesatai,dofa,full_finetune,deterministic,42,decision,5,15,"(lower,upper]",0,,,0.3333333333333333,0.4
treesatai,dofa,full_finetune,deterministic,42,decision,6,15,"(lower,upper]",0,,,0.4,0.4666666666666667
treesatai,dofa,full_finetune,deterministic,42,decision,7,15,"(lower,upper]",474,0.5166257316804637,0.5,0.4666666666666667,0.5333333333333333
treesatai,dofa,full_finetune,deterministic,42,decision,8,15,"(lower,upper]",878,0.5676751344174079,0.5751708428246014,0.5333333333333333,0.6
treesatai,dofa,full_finetune,deterministic,42,decision,9,15,"(lower,upper]",1045,0.6337835826942225,0.6516746411483254,0.6,0.6666666666666666
treesatai,dofa,full_finetune,deterministic,42,decision,10,15,"(lower,upper]",1303,0.7014383172540599,0.7375287797390637,0.6666666666666666,0.7333333333333333
treesatai,dofa,full_finetune,deterministic,42,decision,11,15,"(lower,upper]",1862,0.7688985935119246,0.822234156820623,0.7333333333333333,0.8
treesatai,dofa,full_finetune,deterministic,42,decision,12,15,"(lower,upper]",3138,0.8357204283125238,0.8789037603569152,0.8,0.8666666666666667
treesatai,dofa,full_finetune,deterministic,42,decision,13,15,"(lower,upper]",5515,0.9039327439363178,0.9191296464188576,0.8666666666666667,0.9333333333333333
treesatai,dofa,full_finetune,deterministic,42,decision,14,15,"(lower,upper]",15785,0.9768789435703733,0.978397212543554,0.9333333333333333,1.0
treesatai,dofa,full_finetune,mc_dropout,42,decision,0,15,"[lower,upper]",0,,,0.0,0.06666666666666667
treesatai,dofa,full_finetune,mc_dropout,42,decision,1,15,"(lower,upper]",0,,,0.06666666666666667,0.13333333333333333
treesatai,dofa,full_finetune,mc_dropout,42,decision,2,15,"(lower,upper]",0,,,0.13333333333333333,0.2
treesatai,dofa,full_finetune,mc_dropout,42,decision,3,15,"(lower,upper]",0,,,0.2,0.26666666666666666
treesatai,dofa,full_finetune,mc_dropout,42,decision,4,15,"(lower,upper]",0,,,0.26666666666666666,0.3333333333333333
treesatai,dofa,full_finetune,mc_dropout,42,decision,5,15,"(lower,upper]",0,,,0.3333333333333333,0.4
treesatai,dofa,full_finetune,mc_dropout,42,decision,6,15,"(lower,upper]",0,,,0.4,0.4666666666666667
treesatai,dofa,full_finetune,mc_dropout,42,decision,7,15,"(lower,upper]",400,0.5169681445509196,0.46,0.4666666666666667,0.5333333333333333
treesatai,dofa,full_finetune,mc_dropout,42,decision,8,15,"(lower,upper]",840,0.5668475463986397,0.5761904761904761,0.5333333333333333,0.6
treesatai,dofa,full_finetune,mc_dropout,42,decision,9,15,"(lower,upper]",940,0.6346322593219736,0.6914893617021277,0.6,0.6666666666666666
treesatai,dofa,full_finetune,mc_dropout,42,decision,10,15,"(lower,upper]",1135,0.7020890354322442,0.7726872246696035,0.6666666666666666,0.7333333333333333
treesatai,dofa,full_finetune,mc_dropout,42,decision,11,15,"(lower,upper]",1886,0.7696912900672106,0.8218451749734889,0.7333333333333333,0.8
treesatai,dofa,full_finetune,mc_dropout,42,decision,12,15,"(lower,upper]",3309,0.836218326729963,0.8688425506195225,0.8,0.8666666666666667
treesatai,dofa,full_finetune,mc_dropout,42,decision,13,15,"(lower,upper]",5284,0.901969551767965,0.9146479939439819,0.8666666666666667,0.9333333333333333
treesatai,dofa,full_finetune,mc_dropout,42,decision,14,15,"(lower,upper]",16206,0.9786769623300726,0.9769221276070591,0.9333333333333333,1.0
treesatai,dofa,full_finetune,deep_ensemble,42;43;44,decision,0,15,"[lower,upper]",0,,,0.0,0.06666666666666667
treesatai,dofa,full_finetune,deep_ensemble,42;43;44,decision,1,15,"(lower,upper]",0,,,0.06666666666666667,0.13333333333333333
treesatai,dofa,full_finetune,deep_ensemble,42;43;44,decision,2,15,"(lower,upper]",0,,,0.13333333333333333,0.2
treesatai,dofa,full_finetune,deep_ensemble,42;43;44,decision,3,15,"(lower,upper]",0,,,0.2,0.26666666666666666
treesatai,dofa,full_finetune,deep_ensemble,42;43;44,decision,4,15,"(lower,upper]",0,,,0.26666666666666666,0.3333333333333333
treesatai,dofa,full_finetune,deep_ensemble,42;43;44,decision,5,15,"(lower,upper]",0,,,0.3333333333333333,0.4
treesatai,dofa,full_finetune,deep_ensemble,42;43;44,decision,6,15,"(lower,upper]",0,,,0.4,0.4666666666666667
treesatai,dofa,full_finetune,deep_ensemble,42;43;44,decision,7,15,"(lower,upper]",372,0.5162633327386708,0.4731182795698925,0.4666666666666667,0.5333333333333333
treesatai,dofa,full_finetune,deep_ensemble,42;43;44,decision,8,15,"(lower,upper]",752,0.568082748499455,0.5718085106382979,0.5333333333333333,0.6
treesatai,dofa,full_finetune,deep_ensemble,42;43;44,decision,9,15,"(lower,upper]",941,0.6341497668481137,0.6684378320935175,0.6,0.6666666666666666
treesatai,dofa,full_finetune,deep_ensemble,42;43;44,decision,10,15,"(lower,upper]",1288,0.70195930628887,0.7492236024844721,0.6666666666666666,0.7333333333333333
treesatai,dofa,full_finetune,deep_ensemble,42;43;44,decision,11,15,"(lower,upper]",1855,0.7685677745008813,0.8188679245283019,0.7333333333333333,0.8
treesatai,dofa,full_finetune,deep_ensemble,42;43;44,decision,12,15,"(lower,upper]",3176,0.8367966883161411,0.8671284634760705,0.8,0.8666666666666667
treesatai,dofa,full_finetune,deep_ensemble,42;43;44,decision,13,15,"(lower,upper]",5844,0.9035247389766494,0.9247091033538672,0.8666666666666667,0.9333333333333333
treesatai,dofa,full_finetune,deep_ensemble,42;43;44,decision,14,15,"(lower,upper]",15772,0.976734767964665,0.9821836165356328,0.9333333333333333,1.0
treesatai,panopticon,frozen,deterministic,42,decision,0,15,"[lower,upper]",0,,,0.0,0.06666666666666667
treesatai,panopticon,frozen,deterministic,42,decision,1,15,"(lower,upper]",0,,,0.06666666666666667,0.13333333333333333
treesatai,panopticon,frozen,deterministic,42,decision,2,15,"(lower,upper]",0,,,0.13333333333333333,0.2
treesatai,panopticon,frozen,deterministic,42,decision,3,15,"(lower,upper]",0,,,0.2,0.26666666666666666
treesatai,panopticon,frozen,deterministic,42,decision,4,15,"(lower,upper]",0,,,0.26666666666666666,0.3333333333333333
treesatai,panopticon,frozen,deterministic,42,decision,5,15,"(lower,upper]",0,,,0.3333333333333333,0.4
treesatai,panopticon,frozen,deterministic,42,decision,6,15,"(lower,upper]",0,,,0.4,0.4666666666666667
treesatai,panopticon,frozen,deterministic,42,decision,7,15,"(lower,upper]",413,0.5163979360035488,0.576271186440678,0.4666666666666667,0.5333333333333333
treesatai,panopticon,frozen,deterministic,42,decision,8,15,"(lower,upper]",835,0.568062228392698,0.5904191616766467,0.5333333333333333,0.6
treesatai,panopticon,frozen,deterministic,42,decision,9,15,"(lower,upper]",982,0.6353677324267851,0.6659877800407332,0.6,0.6666666666666666
treesatai,panopticon,frozen,deterministic,42,decision,10,15,"(lower,upper]",1268,0.700880972533384,0.748422712933754,0.6666666666666666,0.7333333333333333
treesatai,panopticon,frozen,deterministic,42,decision,11,15,"(lower,upper]",1947,0.7689554890915254,0.7889060092449923,0.7333333333333333,0.8
treesatai,panopticon,frozen,deterministic,42,decision,12,15,"(lower,upper]",2940,0.8360848358395149,0.851360544217687,0.8,0.8666666666666667
treesatai,panopticon,frozen,deterministic,42,decision,13,15,"(lower,upper]",5116,0.9035584071943823,0.910086004691165,0.8666666666666667,0.9333333333333333
treesatai,panopticon,frozen,deterministic,42,decision,14,15,"(lower,upper]",16499,0.9787554831891863,0.974907570155767,0.9333333333333333,1.0
treesatai,panopticon,frozen,mc_dropout,42,decision,0,15,"[lower,upper]",0,,,0.0,0.06666666666666667
treesatai,panopticon,frozen,mc_dropout,42,decision,1,15,"(lower,upper]",0,,,0.06666666666666667,0.13333333333333333
treesatai,panopticon,frozen,mc_dropout,42,decision,2,15,"(lower,upper]",0,,,0.13333333333333333,0.2
treesatai,panopticon,frozen,mc_dropout,42,decision,3,15,"(lower,upper]",0,,,0.2,0.26666666666666666
treesatai,panopticon,frozen,mc_dropout,42,decision,4,15,"(lower,upper]",0,,,0.26666666666666666,0.3333333333333333
treesatai,panopticon,frozen,mc_dropout,42,decision,5,15,"(lower,upper]",0,,,0.3333333333333333,0.4
treesatai,panopticon,frozen,mc_dropout,42,decision,6,15,"(lower,upper]",0,,,0.4,0.4666666666666667
treesatai,panopticon,frozen,mc_dropout,42,decision,7,15,"(lower,upper]",426,0.5163810539273589,0.5539906103286385,0.4666666666666667,0.5333333333333333
treesatai,panopticon,frozen,mc_dropout,42,decision,8,15,"(lower,upper]",846,0.5673922896032919,0.5898345153664303,0.5333333333333333,0.6
treesatai,panopticon,frozen,mc_dropout,42,decision,9,15,"(lower,upper]",1023,0.6354111664922123,0.6617790811339198,0.6,0.6666666666666666
treesatai,panopticon,frozen,mc_dropout,42,decision,10,15,"(lower,upper]",1287,0.7020319385545237,0.7583527583527584,0.6666666666666666,0.7333333333333333
treesatai,panopticon,frozen,mc_dropout,42,decision,11,15,"(lower,upper]",1959,0.7698286513989527,0.7947932618683001,0.7333333333333333,0.8
treesatai,panopticon,frozen,mc_dropout,42,decision,12,15,"(lower,upper]",3007,0.8365476722629276,0.8500166278683072,0.8,0.8666666666666667
treesatai,panopticon,frozen,mc_dropout,42,decision,13,15,"(lower,upper]",5146,0.9034386749483944,0.9106101826661485,0.8666666666666667,0.9333333333333333
treesatai,panopticon,frozen,mc_dropout,42,decision,14,15,"(lower,upper]",16306,0.9783464413522135,0.9757757880534772,0.9333333333333333,1.0
treesatai,panopticon,frozen,deep_ensemble,42;43;44,decision,0,15,"[lower,upper]",0,,,0.0,0.06666666666666667
treesatai,panopticon,frozen,deep_ensemble,42;43;44,decision,1,15,"(lower,upper]",0,,,0.06666666666666667,0.13333333333333333
treesatai,panopticon,frozen,deep_ensemble,42;43;44,decision,2,15,"(lower,upper]",0,,,0.13333333333333333,0.2
treesatai,panopticon,frozen,deep_ensemble,42;43;44,decision,3,15,"(lower,upper]",0,,,0.2,0.26666666666666666
treesatai,panopticon,frozen,deep_ensemble,42;43;44,decision,4,15,"(lower,upper]",0,,,0.26666666666666666,0.3333333333333333
treesatai,panopticon,frozen,deep_ensemble,42;43;44,decision,5,15,"(lower,upper]",0,,,0.3333333333333333,0.4
treesatai,panopticon,frozen,deep_ensemble,42;43;44,decision,6,15,"(lower,upper]",0,,,0.4,0.4666666666666667
treesatai,panopticon,frozen,deep_ensemble,42;43;44,decision,7,15,"(lower,upper]",449,0.5163379230584231,0.5077951002227171,0.4666666666666667,0.5333333333333333
treesatai,panopticon,frozen,deep_ensemble,42;43;44,decision,8,15,"(lower,upper]",809,0.5669525233460008,0.5698393077873919,0.5333333333333333,0.6
treesatai,panopticon,frozen,deep_ensemble,42;43;44,decision,9,15,"(lower,upper]",962,0.6349049744532494,0.6496881496881497,0.6,0.6666666666666666
treesatai,panopticon,frozen,deep_ensemble,42;43;44,decision,10,15,"(lower,upper]",1268,0.700813163334326,0.7334384858044164,0.6666666666666666,0.7333333333333333
treesatai,panopticon,frozen,deep_ensemble,42;43;44,decision,11,15,"(lower,upper]",1821,0.76923949960718,0.7951674903898956,0.7333333333333333,0.8
treesatai,panopticon,frozen,deep_ensemble,42;43;44,decision,12,15,"(lower,upper]",2864,0.8360729246982183,0.8470670391061452,0.8,0.8666666666666667
treesatai,panopticon,frozen,deep_ensemble,42;43;44,decision,13,15,"(lower,upper]",4959,0.9039051423930166,0.9144988909054245,0.8666666666666667,0.9333333333333333
treesatai,panopticon,frozen,deep_ensemble,42;43;44,decision,14,15,"(lower,upper]",16868,0.9789041565574813,0.9746857955892815,0.9333333333333333,1.0
treesatai,panopticon,full_finetune,deterministic,42,decision,0,15,"[lower,upper]",0,,,0.0,0.06666666666666667
treesatai,panopticon,full_finetune,deterministic,42,decision,1,15,"(lower,upper]",0,,,0.06666666666666667,0.13333333333333333
treesatai,panopticon,full_finetune,deterministic,42,decision,2,15,"(lower,upper]",0,,,0.13333333333333333,0.2
treesatai,panopticon,full_finetune,deterministic,42,decision,3,15,"(lower,upper]",0,,,0.2,0.26666666666666666
treesatai,panopticon,full_finetune,deterministic,42,decision,4,15,"(lower,upper]",0,,,0.26666666666666666,0.3333333333333333
treesatai,panopticon,full_finetune,deterministic,42,decision,5,15,"(lower,upper]",0,,,0.3333333333333333,0.4
treesatai,panopticon,full_finetune,deterministic,42,decision,6,15,"(lower,upper]",0,,,0.4,0.4666666666666667
treesatai,panopticon,full_finetune,deterministic,42,decision,7,15,"(lower,upper]",429,0.5161611889347886,0.5431235431235432,0.4666666666666667,0.5333333333333333
treesatai,panopticon,full_finetune,deterministic,42,decision,8,15,"(lower,upper]",804,0.5664326601953649,0.5920398009950248,0.5333333333333333,0.6
treesatai,panopticon,full_finetune,deterministic,42,decision,9,15,"(lower,upper]",893,0.6336961093902054,0.6416573348264277,0.6,0.6666666666666666
treesatai,panopticon,full_finetune,deterministic,42,decision,10,15,"(lower,upper]",1104,0.7015640069933041,0.7436594202898551,0.6666666666666666,0.7333333333333333
treesatai,panopticon,full_finetune,deterministic,42,decision,11,15,"(lower,upper]",1583,0.7692552625059855,0.7972204674668352,0.7333333333333333,0.8
treesatai,panopticon,full_finetune,deterministic,42,decision,12,15,"(lower,upper]",2443,0.8359844990980415,0.8477282030290626,0.8,0.8666666666666667
treesatai,panopticon,full_finetune,deterministic,42,decision,13,15,"(lower,upper]",4442,0.904334781467512,0.8968932913102207,0.8666666666666667,0.9333333333333333
treesatai,panopticon,full_finetune,deterministic,42,decision,14,15,"(lower,upper]",18302,0.9801798471664378,0.9721888318216588,0.9333333333333333,1.0
treesatai,panopticon,full_finetune,mc_dropout,42,decision,0,15,"[lower,upper]",0,,,0.0,0.06666666666666667
treesatai,panopticon,full_finetune,mc_dropout,42,decision,1,15,"(lower,upper]",0,,,0.06666666666666667,0.13333333333333333
treesatai,panopticon,full_finetune,mc_dropout,42,decision,2,15,"(lower,upper]",0,,,0.13333333333333333,0.2
treesatai,panopticon,full_finetune,mc_dropout,42,decision,3,15,"(lower,upper]",0,,,0.2,0.26666666666666666
treesatai,panopticon,full_finetune,mc_dropout,42,decision,4,15,"(lower,upper]",0,,,0.26666666666666666,0.3333333333333333
treesatai,panopticon,full_finetune,mc_dropout,42,decision,5,15,"(lower,upper]",0,,,0.3333333333333333,0.4
treesatai,panopticon,full_finetune,mc_dropout,42,decision,6,15,"(lower,upper]",0,,,0.4,0.4666666666666667
treesatai,panopticon,full_finetune,mc_dropout,42,decision,7,15,"(lower,upper]",470,0.5165915011091435,0.5170212765957447,0.4666666666666667,0.5333333333333333
treesatai,panopticon,full_finetune,mc_dropout,42,decision,8,15,"(lower,upper]",881,0.5660575045427048,0.5845629965947786,0.5333333333333333,0.6
treesatai,panopticon,full_finetune,mc_dropout,42,decision,9,15,"(lower,upper]",941,0.6334346929024687,0.6578108395324124,0.6,0.6666666666666666
treesatai,panopticon,full_finetune,mc_dropout,42,decision,10,15,"(lower,upper]",1092,0.7015640599714531,0.7545787545787546,0.6666666666666666,0.7333333333333333
treesatai,panopticon,full_finetune,mc_dropout,42,decision,11,15,"(lower,upper]",1595,0.7688968145081242,0.8037617554858935,0.7333333333333333,0.8
treesatai,panopticon,full_finetune,mc_dropout,42,decision,12,15,"(lower,upper]",2419,0.8359146714518513,0.843737081438611,0.8,0.8666666666666667
treesatai,panopticon,full_finetune,mc_dropout,42,decision,13,15,"(lower,upper]",4349,0.9035960931367752,0.897677627040699,0.8666666666666667,0.9333333333333333
treesatai,panopticon,full_finetune,mc_dropout,42,decision,14,15,"(lower,upper]",18253,0.9805647157411117,0.9732098833068537,0.9333333333333333,1.0
treesatai,panopticon,full_finetune,deep_ensemble,42;43;44,decision,0,15,"[lower,upper]",0,,,0.0,0.06666666666666667
treesatai,panopticon,full_finetune,deep_ensemble,42;43;44,decision,1,15,"(lower,upper]",0,,,0.06666666666666667,0.13333333333333333
treesatai,panopticon,full_finetune,deep_ensemble,42;43;44,decision,2,15,"(lower,upper]",0,,,0.13333333333333333,0.2
treesatai,panopticon,full_finetune,deep_ensemble,42;43;44,decision,3,15,"(lower,upper]",0,,,0.2,0.26666666666666666
treesatai,panopticon,full_finetune,deep_ensemble,42;43;44,decision,4,15,"(lower,upper]",0,,,0.26666666666666666,0.3333333333333333
treesatai,panopticon,full_finetune,deep_ensemble,42;43;44,decision,5,15,"(lower,upper]",0,,,0.3333333333333333,0.4
treesatai,panopticon,full_finetune,deep_ensemble,42;43;44,decision,6,15,"(lower,upper]",0,,,0.4,0.4666666666666667
treesatai,panopticon,full_finetune,deep_ensemble,42;43;44,decision,7,15,"(lower,upper]",366,0.5160353007456647,0.4890710382513661,0.4666666666666667,0.5333333333333333
treesatai,panopticon,full_finetune,deep_ensemble,42;43;44,decision,8,15,"(lower,upper]",790,0.5657404227598807,0.5759493670886076,0.5333333333333333,0.6
treesatai,panopticon,full_finetune,deep_ensemble,42;43;44,decision,9,15,"(lower,upper]",919,0.6352724154798353,0.6833514689880305,0.6,0.6666666666666666
treesatai,panopticon,full_finetune,deep_ensemble,42;43;44,decision,10,15,"(lower,upper]",1182,0.7008281827017083,0.7267343485617598,0.6666666666666666,0.7333333333333333
treesatai,panopticon,full_finetune,deep_ensemble,42;43;44,decision,11,15,"(lower,upper]",1717,0.7695145266276296,0.7990681421083284,0.7333333333333333,0.8
treesatai,panopticon,full_finetune,deep_ensemble,42;43;44,decision,12,15,"(lower,upper]",2910,0.8361708714696071,0.8573883161512027,0.8,0.8666666666666667
treesatai,panopticon,full_finetune,deep_ensemble,42;43;44,decision,13,15,"(lower,upper]",5448,0.9036012760948344,0.9139133627019089,0.8666666666666667,0.9333333333333333
treesatai,panopticon,full_finetune,deep_ensemble,42;43;44,decision,14,15,"(lower,upper]",16668,0.977488799509066,0.9793616510679146,0.9333333333333333,1.0
