dataset,model,adaptation,seed,status,run_id,run_dir,best_epoch,errors,noncandidate_attempts
cloudsen12,dofa,frozen,42,PROMOTABLE,20260823T212554430984Z_cloudsen12_dofa_frozen_seed42_5d8edd5b,/workspace/results/final_thesis/segmentation/cloudsen12_frozen/runs/20260823T212554430984Z_cloudsen12_dofa_frozen_seed42_5d8edd5b,16,,[]
cloudsen12,dofa,frozen,43,PROMOTABLE,20260824T063305175307Z_cloudsen12_dofa_frozen_seed43_d20a830e,/workspace/results/final_thesis/segmentation/cloudsen12_frozen/runs/20260824T063305175307Z_cloudsen12_dofa_frozen_seed43_d20a830e,24,,[]
cloudsen12,dofa,frozen,44,PROMOTABLE,20260824T135116679838Z_cloudsen12_dofa_frozen_seed44_2cce2dc4,/workspace/results/final_thesis/segmentation/cloudsen12_frozen/runs/20260824T135116679838Z_cloudsen12_dofa_frozen_seed44_2cce2dc4,24,,[]
cloudsen12,panopticon,frozen,42,PROMOTABLE,20260824T024636502649Z_cloudsen12_panopticon_frozen_seed42_987db5bf,/workspace/results/final_thesis/segmentation/cloudsen12_frozen/runs/20260824T024636502649Z_cloudsen12_panopticon_frozen_seed42_987db5bf,29,,[]
cloudsen12,panopticon,frozen,43,PROMOTABLE,20260824T073937493619Z_cloudsen12_panopticon_frozen_seed43_9688327e,/workspace/results/final_thesis/segmentation/cloudsen12_frozen/runs/20260824T073937493619Z_cloudsen12_panopticon_frozen_seed43_9688327e,21,,[]
cloudsen12,panopticon,frozen,44,PROMOTABLE,20260824T150154916514Z_cloudsen12_panopticon_frozen_seed44_953e2ce2,/workspace/results/final_thesis/segmentation/cloudsen12_frozen/runs/20260824T150154916514Z_cloudsen12_panopticon_frozen_seed44_953e2ce2,16,,[]
cloudsen12,dofa,full_finetune,42,PROMOTABLE,20260823T224711552022Z_cloudsen12_dofa_full_finetune_seed42_9e2211d7,/workspace/results/final_thesis/segmentation/cloudsen12_full_finetune/runs/20260823T224711552022Z_cloudsen12_dofa_full_finetune_seed42_9e2211d7,50,,"[{""disposition"": ""NONCANDIDATE_ZERO_EPOCH_INITIALIZATION"", ""evidence"": {""checkpoints"": [], ""completed_epochs"": 0, ""gradient_audit_present"": false, ""initialization_audits"": [""model_audit.json"", ""optimizer_group_audit.json""], ""summary_present"": false, ""summary_status"": null}, ""reason"": ""initialization audits exist, but no completed epoch, checkpoint, gradient audit, or run summary exists"", ""run_dir"": ""/workspace/results/final_thesis/segmentation/cloudsen12_full_finetune/runs/20260823T211934923213Z_cloudsen12_dofa_full_finetune_seed42_0238c9b8"", ""run_id"": ""20260823T211934923213Z_cloudsen12_dofa_full_finetune_seed42_0238c9b8""}]"
cloudsen12,dofa,full_finetune,43,PROMOTABLE,20260824T041629083560Z_cloudsen12_dofa_full_finetune_seed43_6547906a,/workspace/results/final_thesis/segmentation/cloudsen12_full_finetune/runs/20260824T041629083560Z_cloudsen12_dofa_full_finetune_seed43_6547906a,49,,[]
cloudsen12,dofa,full_finetune,44,BLOCKED,20260824T084553296954Z_cloudsen12_dofa_full_finetune_seed44_9c298bb6,/workspace/results/final_thesis/segmentation/cloudsen12_full_finetune/runs/20260824T084553296954Z_cloudsen12_dofa_full_finetune_seed44_9c298bb6,42,deep export confusion matrix mismatch,[]
cloudsen12,panopticon,full_finetune,42,PROMOTABLE,20260824T002903622341Z_cloudsen12_panopticon_full_finetune_seed42_797a0b89,/workspace/results/final_thesis/segmentation/cloudsen12_full_finetune/runs/20260824T002903622341Z_cloudsen12_panopticon_full_finetune_seed42_797a0b89,44,,[]
cloudsen12,panopticon,full_finetune,43,PROMOTABLE,20260824T055703693822Z_cloudsen12_panopticon_full_finetune_seed43_8e8dc6a5,/workspace/results/final_thesis/segmentation/cloudsen12_full_finetune/runs/20260824T055703693822Z_cloudsen12_panopticon_full_finetune_seed43_8e8dc6a5,39,,[]
cloudsen12,panopticon,full_finetune,44,PROMOTABLE,20260824T102603117304Z_cloudsen12_panopticon_full_finetune_seed44_fde03f5e,/workspace/results/final_thesis/segmentation/cloudsen12_full_finetune/runs/20260824T102603117304Z_cloudsen12_panopticon_full_finetune_seed44_fde03f5e,44,,[]
spacenet7,dofa,frozen,42,PROMOTABLE,20260823T212554554121Z_spacenet7_dofa_frozen_seed42_bb178c28,/workspace/results/final_thesis/segmentation/spacenet7_frozen/runs/20260823T212554554121Z_spacenet7_dofa_frozen_seed42_bb178c28,23,,[]
spacenet7,dofa,frozen,43,PROMOTABLE,20260824T084249767853Z_spacenet7_dofa_frozen_seed43_30065f6d,/workspace/results/final_thesis/segmentation/spacenet7_frozen/runs/20260824T084249767853Z_spacenet7_dofa_frozen_seed43_30065f6d,31,,[]
spacenet7,dofa,frozen,44,PROMOTABLE,20260824T131025872125Z_spacenet7_dofa_frozen_seed44_505d5ab5,/workspace/results/final_thesis/segmentation/spacenet7_frozen/runs/20260824T131025872125Z_spacenet7_dofa_frozen_seed44_505d5ab5,44,,[]
spacenet7,panopticon,frozen,42,PROMOTABLE,20260824T012909480544Z_spacenet7_panopticon_frozen_seed42_5bc79e91,/workspace/results/final_thesis/segmentation/spacenet7_frozen/runs/20260824T012909480544Z_spacenet7_panopticon_frozen_seed42_5bc79e91,43,,[]
spacenet7,panopticon,frozen,43,PROMOTABLE,20260824T093212435964Z_spacenet7_panopticon_frozen_seed43_7a04c439,/workspace/results/final_thesis/segmentation/spacenet7_frozen/runs/20260824T093212435964Z_spacenet7_panopticon_frozen_seed43_7a04c439,50,,[]
spacenet7,panopticon,frozen,44,PROMOTABLE,20260824T140818811757Z_spacenet7_panopticon_frozen_seed44_0f56f5e4,/workspace/results/final_thesis/segmentation/spacenet7_frozen/runs/20260824T140818811757Z_spacenet7_panopticon_frozen_seed44_0f56f5e4,49,,[]
spacenet7,dofa,full_finetune,42,PROMOTABLE,20260823T223417473200Z_spacenet7_dofa_full_finetune_seed42_6349d2a1,/workspace/results/final_thesis/segmentation/spacenet7_full_finetune/runs/20260823T223417473200Z_spacenet7_dofa_full_finetune_seed42_6349d2a1,23,,"[{""disposition"": ""NONCANDIDATE_ZERO_EPOCH_INITIALIZATION"", ""evidence"": {""checkpoints"": [], ""completed_epochs"": 0, ""gradient_audit_present"": false, ""initialization_audits"": [""model_audit.json"", ""optimizer_group_audit.json""], ""summary_present"": false, ""summary_status"": null}, ""reason"": ""initialization audits exist, but no completed epoch, checkpoint, gradient audit, or run summary exists"", ""run_dir"": ""/workspace/results/final_thesis/segmentation/spacenet7_full_finetune/runs/20260823T211934803653Z_spacenet7_dofa_full_finetune_seed42_5e4e4aac"", ""run_id"": ""20260823T211934803653Z_spacenet7_dofa_full_finetune_seed42_5e4e4aac""}]"
spacenet7,dofa,full_finetune,43,PROMOTABLE,20260824T041628970344Z_spacenet7_dofa_full_finetune_seed43_2a812094,/workspace/results/final_thesis/segmentation/spacenet7_full_finetune/runs/20260824T041628970344Z_spacenet7_dofa_full_finetune_seed43_2a812094,16,,[]
spacenet7,dofa,full_finetune,44,PROMOTABLE,20260824T105029720150Z_spacenet7_dofa_full_finetune_seed44_0e9c0a7e,/workspace/results/final_thesis/segmentation/spacenet7_full_finetune/runs/20260824T105029720150Z_spacenet7_dofa_full_finetune_seed44_0e9c0a7e,24,,[]
spacenet7,panopticon,full_finetune,42,PROMOTABLE,20260823T233635521819Z_spacenet7_panopticon_full_finetune_seed42_b6b452b4,/workspace/results/final_thesis/segmentation/spacenet7_full_finetune/runs/20260823T233635521819Z_spacenet7_panopticon_full_finetune_seed42_b6b452b4,40,,[]
spacenet7,panopticon,full_finetune,43,PROMOTABLE,20260824T050749487080Z_spacenet7_panopticon_full_finetune_seed43_efe0a455,/workspace/results/final_thesis/segmentation/spacenet7_full_finetune/runs/20260824T050749487080Z_spacenet7_panopticon_full_finetune_seed43_efe0a455,23,,[]
spacenet7,panopticon,full_finetune,44,PROMOTABLE,20260824T115507474539Z_spacenet7_panopticon_full_finetune_seed44_f73c1ae1,/workspace/results/final_thesis/segmentation/spacenet7_full_finetune/runs/20260824T115507474539Z_spacenet7_panopticon_full_finetune_seed44_f73c1ae1,42,,[]
