sample_id,group_id,score,valid_pixels,errors,na_reason,base_risk,aurc,auroc,average_precision,risk_at_1,risk_at_0.9,risk_at_0.8,risk_at_0.5
ROI_00044__20200321T100029_20200321T100458_T32QMM,source_cc_2532,msp,50176,3746,,0.07465720663265306,0.01394020427072399,0.8781606719793237,0.35423729100280504,0.07465720663265306,0.04062145691609981,0.023392657844387755,0.00972576530612245
ROI_00044__20200321T100029_20200321T100458_T32QMM,source_cc_2532,entropy,50176,3746,,0.07465720663265306,0.014089055877493007,0.8762223563271855,0.333590193827191,0.07465720663265306,0.04095362103174606,0.023716517857142856,0.009765625
ROI_00044__20200321T100029_20200321T100458_T32QMM,source_cc_2532,negative_margin,50176,3746,,0.07465720663265306,0.013888339871085736,0.8786824950131313,0.35708167227178633,0.07465720663265306,0.04059045493197279,0.023243183992346938,0.009646045918367346
ROI_00044__20200321T100029_20200321T100458_T32QMM,source_cc_2532,gini_total,50176,3746,,0.07465720663265306,0.013973050378171054,0.8777033760988389,0.3460772831757826,0.07465720663265306,0.04072332057823129,0.023417570153061222,0.00972576530612245
ROI_00064__20190615T015629_20190615T020446_T51JVH,source_cc_2539,msp,50176,15771,,0.31431361607142855,0.14610797154104108,0.7619684753585761,0.5392285841985088,0.31431361607142855,0.2820383361678005,0.2474539620535714,0.14058514030612246
ROI_00064__20190615T015629_20190615T020446_T51JVH,source_cc_2539,entropy,50176,15771,,0.31431361607142855,0.14617399277407364,0.7619691074986548,0.5390682828357981,0.31431361607142855,0.28355743339002265,0.2469806281887755,0.14050542091836735
ROI_00064__20190615T015629_20190615T020446_T51JVH,source_cc_2539,negative_margin,50176,15771,,0.31431361607142855,0.1459624066870968,0.7617201382993484,0.5392536268411033,0.31431361607142855,0.2820737670068027,0.2480269451530612,0.1402264030612245
ROI_00064__20190615T015629_20190615T020446_T51JVH,source_cc_2539,gini_total,50176,15771,,0.31431361607142855,0.1461132217136001,0.7619305838133382,0.5380431860751373,0.31431361607142855,0.28186118197278914,0.24732441804846944,0.140625
ROI_00197__20190609T175919_20190609T180009_T14VPM,source_cc_2625,msp,50176,3055,,0.06088568239795918,0.006131966016029714,0.9343607054596463,0.4112799558035464,0.06088568239795918,0.025651927437641754,0.006576849489795918,0.0
ROI_00197__20190609T175919_20190609T180009_T14VPM,source_cc_2625,entropy,50176,3055,,0.06088568239795918,0.006170094682422947,0.9337389054907602,0.39927182891155444,0.06088568239795918,0.025563350340136085,0.006676498724489796,0.0
ROI_00197__20190609T175919_20190609T180009_T14VPM,source_cc_2625,negative_margin,50176,3055,,0.06088568239795918,0.0061530130411815735,0.9340291427185873,0.40838455534406826,0.06088568239795918,0.025798079648526075,0.006721340880102113,0.0
ROI_00197__20190609T175919_20190609T180009_T14VPM,source_cc_2625,gini_total,50176,3055,,0.06088568239795918,0.006144436903985806,0.9341444776481872,0.40510462868976965,0.06088568239795918,0.02555449263038549,0.006571867028061297,0.0
ROI_00201__20200320T161951_20200320T162706_T16TGL,source_cc_2632,msp,50176,15084,,0.3006218112244898,0.14270426862682284,0.7478407205223906,0.5113013896000335,0.3006218112244898,0.27072261196145125,0.23806202168367346,0.14939413265306123
ROI_00201__20200320T161951_20200320T162706_T16TGL,source_cc_2632,entropy,50176,15084,,0.3006218112244898,0.14057001357984528,0.7523160113010365,0.5168191208650246,0.3006218112244898,0.26898650085034015,0.2367914939413265,0.14736128826530612
ROI_00201__20200320T161951_20200320T162706_T16TGL,source_cc_2632,negative_margin,50176,15084,,0.3006218112244898,0.14477343543241414,0.7438961538776597,0.5008623021872907,0.3006218112244898,0.27182982568027214,0.23910833864795916,0.1493542729591837
ROI_00201__20200320T161951_20200320T162706_T16TGL,source_cc_2632,gini_total,50176,15084,,0.3006218112244898,0.14229955051793636,0.7492479819609978,0.5151168664081379,0.3006218112244898,0.2674452593537415,0.23783781090561223,0.14931441326530612
ROI_00428__20190127T144729_20190127T144731_T19LDD,source_cc_2780,msp,50176,3480,,0.06935586734693877,0.012009934503376408,0.91709374735388,0.47107296294313894,0.06935586734693877,0.02641811933106576,0.008993343431122448,0.005660076530612245
ROI_00428__20190127T144729_20190127T144731_T19LDD,source_cc_2780,entropy,50176,3480,,0.06935586734693877,0.012170486322202984,0.9170754675878611,0.48773784070788967,0.06935586734693877,0.026050524376417264,0.00891860650510204,0.005859375
ROI_00428__20190127T144729_20190127T144731_T19LDD,source_cc_2780,negative_margin,50176,3480,,0.06935586734693877,0.011554147688802544,0.9186220631760529,0.4578748302773962,0.06935586734693877,0.02697172619047619,0.009013273278061297,0.004942602040816327
ROI_00428__20190127T144729_20190127T144731_T19LDD,source_cc_2780,gini_total,50176,3480,,0.06935586734693877,0.011990670471727936,0.9173871682134777,0.4791084648950352,0.06935586734693877,0.026404832766439942,0.008993343431122448,0.005660076530612245
ROI_00489__20190906T014659_20190906T015218_T53TPN,source_cc_783,msp,50176,2556,,0.0509406887755102,0.006852950294944818,0.9113163417482824,0.36303188814517057,0.0509406887755102,0.01919908588435374,0.010039660395408162,0.0024314413265306123
ROI_00489__20190906T014659_20190906T015218_T53TPN,source_cc_783,entropy,50176,2556,,0.0509406887755102,0.006933151791113631,0.909838286802339,0.3491661252139089,0.0509406887755102,0.019575538548752835,0.010014748086734693,0.0024314413265306123
ROI_00489__20190906T014659_20190906T015218_T53TPN,source_cc_783,negative_margin,50176,2556,,0.0509406887755102,0.0068559489169831445,0.9113313848746499,0.3585683683797921,0.0509406887755102,0.019243374433106575,0.009964923469387755,0.002311862244897959
ROI_00489__20190906T014659_20190906T015218_T53TPN,source_cc_783,gini_total,50176,2556,,0.0509406887755102,0.006855365024725621,0.911272535112678,0.36121628528587657,0.0509406887755102,0.019243374433106575,0.010039660395408162,0.0024314413265306123
ROI_00503__20190428T185929_20190428T190154_T10TDK,source_cc_2800,msp,50176,0,constant_error_target,0.0,0.0,,,0.0,0.0,0.0,0.0
ROI_00503__20190428T185929_20190428T190154_T10TDK,source_cc_2800,entropy,50176,0,constant_error_target,0.0,0.0,,,0.0,0.0,0.0,0.0
ROI_00503__20190428T185929_20190428T190154_T10TDK,source_cc_2800,negative_margin,50176,0,constant_error_target,0.0,0.0,,,0.0,0.0,0.0,0.0
ROI_00503__20190428T185929_20190428T190154_T10TDK,source_cc_2800,gini_total,50176,0,constant_error_target,0.0,0.0,,,0.0,0.0,0.0,0.0
ROI_00535__20190429T182929_20190429T183604_T11TPN,source_cc_2809,msp,50176,0,constant_error_target,0.0,0.0,,,0.0,0.0,0.0,0.0
ROI_00535__20190429T182929_20190429T183604_T11TPN,source_cc_2809,entropy,50176,0,constant_error_target,0.0,0.0,,,0.0,0.0,0.0,0.0
ROI_00535__20190429T182929_20190429T183604_T11TPN,source_cc_2809,negative_margin,50176,0,constant_error_target,0.0,0.0,,,0.0,0.0,0.0,0.0
ROI_00535__20190429T182929_20190429T183604_T11TPN,source_cc_2809,gini_total,50176,0,constant_error_target,0.0,0.0,,,0.0,0.0,0.0,0.0
ROI_00539__20190403T162839_20190403T163509_T16SBB,source_cc_2817,msp,50176,3299,,0.0657485650510204,0.007619917254321017,0.923213105482017,0.36823326433234294,0.0657485650510204,0.030293367346938774,0.010238958864795918,0.0003985969387755102
ROI_00539__20190403T162839_20190403T163509_T16SBB,source_cc_2817,entropy,50176,3299,,0.0657485650510204,0.007640264501887813,0.9229454252793146,0.373286808936757,0.0657485650510204,0.03051481009070295,0.010283801020408235,0.0004384566326530612
ROI_00539__20190403T162839_20190403T163509_T16SBB,source_cc_2817,negative_margin,50176,3299,,0.0657485650510204,0.007639261079250796,0.9230081777802114,0.3680981188490645,0.0657485650510204,0.03040408871882086,0.010313695790816325,0.0003985969387755102
ROI_00539__20190403T162839_20190403T163509_T16SBB,source_cc_2817,gini_total,50176,3299,,0.0657485650510204,0.007617258838259455,0.9232563458316998,0.37197860931357235,0.0657485650510204,0.03025793650793654,0.010238958864795918,0.0003985969387755102
ROI_00539__20191219T163709_20191219T164030_T16SBB,source_cc_2817,msp,50176,0,constant_error_target,0.0,0.0,,,0.0,0.0,0.0,0.0
ROI_00539__20191219T163709_20191219T164030_T16SBB,source_cc_2817,entropy,50176,0,constant_error_target,0.0,0.0,,,0.0,0.0,0.0,0.0
ROI_00539__20191219T163709_20191219T164030_T16SBB,source_cc_2817,negative_margin,50176,0,constant_error_target,0.0,0.0,,,0.0,0.0,0.0,0.0
ROI_00539__20191219T163709_20191219T164030_T16SBB,source_cc_2817,gini_total,50176,0,constant_error_target,0.0,0.0,,,0.0,0.0,0.0,0.0
ROI_00591__20200710T144729_20200710T144727_T20NKJ,source_cc_2831,msp,50176,33802,,0.6736686862244898,0.5431251987009077,0.5647644765025146,0.6808318716485217,0.6736686862244898,0.679718501984127,0.6875,0.6676498724489796
ROI_00591__20200710T144729_20200710T144727_T20NKJ,source_cc_2831,entropy,50176,33802,,0.6736686862244898,0.5389948858385974,0.5763639393556425,0.710636218943423,0.6736686862244898,0.6720565830498866,0.681396484375,0.6664142219387755
ROI_00591__20200710T144729_20200710T144727_T20NKJ,source_cc_2831,negative_margin,50176,33802,,0.6736686862244898,0.5467941025724644,0.5594700385066724,0.6752751141607254,0.6736686862244898,0.6806485615079365,0.6894431600765306,0.6687260841836735
ROI_00591__20200710T144729_20200710T144727_T20NKJ,source_cc_2831,gini_total,50176,33802,,0.6736686862244898,0.542319824109738,0.5677978324645553,0.6947622813577996,0.6736686862244898,0.6769593253968255,0.6860102439413265,0.6675701530612245
ROI_00679__20181215T183751_20181215T183748_T11TNJ,source_cc_2861,msp,50176,13258,,0.2642299107142857,0.15351947010179096,0.6934321683234311,0.4251104160104956,0.2642299107142857,0.2388791454081633,0.2125219228316327,0.15433673469387754
ROI_00679__20181215T183751_20181215T183748_T11TNJ,source_cc_2861,entropy,50176,13258,,0.2642299107142857,0.1553009168700152,0.6869452112709195,0.40585579504411334,0.2642299107142857,0.24484924178004536,0.2172602439413265,0.1568877551020408
ROI_00679__20181215T183751_20181215T183748_T11TNJ,source_cc_2861,negative_margin,50176,13258,,0.2642299107142857,0.15299420438754596,0.695136450532703,0.4260278063566991,0.2642299107142857,0.23782950680272108,0.21162507971938782,0.15334024234693877
ROI_00679__20181215T183751_20181215T183748_T11TNJ,source_cc_2861,gini_total,50176,13258,,0.2642299107142857,0.15401512825957897,0.6912466188883493,0.414961713968738,0.2642299107142857,0.2417357568027211,0.21392199457908162,0.15465561224489796
ROI_00687__20200514T052651_20200514T053617_T43QCA,source_cc_2868,msp,50176,0,constant_error_target,0.0,0.0,,,0.0,0.0,0.0,0.0
ROI_00687__20200514T052651_20200514T053617_T43QCA,source_cc_2868,entropy,50176,0,constant_error_target,0.0,0.0,,,0.0,0.0,0.0,0.0
ROI_00687__20200514T052651_20200514T053617_T43QCA,source_cc_2868,negative_margin,50176,0,constant_error_target,0.0,0.0,,,0.0,0.0,0.0,0.0
ROI_00687__20200514T052651_20200514T053617_T43QCA,source_cc_2868,gini_total,50176,0,constant_error_target,0.0,0.0,,,0.0,0.0,0.0,0.0
ROI_00792__20200107T075311_20200107T081135_T35JPM,source_cc_2918,msp,50176,3982,,0.07936065051020408,0.018537924380084773,0.856864457187273,0.3768851135526952,0.07936065051020408,0.04323448129251704,0.027478276466836732,0.013352997448979591
ROI_00792__20200107T075311_20200107T081135_T35JPM,source_cc_2918,entropy,50176,3982,,0.07936065051020408,0.018578177381373642,0.8568033735478529,0.38369909335837915,0.07936065051020408,0.04267201672335601,0.027827048788265304,0.013432716836734694
ROI_00792__20200107T075311_20200107T081135_T35JPM,source_cc_2918,negative_margin,50176,3982,,0.07936065051020408,0.018502496594814784,0.8563878351834239,0.3620205565341844,0.07936065051020408,0.043765943877551054,0.02762775031887755,0.01327327806122449
ROI_00792__20200107T075311_20200107T081135_T35JPM,source_cc_2918,gini_total,50176,3982,,0.07936065051020408,0.018502053705416736,0.857335262219408,0.38599051515364347,0.07936065051020408,0.04298203656462585,0.02755301339285714,0.013352997448979591
ROI_01218__20190720T160519_20190720T160614_T16PGS,source_cc_3286,msp,50176,3328,,0.0663265306122449,0.006772095719932751,0.9355004091330965,0.42435585037181767,0.0663265306122449,0.027667056405895722,0.007847377232142856,0.00015943877551020407
ROI_01218__20190720T160519_20190720T160614_T16PGS,source_cc_3286,entropy,50176,3328,,0.0663265306122449,0.0068039950195092356,0.9349770852626498,0.41731853844213807,0.0663265306122449,0.028101084183673467,0.008071588010204082,0.00011957908163265306
ROI_01218__20190720T160519_20190720T160614_T16PGS,source_cc_3286,negative_margin,50176,3328,,0.0663265306122449,0.006819442744303709,0.9348603898409586,0.4196317480913487,0.0663265306122449,0.027813208616780046,0.007797552614795917,0.00015943877551020407
ROI_01218__20190720T160519_20190720T160614_T16PGS,source_cc_3286,gini_total,50176,3328,,0.0663265306122449,0.006771723701525789,0.9354971476390914,0.421504894960237,0.0663265306122449,0.027636054421768707,0.007872289540816327,0.00015943877551020407
ROI_01245__20190612T012659_20190612T012702_T56WMU,source_cc_3308,msp,50176,3787,,0.07547433035714286,0.00847709741243598,0.9315600101717293,0.4628367336376299,0.07547433035714286,0.033991461167800455,0.01138492506377551,0.0005580357142857143
ROI_01245__20190612T012659_20190612T012702_T56WMU,source_cc_3308,entropy,50176,3787,,0.07547433035714286,0.008286786695155693,0.934000514802484,0.48911439466552126,0.07547433035714286,0.033327132936507936,0.011085977359693877,0.0006776147959183673
ROI_01245__20190612T012659_20190612T012702_T56WMU,source_cc_3308,negative_margin,50176,3787,,0.07547433035714286,0.00865133282935422,0.9294059148709501,0.4410743139004144,0.07547433035714286,0.03496580924036281,0.011634048150510203,0.0006377551020408163
ROI_01245__20190612T012659_20190612T012702_T56WMU,source_cc_3308,gini_total,50176,3787,,0.07547433035714286,0.008419993961990606,0.9323281381931193,0.47577878624819625,0.07547433035714286,0.033792162698412696,0.01133510044642857,0.0005580357142857143
ROI_01321__20191023T070229_20191023T070227_T39LTD,source_cc_3353,msp,50176,6008,,0.11973852040816327,0.026617397636114412,0.8690767992944745,0.43764558911344287,0.11973852040816327,0.08027299461451247,0.04957549426020408,0.012555803571428572
ROI_01321__20191023T070229_20191023T070227_T39LTD,source_cc_3353,entropy,50176,6008,,0.11973852040816327,0.02682322268551289,0.8673649052666842,0.4243585861281241,0.11973852040816327,0.08188952664399092,0.04897759885204081,0.012834821428571428
ROI_01321__20191023T070229_20191023T070227_T39LTD,source_cc_3353,negative_margin,50176,6008,,0.11973852040816327,0.02671791241321297,0.8682143790317854,0.42968462864545276,0.11973852040816327,0.08068044926303858,0.04984952965561224,0.012236926020408163
ROI_01321__20191023T070229_20191023T070227_T39LTD,source_cc_3353,gini_total,50176,6008,,0.11973852040816327,0.026656171633635335,0.8687101690289901,0.4323079677606493,0.11973852040816327,0.08034828514739233,0.049301458864795915,0.012555803571428572
ROI_01346__20200613T175919_20200613T180445_T14VMN,source_cc_3386,msp,50176,29435,,0.5866350446428571,0.4627599425391666,0.5755666125347206,0.6121787540953192,0.5866350446428571,0.5896444515306123,0.5916623485331632,0.5553651147959183
ROI_01346__20200613T175919_20200613T180445_T14VMN,source_cc_3386,entropy,50176,29435,,0.5866350446428571,0.4537391559800378,0.595862053896182,0.6407035709225487,0.5866350446428571,0.5793916524943311,0.5818269690688775,0.5453204719387755
ROI_01346__20200613T175919_20200613T180445_T14VMN,source_cc_3386,negative_margin,50176,29435,,0.5866350446428571,0.4672572038503929,0.5686375053134762,0.6024090195306894,0.5866350446428571,0.5913495606575964,0.5932069116709184,0.560188137755102
ROI_01346__20200613T175919_20200613T180445_T14VMN,source_cc_3386,gini_total,50176,29435,,0.5866350446428571,0.4614553705476491,0.5793557543038902,0.6222918930910996,0.5866350446428571,0.5864911068594104,0.5893953284438775,0.5539700255102041
ROI_01369__20200712T023551_20200712T023553_T53WNM,source_cc_3408,msp,50176,4580,,0.09127869897959184,0.016729894748743725,0.8834365570066477,0.3955508965671713,0.09127869897959184,0.0534562783446712,0.029770208864795915,0.00701530612244898
ROI_01369__20200712T023551_20200712T023553_T53WNM,source_cc_3408,entropy,50176,4580,,0.09127869897959184,0.016649889362072224,0.8841791454164944,0.39965777670268055,0.09127869897959184,0.053101969954648526,0.029720384247448977,0.006975446428571429
ROI_01369__20200712T023551_20200712T023553_T53WNM,source_cc_3408,negative_margin,50176,4580,,0.09127869897959184,0.016806214651873957,0.8827910165834665,0.39204610603388196,0.09127869897959184,0.053589143990929705,0.029844945790816323,0.007095025510204082
ROI_01369__20200712T023551_20200712T023553_T53WNM,source_cc_3408,gini_total,50176,4580,,0.09127869897959184,0.016716323361860148,0.8835887216797919,0.3987336253121712,0.09127869897959184,0.053354414682539715,0.029770208864795915,0.00701530612244898
ROI_01580__20181212T105439_20181212T105647_T31UDP,source_cc_3483,msp,50176,7368,,0.14684311224489796,0.04304832555562724,0.8275758945175702,0.42776174412914925,0.14684311224489796,0.11021205357142856,0.07949517697704081,0.028738839285714284
ROI_01580__20181212T105439_20181212T105647_T31UDP,source_cc_3483,entropy,50176,7368,,0.14684311224489796,0.043233926006231875,0.8262229796210476,0.4199734721735306,0.14684311224489796,0.11117311507936511,0.08014289700255102,0.02893813775510204
ROI_01580__20181212T105439_20181212T105647_T31UDP,source_cc_3483,negative_margin,50176,7368,,0.14684311224489796,0.04323340326659762,0.8265789123229019,0.4176849061236165,0.14684311224489796,0.11045564058956915,0.07961973852040816,0.029137436224489797
ROI_01580__20181212T105439_20181212T105647_T31UDP,source_cc_3483,gini_total,50176,7368,,0.14684311224489796,0.04305882983076756,0.8274929927250348,0.4261070264815568,0.14684311224489796,0.11016776502267574,0.07964465082908162,0.028738839285714284
ROI_03815__20200422T080611_20200422T082942_T35LQK,source_cc_3625,msp,50176,0,constant_error_target,0.0,0.0,,,0.0,0.0,0.0,0.0
ROI_03815__20200422T080611_20200422T082942_T35LQK,source_cc_3625,entropy,50176,0,constant_error_target,0.0,0.0,,,0.0,0.0,0.0,0.0
ROI_03815__20200422T080611_20200422T082942_T35LQK,source_cc_3625,negative_margin,50176,0,constant_error_target,0.0,0.0,,,0.0,0.0,0.0,0.0
ROI_03815__20200422T080611_20200422T082942_T35LQK,source_cc_3625,gini_total,50176,0,constant_error_target,0.0,0.0,,,0.0,0.0,0.0,0.0
ROI_04797__20200309T092029_20200309T092902_T34RDT,source_cc_3699,msp,50176,891,,0.01775749362244898,0.0036019353072885693,0.8832555031905747,0.3213570967335901,0.01775749362244898,0.0034545068027210884,0.003736846301020408,0.004264987244897959
ROI_04797__20200309T092029_20200309T092902_T34RDT,source_cc_3699,entropy,50176,891,,0.01775749362244898,0.0036043799438454766,0.8831710292195227,0.3018336114188235,0.01775749362244898,0.0034545068027210884,0.003736846301020408,0.0042251275510204085
ROI_04797__20200309T092029_20200309T092902_T34RDT,source_cc_3699,negative_margin,50176,891,,0.01775749362244898,0.0035629318243840446,0.8825548326478292,0.3221816544649954,0.01775749362244898,0.003432362528344671,0.003736846301020408,0.004583864795918368
ROI_04797__20200309T092029_20200309T092902_T34RDT,source_cc_3699,gini_total,50176,891,,0.01775749362244898,0.003603298146074221,0.8831932322446677,0.31585178368775274,0.01775749362244898,0.0034545068027210884,0.003736846301020408,0.004264987244897959
ROI_05305__20191121T011941_20191121T011942_T54TXP,source_cc_3727,msp,50176,1387,,0.027642697704081634,0.0035975690819652116,0.9416174157710416,0.403327167534638,0.027642697704081634,0.004473143424036281,0.001992984693877551,0.0016741071428571428
ROI_05305__20191121T011941_20191121T011942_T54TXP,source_cc_3727,entropy,50176,1387,,0.027642697704081634,0.0036114031765290076,0.9419244557397913,0.4276043193155628,0.027642697704081634,0.004340277777777778,0.0021424585459183672,0.0017139668367346938
ROI_05305__20191121T011941_20191121T011942_T54TXP,source_cc_3727,negative_margin,50176,1387,,0.027642697704081634,0.0035421434375035067,0.9415818979962907,0.3871913464978819,0.027642697704081634,0.004539576247165533,0.0019431600765306121,0.0015943877551020409
ROI_05305__20191121T011941_20191121T011942_T54TXP,source_cc_3727,gini_total,50176,1387,,0.027642697704081634,0.003583138063969465,0.9421427936311776,0.42074640022163917,0.027642697704081634,0.004450999149659864,0.0020178970025510204,0.0016741071428571428
ROI_05622__20200606T080609_20200606T083047_T35LPK,source_cc_3008,msp,50176,0,constant_error_target,0.0,0.0,,,0.0,0.0,0.0,0.0
ROI_05622__20200606T080609_20200606T083047_T35LPK,source_cc_3008,entropy,50176,0,constant_error_target,0.0,0.0,,,0.0,0.0,0.0,0.0
ROI_05622__20200606T080609_20200606T083047_T35LPK,source_cc_3008,negative_margin,50176,0,constant_error_target,0.0,0.0,,,0.0,0.0,0.0,0.0
ROI_05622__20200606T080609_20200606T083047_T35LPK,source_cc_3008,gini_total,50176,0,constant_error_target,0.0,0.0,,,0.0,0.0,0.0,0.0
ROI_05830__20200611T085559_20200611T091323_T34NBM,source_cc_3747,msp,50176,2337,,0.046576052295918366,0.00361432822554036,0.9490416672961404,0.4169367753229681,0.046576052295918366,0.013441574546485261,0.0022171954719387753,0.00015943877551020407
ROI_05830__20200611T085559_20200611T091323_T34NBM,source_cc_3747,entropy,50176,2337,,0.046576052295918366,0.003615563157252042,0.9489986931365307,0.4168388547812299,0.046576052295918366,0.013485863095238094,0.002341757015306122,7.971938775510203e-05
ROI_05830__20200611T085559_20200611T091323_T34NBM,source_cc_3747,negative_margin,50176,2337,,0.046576052295918366,0.0036269498511115527,0.9488089252584417,0.41055997090699436,0.046576052295918366,0.013397285997732426,0.0021673708545918366,0.00015943877551020407
ROI_05830__20200611T085559_20200611T091323_T34NBM,source_cc_3747,gini_total,50176,2337,,0.046576052295918366,0.0036102434882919364,0.9491306433504055,0.4195120049556364,0.046576052295918366,0.013419430272108844,0.0022171954719387753,0.00015943877551020407
ROI_05860__20190327T125311_20190327T125307_T24KTB,source_cc_3320,msp,50176,5871,,0.11700813137755102,0.023751114373467695,0.8743068090492633,0.42014637388417453,0.11700813137755102,0.07960866638321995,0.04870356345663265,0.00701530612244898
ROI_05860__20190327T125311_20190327T125307_T24KTB,source_cc_3320,entropy,50176,5871,,0.11700813137755102,0.023653296239278133,0.8747379919828047,0.41837664136994485,0.11700813137755102,0.07941822562358279,0.048927774234693876,0.006895727040816327
ROI_05860__20190327T125311_20190327T125307_T24KTB,source_cc_3320,negative_margin,50176,5871,,0.11700813137755102,0.023947193071085345,0.8730783200200696,0.4105599721370726,0.11700813137755102,0.07974153202947845,0.048927774234693876,0.007334183673469388
ROI_05860__20190327T125311_20190327T125307_T24KTB,source_cc_3320,gini_total,50176,5871,,0.11700813137755102,0.023741235589408813,0.8743670747809269,0.42034764841029787,0.11700813137755102,0.07929864654195011,0.048504264987244895,0.00701530612244898
ROI_05860__20191227T125309_20191227T125303_T24KTB,source_cc_3320,msp,50176,2054,,0.040935905612244895,0.0032797631757673883,0.947091343864853,0.3886836173577878,0.040935905612244895,0.010828550170068027,0.0023168447066326528,0.0003587372448979592
ROI_05860__20191227T125309_20191227T125303_T24KTB,source_cc_3320,entropy,50176,2054,,0.040935905612244895,0.003282421359467831,0.9470074174909301,0.3767086495094271,0.040935905612244895,0.010828550170068027,0.0022421077806122447,0.00031887755102040814
ROI_05860__20191227T125309_20191227T125303_T24KTB,source_cc_3320,negative_margin,50176,2054,,0.040935905612244895,0.003301932287286848,0.946535414471341,0.38289770917368227,0.040935905612244895,0.010837407879818626,0.002341757015306122,0.0003587372448979592
ROI_05860__20191227T125309_20191227T125303_T24KTB,source_cc_3320,gini_total,50176,2054,,0.040935905612244895,0.003280368850818275,0.9470737957609933,0.3866730882660575,0.040935905612244895,0.010828550170068027,0.0022919323979591834,0.0003587372448979592
ROI_05940__20191115T143731_20191115T144536_T19HCV,source_cc_3766,msp,50176,2552,,0.050860969387755105,0.006278733072808039,0.9222835605661275,0.3955713918470005,0.050860969387755105,0.017502834467120212,0.0069007095025510196,0.0029894770408163264
ROI_05940__20191115T143731_20191115T144536_T19HCV,source_cc_3766,entropy,50176,2552,,0.050860969387755105,0.006378218187027814,0.9213670371541548,0.3798001362045099,0.050860969387755105,0.017480690192743797,0.006801060267857142,0.0031489158163265306
ROI_05940__20191115T143731_20191115T144536_T19HCV,source_cc_3766,negative_margin,50176,2552,,0.050860969387755105,0.006152022207421293,0.9229495541946396,0.3999307325186353,0.050860969387755105,0.017516121031746032,0.006975446428571428,0.0029894770408163264
ROI_05940__20191115T143731_20191115T144536_T19HCV,source_cc_3766,gini_total,50176,2552,,0.050860969387755105,0.006287408305631614,0.9221081975342903,0.38866905541076546,0.050860969387755105,0.017471832482993197,0.0069007095025510196,0.0029894770408163264
ROI_06118__20190316T132231_20190316T132230_T23MMQ,source_cc_3776,msp,50176,3696,,0.07366071428571429,0.006671838255967591,0.9499534751948424,0.5502733156657734,0.07366071428571429,0.026661706349206348,0.0053312340561224485,0.00031887755102040814
ROI_06118__20190316T132231_20190316T132230_T23MMQ,source_cc_3776,entropy,50176,3696,,0.07366071428571429,0.0062871346760814475,0.9551234506672329,0.6131612501236636,0.07366071428571429,0.024624433106575964,0.004932637117346939,0.00031887755102040814
ROI_06118__20190316T132231_20190316T132230_T23MMQ,source_cc_3776,negative_margin,50176,3696,,0.07366071428571429,0.006897515778284328,0.946997073404937,0.5046051369894793,0.07366071428571429,0.027746775793650792,0.00568000637755102,0.00023915816326530612
ROI_06118__20190316T132231_20190316T132230_T23MMQ,source_cc_3776,gini_total,50176,3696,,0.07366071428571429,0.006540315979608131,0.9517717437467867,0.5858594367186479,0.07366071428571429,0.026316255668934273,0.0053312340561224485,0.00031887755102040814
ROI_09251__20190818T084601_20190818T085006_T37VEG,source_cc_3923,msp,50176,15767,,0.31423389668367346,0.18673221418553515,0.6763466912706046,0.4655041185358769,0.31423389668367346,0.28755226048752835,0.2692472496811225,0.2163982780612245
ROI_09251__20190818T084601_20190818T085006_T37VEG,source_cc_3923,entropy,50176,15767,,0.31423389668367346,0.18464329100527688,0.68203741669099,0.47311154667455435,0.31423389668367346,0.2870340844671202,0.2655353156887756,0.21277104591836735
ROI_09251__20190818T084601_20190818T085006_T37VEG,source_cc_3923,negative_margin,50176,15767,,0.31423389668367346,0.18805281506261162,0.6725258821039082,0.4542223758988925,0.31423389668367346,0.28893849206349204,0.2706174266581633,0.21775350765306123
ROI_09251__20190818T084601_20190818T085006_T37VEG,source_cc_3923,gini_total,50176,15767,,0.31423389668367346,0.1863319707075539,0.6777697465704282,0.47059141562206636,0.31423389668367346,0.2860685941043084,0.26847496811224497,0.21627869897959184
ROI_11216__20181222T073319_20181222T074542_T37NHJ,source_cc_2707,msp,50176,0,constant_error_target,0.0,0.0,,,0.0,0.0,0.0,0.0
ROI_11216__20181222T073319_20181222T074542_T37NHJ,source_cc_2707,entropy,50176,0,constant_error_target,0.0,0.0,,,0.0,0.0,0.0,0.0
ROI_11216__20181222T073319_20181222T074542_T37NHJ,source_cc_2707,negative_margin,50176,0,constant_error_target,0.0,0.0,,,0.0,0.0,0.0,0.0
ROI_11216__20181222T073319_20181222T074542_T37NHJ,source_cc_2707,gini_total,50176,0,constant_error_target,0.0,0.0,,,0.0,0.0,0.0,0.0
ROI_11924__20190303T074821_20190303T081357_T35JQN,source_cc_3263,msp,50176,2335,,0.04653619260204082,0.005467002260365647,0.9136077586054484,0.3038841639346554,0.04653619260204082,0.022277140022675737,0.010014748086734693,0.0
ROI_11924__20190303T074821_20190303T081357_T35JQN,source_cc_3263,entropy,50176,2335,,0.04653619260204082,0.005486723908485865,0.9129369516179733,0.2744049976379172,0.04653619260204082,0.022542871315192742,0.009940011160714284,0.0
ROI_11924__20190303T074821_20190303T081357_T35JQN,source_cc_3263,negative_margin,50176,2335,,0.04653619260204082,0.0055003976276620375,0.9132073467665711,0.30706221385023613,0.04653619260204082,0.022077841553287982,0.009840361926020407,0.0
ROI_11924__20190303T074821_20190303T081357_T35JQN,source_cc_3263,gini_total,50176,2335,,0.04653619260204082,0.005483581417667854,0.9132433108297215,0.29124377882946695,0.04653619260204082,0.022277140022675737,0.010014748086734693,0.0
