object_id,analysis_unit,score,coverage,label,positive_support,accepted_mass,rejected_mass,within_class_acceptance
eurosat__dofa__full_finetune__deterministic__42,image_top1,msp,1.0,AnnualCrop,300,300.0,0.0,1.0
eurosat__dofa__full_finetune__deterministic__42,image_top1,msp,1.0,Forest,300,300.0,0.0,1.0
eurosat__dofa__full_finetune__deterministic__42,image_top1,msp,1.0,HerbaceousVegetation,300,300.0,0.0,1.0
eurosat__dofa__full_finetune__deterministic__42,image_top1,msp,1.0,Highway,250,250.0,0.0,1.0
eurosat__dofa__full_finetune__deterministic__42,image_top1,msp,1.0,Industrial,250,250.0,0.0,1.0
eurosat__dofa__full_finetune__deterministic__42,image_top1,msp,1.0,Pasture,200,200.0,0.0,1.0
eurosat__dofa__full_finetune__deterministic__42,image_top1,msp,1.0,PermanentCrop,250,250.0,0.0,1.0
eurosat__dofa__full_finetune__deterministic__42,image_top1,msp,1.0,Residential,300,300.0,0.0,1.0
eurosat__dofa__full_finetune__deterministic__42,image_top1,msp,1.0,River,250,250.0,0.0,1.0
eurosat__dofa__full_finetune__deterministic__42,image_top1,msp,1.0,SeaLake,314,314.0,0.0,1.0
eurosat__dofa__full_finetune__deterministic__42,image_top1,msp,0.9,AnnualCrop,300,291.5999999999999,8.400000000000091,0.9719999999999996
eurosat__dofa__full_finetune__deterministic__42,image_top1,msp,0.9,Forest,300,265.0,35.0,0.8833333333333333
eurosat__dofa__full_finetune__deterministic__42,image_top1,msp,0.9,HerbaceousVegetation,300,276.0,24.0,0.92
eurosat__dofa__full_finetune__deterministic__42,image_top1,msp,0.9,Highway,250,235.0,15.0,0.94
eurosat__dofa__full_finetune__deterministic__42,image_top1,msp,0.9,Industrial,250,218.0,32.0,0.872
eurosat__dofa__full_finetune__deterministic__42,image_top1,msp,0.9,Pasture,200,168.0,32.0,0.84
eurosat__dofa__full_finetune__deterministic__42,image_top1,msp,0.9,PermanentCrop,250,132.0,118.0,0.528
eurosat__dofa__full_finetune__deterministic__42,image_top1,msp,0.9,Residential,300,297.0,3.0,0.99
eurosat__dofa__full_finetune__deterministic__42,image_top1,msp,0.9,River,250,246.0,4.0,0.984
eurosat__dofa__full_finetune__deterministic__42,image_top1,msp,0.9,SeaLake,314,314.0,0.0,1.0
eurosat__dofa__full_finetune__deterministic__42,image_top1,msp,0.8,AnnualCrop,300,268.0,32.0,0.8933333333333333
eurosat__dofa__full_finetune__deterministic__42,image_top1,msp,0.8,Forest,300,233.20000000000027,66.79999999999973,0.7773333333333342
eurosat__dofa__full_finetune__deterministic__42,image_top1,msp,0.8,HerbaceousVegetation,300,237.0,63.0,0.79
eurosat__dofa__full_finetune__deterministic__42,image_top1,msp,0.8,Highway,250,216.0,34.0,0.864
eurosat__dofa__full_finetune__deterministic__42,image_top1,msp,0.8,Industrial,250,186.0,64.0,0.744
eurosat__dofa__full_finetune__deterministic__42,image_top1,msp,0.8,Pasture,200,128.0,72.0,0.64
eurosat__dofa__full_finetune__deterministic__42,image_top1,msp,0.8,PermanentCrop,250,72.0,178.0,0.288
eurosat__dofa__full_finetune__deterministic__42,image_top1,msp,0.8,Residential,300,288.0,12.0,0.96
eurosat__dofa__full_finetune__deterministic__42,image_top1,msp,0.8,River,250,231.0,19.0,0.924
eurosat__dofa__full_finetune__deterministic__42,image_top1,msp,0.8,SeaLake,314,312.0,2.0,0.9936305732484076
eurosat__dofa__full_finetune__deterministic__42,image_top1,msp,0.5,AnnualCrop,300,157.0,143.0,0.5233333333333333
eurosat__dofa__full_finetune__deterministic__42,image_top1,msp,0.5,Forest,300,108.0,192.0,0.36
eurosat__dofa__full_finetune__deterministic__42,image_top1,msp,0.5,HerbaceousVegetation,300,20.0,280.0,0.06666666666666667
eurosat__dofa__full_finetune__deterministic__42,image_top1,msp,0.5,Highway,250,154.0,96.0,0.616
eurosat__dofa__full_finetune__deterministic__42,image_top1,msp,0.5,Industrial,250,118.0,132.0,0.472
eurosat__dofa__full_finetune__deterministic__42,image_top1,msp,0.5,Pasture,200,58.0,142.0,0.29
eurosat__dofa__full_finetune__deterministic__42,image_top1,msp,0.5,PermanentCrop,250,7.0,243.0,0.028
eurosat__dofa__full_finetune__deterministic__42,image_top1,msp,0.5,Residential,300,261.0,39.0,0.87
eurosat__dofa__full_finetune__deterministic__42,image_top1,msp,0.5,River,250,167.0,83.0,0.668
eurosat__dofa__full_finetune__deterministic__42,image_top1,msp,0.5,SeaLake,314,307.0,7.0,0.9777070063694268
eurosat__dofa__full_finetune__deterministic__42,image_top1,entropy,1.0,AnnualCrop,300,300.0,0.0,1.0
eurosat__dofa__full_finetune__deterministic__42,image_top1,entropy,1.0,Forest,300,300.0,0.0,1.0
eurosat__dofa__full_finetune__deterministic__42,image_top1,entropy,1.0,HerbaceousVegetation,300,300.0,0.0,1.0
eurosat__dofa__full_finetune__deterministic__42,image_top1,entropy,1.0,Highway,250,250.0,0.0,1.0
eurosat__dofa__full_finetune__deterministic__42,image_top1,entropy,1.0,Industrial,250,250.0,0.0,1.0
eurosat__dofa__full_finetune__deterministic__42,image_top1,entropy,1.0,Pasture,200,200.0,0.0,1.0
eurosat__dofa__full_finetune__deterministic__42,image_top1,entropy,1.0,PermanentCrop,250,250.0,0.0,1.0
eurosat__dofa__full_finetune__deterministic__42,image_top1,entropy,1.0,Residential,300,300.0,0.0,1.0
eurosat__dofa__full_finetune__deterministic__42,image_top1,entropy,1.0,River,250,250.0,0.0,1.0
eurosat__dofa__full_finetune__deterministic__42,image_top1,entropy,1.0,SeaLake,314,314.0,0.0,1.0
eurosat__dofa__full_finetune__deterministic__42,image_top1,entropy,0.9,AnnualCrop,300,290.5999999999999,9.400000000000091,0.9686666666666663
eurosat__dofa__full_finetune__deterministic__42,image_top1,entropy,0.9,Forest,300,265.0,35.0,0.8833333333333333
eurosat__dofa__full_finetune__deterministic__42,image_top1,entropy,0.9,HerbaceousVegetation,300,276.0,24.0,0.92
eurosat__dofa__full_finetune__deterministic__42,image_top1,entropy,0.9,Highway,250,236.0,14.0,0.944
eurosat__dofa__full_finetune__deterministic__42,image_top1,entropy,0.9,Industrial,250,221.0,29.0,0.884
eurosat__dofa__full_finetune__deterministic__42,image_top1,entropy,0.9,Pasture,200,166.0,34.0,0.83
eurosat__dofa__full_finetune__deterministic__42,image_top1,entropy,0.9,PermanentCrop,250,134.0,116.0,0.536
eurosat__dofa__full_finetune__deterministic__42,image_top1,entropy,0.9,Residential,300,296.0,4.0,0.9866666666666667
eurosat__dofa__full_finetune__deterministic__42,image_top1,entropy,0.9,River,250,244.0,6.0,0.976
eurosat__dofa__full_finetune__deterministic__42,image_top1,entropy,0.9,SeaLake,314,314.0,0.0,1.0
eurosat__dofa__full_finetune__deterministic__42,image_top1,entropy,0.8,AnnualCrop,300,267.0,33.0,0.89
eurosat__dofa__full_finetune__deterministic__42,image_top1,entropy,0.8,Forest,300,233.20000000000027,66.79999999999973,0.7773333333333342
eurosat__dofa__full_finetune__deterministic__42,image_top1,entropy,0.8,HerbaceousVegetation,300,237.0,63.0,0.79
eurosat__dofa__full_finetune__deterministic__42,image_top1,entropy,0.8,Highway,250,218.0,32.0,0.872
eurosat__dofa__full_finetune__deterministic__42,image_top1,entropy,0.8,Industrial,250,189.0,61.0,0.756
eurosat__dofa__full_finetune__deterministic__42,image_top1,entropy,0.8,Pasture,200,126.0,74.0,0.63
eurosat__dofa__full_finetune__deterministic__42,image_top1,entropy,0.8,PermanentCrop,250,70.0,180.0,0.28
eurosat__dofa__full_finetune__deterministic__42,image_top1,entropy,0.8,Residential,300,288.0,12.0,0.96
eurosat__dofa__full_finetune__deterministic__42,image_top1,entropy,0.8,River,250,231.0,19.0,0.924
eurosat__dofa__full_finetune__deterministic__42,image_top1,entropy,0.8,SeaLake,314,312.0,2.0,0.9936305732484076
eurosat__dofa__full_finetune__deterministic__42,image_top1,entropy,0.5,AnnualCrop,300,153.0,147.0,0.51
eurosat__dofa__full_finetune__deterministic__42,image_top1,entropy,0.5,Forest,300,111.0,189.0,0.37
eurosat__dofa__full_finetune__deterministic__42,image_top1,entropy,0.5,HerbaceousVegetation,300,18.0,282.0,0.06
eurosat__dofa__full_finetune__deterministic__42,image_top1,entropy,0.5,Highway,250,155.0,95.0,0.62
eurosat__dofa__full_finetune__deterministic__42,image_top1,entropy,0.5,Industrial,250,119.0,131.0,0.476
eurosat__dofa__full_finetune__deterministic__42,image_top1,entropy,0.5,Pasture,200,58.0,142.0,0.29
eurosat__dofa__full_finetune__deterministic__42,image_top1,entropy,0.5,PermanentCrop,250,7.0,243.0,0.028
eurosat__dofa__full_finetune__deterministic__42,image_top1,entropy,0.5,Residential,300,261.0,39.0,0.87
eurosat__dofa__full_finetune__deterministic__42,image_top1,entropy,0.5,River,250,168.0,82.0,0.672
eurosat__dofa__full_finetune__deterministic__42,image_top1,entropy,0.5,SeaLake,314,307.0,7.0,0.9777070063694268
eurosat__dofa__full_finetune__deterministic__42,image_top1,negative_margin,1.0,AnnualCrop,300,300.0,0.0,1.0
eurosat__dofa__full_finetune__deterministic__42,image_top1,negative_margin,1.0,Forest,300,300.0,0.0,1.0
eurosat__dofa__full_finetune__deterministic__42,image_top1,negative_margin,1.0,HerbaceousVegetation,300,300.0,0.0,1.0
eurosat__dofa__full_finetune__deterministic__42,image_top1,negative_margin,1.0,Highway,250,250.0,0.0,1.0
eurosat__dofa__full_finetune__deterministic__42,image_top1,negative_margin,1.0,Industrial,250,250.0,0.0,1.0
eurosat__dofa__full_finetune__deterministic__42,image_top1,negative_margin,1.0,Pasture,200,200.0,0.0,1.0
eurosat__dofa__full_finetune__deterministic__42,image_top1,negative_margin,1.0,PermanentCrop,250,250.0,0.0,1.0
eurosat__dofa__full_finetune__deterministic__42,image_top1,negative_margin,1.0,Residential,300,300.0,0.0,1.0
eurosat__dofa__full_finetune__deterministic__42,image_top1,negative_margin,1.0,River,250,250.0,0.0,1.0
eurosat__dofa__full_finetune__deterministic__42,image_top1,negative_margin,1.0,SeaLake,314,314.0,0.0,1.0
eurosat__dofa__full_finetune__deterministic__42,image_top1,negative_margin,0.9,AnnualCrop,300,291.0,9.0,0.97
eurosat__dofa__full_finetune__deterministic__42,image_top1,negative_margin,0.9,Forest,300,266.0,34.0,0.8866666666666667
eurosat__dofa__full_finetune__deterministic__42,image_top1,negative_margin,0.9,HerbaceousVegetation,300,277.0,23.0,0.9233333333333333
eurosat__dofa__full_finetune__deterministic__42,image_top1,negative_margin,0.9,Highway,250,235.0,15.0,0.94
eurosat__dofa__full_finetune__deterministic__42,image_top1,negative_margin,0.9,Industrial,250,216.0,34.0,0.864
eurosat__dofa__full_finetune__deterministic__42,image_top1,negative_margin,0.9,Pasture,200,168.0,32.0,0.84
eurosat__dofa__full_finetune__deterministic__42,image_top1,negative_margin,0.9,PermanentCrop,250,132.5999999999999,117.40000000000009,0.5303999999999996
eurosat__dofa__full_finetune__deterministic__42,image_top1,negative_margin,0.9,Residential,300,297.0,3.0,0.99
eurosat__dofa__full_finetune__deterministic__42,image_top1,negative_margin,0.9,River,250,246.0,4.0,0.984
eurosat__dofa__full_finetune__deterministic__42,image_top1,negative_margin,0.9,SeaLake,314,314.0,0.0,1.0
eurosat__dofa__full_finetune__deterministic__42,image_top1,negative_margin,0.8,AnnualCrop,300,269.0,31.0,0.8966666666666666
eurosat__dofa__full_finetune__deterministic__42,image_top1,negative_margin,0.8,Forest,300,234.0,66.0,0.78
eurosat__dofa__full_finetune__deterministic__42,image_top1,negative_margin,0.8,HerbaceousVegetation,300,240.0,60.0,0.8
eurosat__dofa__full_finetune__deterministic__42,image_top1,negative_margin,0.8,Highway,250,211.20000000000027,38.79999999999973,0.8448000000000011
eurosat__dofa__full_finetune__deterministic__42,image_top1,negative_margin,0.8,Industrial,250,186.0,64.0,0.744
eurosat__dofa__full_finetune__deterministic__42,image_top1,negative_margin,0.8,Pasture,200,129.0,71.0,0.645
eurosat__dofa__full_finetune__deterministic__42,image_top1,negative_margin,0.8,PermanentCrop,250,72.0,178.0,0.288
eurosat__dofa__full_finetune__deterministic__42,image_top1,negative_margin,0.8,Residential,300,288.0,12.0,0.96
eurosat__dofa__full_finetune__deterministic__42,image_top1,negative_margin,0.8,River,250,230.0,20.0,0.92
eurosat__dofa__full_finetune__deterministic__42,image_top1,negative_margin,0.8,SeaLake,314,312.0,2.0,0.9936305732484076
eurosat__dofa__full_finetune__deterministic__42,image_top1,negative_margin,0.5,AnnualCrop,300,165.0,135.0,0.55
eurosat__dofa__full_finetune__deterministic__42,image_top1,negative_margin,0.5,Forest,300,101.0,199.0,0.33666666666666667
eurosat__dofa__full_finetune__deterministic__42,image_top1,negative_margin,0.5,HerbaceousVegetation,300,28.0,272.0,0.09333333333333334
eurosat__dofa__full_finetune__deterministic__42,image_top1,negative_margin,0.5,Highway,250,147.0,103.0,0.588
eurosat__dofa__full_finetune__deterministic__42,image_top1,negative_margin,0.5,Industrial,250,115.0,135.0,0.46
eurosat__dofa__full_finetune__deterministic__42,image_top1,negative_margin,0.5,Pasture,200,57.0,143.0,0.285
eurosat__dofa__full_finetune__deterministic__42,image_top1,negative_margin,0.5,PermanentCrop,250,7.0,243.0,0.028
eurosat__dofa__full_finetune__deterministic__42,image_top1,negative_margin,0.5,Residential,300,263.0,37.0,0.8766666666666667
eurosat__dofa__full_finetune__deterministic__42,image_top1,negative_margin,0.5,River,250,168.0,82.0,0.672
eurosat__dofa__full_finetune__deterministic__42,image_top1,negative_margin,0.5,SeaLake,314,306.0,8.0,0.9745222929936306
eurosat__dofa__full_finetune__deterministic__42,image_top1,gini_total,1.0,AnnualCrop,300,300.0,0.0,1.0
eurosat__dofa__full_finetune__deterministic__42,image_top1,gini_total,1.0,Forest,300,300.0,0.0,1.0
eurosat__dofa__full_finetune__deterministic__42,image_top1,gini_total,1.0,HerbaceousVegetation,300,300.0,0.0,1.0
eurosat__dofa__full_finetune__deterministic__42,image_top1,gini_total,1.0,Highway,250,250.0,0.0,1.0
eurosat__dofa__full_finetune__deterministic__42,image_top1,gini_total,1.0,Industrial,250,250.0,0.0,1.0
eurosat__dofa__full_finetune__deterministic__42,image_top1,gini_total,1.0,Pasture,200,200.0,0.0,1.0
eurosat__dofa__full_finetune__deterministic__42,image_top1,gini_total,1.0,PermanentCrop,250,250.0,0.0,1.0
eurosat__dofa__full_finetune__deterministic__42,image_top1,gini_total,1.0,Residential,300,300.0,0.0,1.0
eurosat__dofa__full_finetune__deterministic__42,image_top1,gini_total,1.0,River,250,250.0,0.0,1.0
eurosat__dofa__full_finetune__deterministic__42,image_top1,gini_total,1.0,SeaLake,314,314.0,0.0,1.0
eurosat__dofa__full_finetune__deterministic__42,image_top1,gini_total,0.9,AnnualCrop,300,292.0,8.0,0.9733333333333334
eurosat__dofa__full_finetune__deterministic__42,image_top1,gini_total,0.9,Forest,300,265.0,35.0,0.8833333333333333
eurosat__dofa__full_finetune__deterministic__42,image_top1,gini_total,0.9,HerbaceousVegetation,300,276.0,24.0,0.92
eurosat__dofa__full_finetune__deterministic__42,image_top1,gini_total,0.9,Highway,250,235.0,15.0,0.94
eurosat__dofa__full_finetune__deterministic__42,image_top1,gini_total,0.9,Industrial,250,219.0,31.0,0.876
eurosat__dofa__full_finetune__deterministic__42,image_top1,gini_total,0.9,Pasture,200,167.0,33.0,0.835
eurosat__dofa__full_finetune__deterministic__42,image_top1,gini_total,0.9,PermanentCrop,250,132.0,118.0,0.528
eurosat__dofa__full_finetune__deterministic__42,image_top1,gini_total,0.9,Residential,300,297.0,3.0,0.99
eurosat__dofa__full_finetune__deterministic__42,image_top1,gini_total,0.9,River,250,245.5999999999999,4.400000000000091,0.9823999999999996
eurosat__dofa__full_finetune__deterministic__42,image_top1,gini_total,0.9,SeaLake,314,314.0,0.0,1.0
eurosat__dofa__full_finetune__deterministic__42,image_top1,gini_total,0.8,AnnualCrop,300,268.0,32.0,0.8933333333333333
eurosat__dofa__full_finetune__deterministic__42,image_top1,gini_total,0.8,Forest,300,233.0,67.0,0.7766666666666666
eurosat__dofa__full_finetune__deterministic__42,image_top1,gini_total,0.8,HerbaceousVegetation,300,237.0,63.0,0.79
eurosat__dofa__full_finetune__deterministic__42,image_top1,gini_total,0.8,Highway,250,216.0,34.0,0.864
eurosat__dofa__full_finetune__deterministic__42,image_top1,gini_total,0.8,Industrial,250,186.20000000000027,63.79999999999973,0.7448000000000011
eurosat__dofa__full_finetune__deterministic__42,image_top1,gini_total,0.8,Pasture,200,128.0,72.0,0.64
eurosat__dofa__full_finetune__deterministic__42,image_top1,gini_total,0.8,PermanentCrop,250,72.0,178.0,0.288
eurosat__dofa__full_finetune__deterministic__42,image_top1,gini_total,0.8,Residential,300,288.0,12.0,0.96
eurosat__dofa__full_finetune__deterministic__42,image_top1,gini_total,0.8,River,250,231.0,19.0,0.924
eurosat__dofa__full_finetune__deterministic__42,image_top1,gini_total,0.8,SeaLake,314,312.0,2.0,0.9936305732484076
eurosat__dofa__full_finetune__deterministic__42,image_top1,gini_total,0.5,AnnualCrop,300,157.0,143.0,0.5233333333333333
eurosat__dofa__full_finetune__deterministic__42,image_top1,gini_total,0.5,Forest,300,108.0,192.0,0.36
eurosat__dofa__full_finetune__deterministic__42,image_top1,gini_total,0.5,HerbaceousVegetation,300,20.0,280.0,0.06666666666666667
eurosat__dofa__full_finetune__deterministic__42,image_top1,gini_total,0.5,Highway,250,154.0,96.0,0.616
eurosat__dofa__full_finetune__deterministic__42,image_top1,gini_total,0.5,Industrial,250,118.0,132.0,0.472
eurosat__dofa__full_finetune__deterministic__42,image_top1,gini_total,0.5,Pasture,200,58.0,142.0,0.29
eurosat__dofa__full_finetune__deterministic__42,image_top1,gini_total,0.5,PermanentCrop,250,7.0,243.0,0.028
eurosat__dofa__full_finetune__deterministic__42,image_top1,gini_total,0.5,Residential,300,261.0,39.0,0.87
eurosat__dofa__full_finetune__deterministic__42,image_top1,gini_total,0.5,River,250,167.0,83.0,0.668
eurosat__dofa__full_finetune__deterministic__42,image_top1,gini_total,0.5,SeaLake,314,307.0,7.0,0.9777070063694268
