object_id,label_index,label,score,n_images,positive_labels,negative_labels,error_count,correct_count,auroc_ap_na_reason,base_risk,aurc,auroc,average_precision,risk_at_1,risk_at_0.9,risk_at_0.8,risk_at_0.5
treesatai__dofa__frozen__deterministic__43,0,Abies,msp,2000,49,1951,49,1951,,0.0245,0.00852005110244609,0.7974455799746859,0.11433197312191186,0.0245,0.013333333333333334,0.009375,0.008
treesatai__dofa__frozen__deterministic__43,0,Abies,entropy,2000,49,1951,49,1951,,0.0245,0.00852005110244609,0.7974455799746859,0.11433197312191186,0.0245,0.013333333333333334,0.009375,0.008
treesatai__dofa__frozen__deterministic__43,0,Abies,negative_margin,2000,49,1951,49,1951,,0.0245,0.00852005110244609,0.7974455799746859,0.11433197312191186,0.0245,0.013333333333333334,0.009375,0.008
treesatai__dofa__frozen__deterministic__43,0,Abies,gini_total,2000,49,1951,49,1951,,0.0245,0.00852005110244609,0.7974455799746859,0.11433197312191186,0.0245,0.013333333333333334,0.009375,0.008
treesatai__dofa__frozen__deterministic__43,1,Acer,msp,2000,183,1817,187,1813,,0.0935,0.03996764068708443,0.7215357887626795,0.21761376704278276,0.0935,0.07888888888888888,0.068125,0.037
treesatai__dofa__frozen__deterministic__43,1,Acer,entropy,2000,183,1817,187,1813,,0.0935,0.03996764068708443,0.7215357887626795,0.21761376704278276,0.0935,0.07888888888888888,0.068125,0.037
treesatai__dofa__frozen__deterministic__43,1,Acer,negative_margin,2000,183,1817,187,1813,,0.0935,0.03996764068708443,0.7215357887626795,0.21761376704278276,0.0935,0.07888888888888888,0.068125,0.037
treesatai__dofa__frozen__deterministic__43,1,Acer,gini_total,2000,183,1817,187,1813,,0.0935,0.03996764068708443,0.7215357887626795,0.21761376704278276,0.0935,0.07888888888888888,0.068125,0.037
treesatai__dofa__frozen__deterministic__43,2,Alnus,msp,2000,149,1851,149,1851,,0.0745,0.04036950611425603,0.6835992878871933,0.15466428732492396,0.0745,0.06388888888888888,0.054375,0.035
treesatai__dofa__frozen__deterministic__43,2,Alnus,entropy,2000,149,1851,149,1851,,0.0745,0.04036950611425603,0.6835992878871933,0.15466428732492396,0.0745,0.06388888888888888,0.054375,0.035
treesatai__dofa__frozen__deterministic__43,2,Alnus,negative_margin,2000,149,1851,149,1851,,0.0745,0.04036950611425603,0.6835992878871933,0.15466428732492396,0.0745,0.06388888888888888,0.054375,0.035
treesatai__dofa__frozen__deterministic__43,2,Alnus,gini_total,2000,149,1851,149,1851,,0.0745,0.04036950611425603,0.6835992878871933,0.15466428732492396,0.0745,0.06388888888888888,0.054375,0.035
treesatai__dofa__frozen__deterministic__43,3,Betula,msp,2000,130,1870,131,1869,,0.0655,0.035903573498115446,0.6818725774896973,0.1211010691433931,0.0655,0.058888888888888886,0.045625,0.033
treesatai__dofa__frozen__deterministic__43,3,Betula,entropy,2000,130,1870,131,1869,,0.0655,0.035903573498115446,0.6818725774896973,0.1211010691433931,0.0655,0.058888888888888886,0.045625,0.033
treesatai__dofa__frozen__deterministic__43,3,Betula,negative_margin,2000,130,1870,131,1869,,0.0655,0.035903573498115446,0.6818725774896973,0.1211010691433931,0.0655,0.058888888888888886,0.045625,0.033
treesatai__dofa__frozen__deterministic__43,3,Betula,gini_total,2000,130,1870,131,1869,,0.0655,0.035903573498115446,0.6818725774896973,0.1211010691433931,0.0655,0.058888888888888886,0.045625,0.033
treesatai__dofa__frozen__deterministic__43,4,Cleared,msp,2000,334,1666,238,1762,,0.119,0.04411906895258815,0.7860242848558265,0.3204283770219798,0.119,0.09222222222222222,0.06625,0.035
treesatai__dofa__frozen__deterministic__43,4,Cleared,entropy,2000,334,1666,238,1762,,0.119,0.04411906895258815,0.7860242848558265,0.3204283770219798,0.119,0.09222222222222222,0.06625,0.035
treesatai__dofa__frozen__deterministic__43,4,Cleared,negative_margin,2000,334,1666,238,1762,,0.119,0.04411906895258815,0.7860242848558265,0.3204283770219798,0.119,0.09222222222222222,0.06625,0.035
treesatai__dofa__frozen__deterministic__43,4,Cleared,gini_total,2000,334,1666,238,1762,,0.119,0.04411906895258815,0.7860242848558265,0.3204283770219798,0.119,0.09222222222222222,0.06625,0.035
treesatai__dofa__frozen__deterministic__43,5,Fagus,msp,2000,735,1265,472,1528,,0.236,0.12635671961259154,0.711962851628361,0.40770295777040483,0.236,0.20777777777777778,0.185625,0.122
treesatai__dofa__frozen__deterministic__43,5,Fagus,entropy,2000,735,1265,472,1528,,0.236,0.12635671961259154,0.711962851628361,0.40770295777040483,0.236,0.20777777777777778,0.185625,0.122
treesatai__dofa__frozen__deterministic__43,5,Fagus,negative_margin,2000,735,1265,472,1528,,0.236,0.12635671961259154,0.711962851628361,0.40770295777040483,0.236,0.20777777777777778,0.185625,0.122
treesatai__dofa__frozen__deterministic__43,5,Fagus,gini_total,2000,735,1265,472,1528,,0.236,0.12635671961259154,0.711962851628361,0.40770295777040483,0.236,0.20777777777777778,0.185625,0.122
treesatai__dofa__frozen__deterministic__43,6,Fraxinus,msp,2000,116,1884,116,1884,,0.058,0.017475723843183476,0.7876857749469215,0.17387687397687826,0.058,0.04555555555555556,0.03125,0.014
treesatai__dofa__frozen__deterministic__43,6,Fraxinus,entropy,2000,116,1884,116,1884,,0.058,0.017475723843183476,0.7876857749469215,0.17387687397687826,0.058,0.04555555555555556,0.03125,0.014
treesatai__dofa__frozen__deterministic__43,6,Fraxinus,negative_margin,2000,116,1884,116,1884,,0.058,0.017475723843183476,0.7876857749469215,0.17387687397687826,0.058,0.04555555555555556,0.03125,0.014
treesatai__dofa__frozen__deterministic__43,6,Fraxinus,gini_total,2000,116,1884,116,1884,,0.058,0.017475723843183476,0.7876857749469215,0.17387687397687826,0.058,0.04555555555555556,0.03125,0.014
treesatai__dofa__frozen__deterministic__43,7,Larix,msp,2000,218,1782,220,1780,,0.11,0.07068815982429465,0.6436925434116445,0.22126836875218195,0.11,0.09055555555555556,0.089375,0.072
treesatai__dofa__frozen__deterministic__43,7,Larix,entropy,2000,218,1782,220,1780,,0.11,0.07068815982429465,0.6436925434116445,0.22126836875218195,0.11,0.09055555555555556,0.089375,0.072
treesatai__dofa__frozen__deterministic__43,7,Larix,negative_margin,2000,218,1782,220,1780,,0.11,0.07068815982429465,0.6436925434116445,0.22126836875218195,0.11,0.09055555555555556,0.089375,0.072
treesatai__dofa__frozen__deterministic__43,7,Larix,gini_total,2000,218,1782,220,1780,,0.11,0.07068815982429465,0.6436925434116445,0.22126836875218195,0.11,0.09055555555555556,0.089375,0.072
treesatai__dofa__frozen__deterministic__43,8,Picea,msp,2000,772,1228,395,1605,,0.1975,0.090107478822211,0.7526637485705272,0.42273528040653147,0.1975,0.16444444444444445,0.134375,0.082
treesatai__dofa__frozen__deterministic__43,8,Picea,entropy,2000,772,1228,395,1605,,0.1975,0.090107478822211,0.7526637485705272,0.42273528040653147,0.1975,0.16444444444444445,0.134375,0.082
treesatai__dofa__frozen__deterministic__43,8,Picea,negative_margin,2000,772,1228,395,1605,,0.1975,0.090107478822211,0.7526637485705272,0.42273528040653147,0.1975,0.16444444444444445,0.134375,0.082
treesatai__dofa__frozen__deterministic__43,8,Picea,gini_total,2000,772,1228,395,1605,,0.1975,0.090107478822211,0.7526637485705272,0.42273528040653147,0.1975,0.16444444444444445,0.134375,0.082
treesatai__dofa__frozen__deterministic__43,9,Pinus,msp,2000,352,1648,220,1780,,0.11,0.032998463127111306,0.823585291113381,0.3850433437366838,0.11,0.07388888888888889,0.05,0.026
treesatai__dofa__frozen__deterministic__43,9,Pinus,entropy,2000,352,1648,220,1780,,0.11,0.032998463127111306,0.823585291113381,0.3850433437366838,0.11,0.07388888888888889,0.05,0.026
treesatai__dofa__frozen__deterministic__43,9,Pinus,negative_margin,2000,352,1648,220,1780,,0.11,0.032998463127111306,0.823585291113381,0.3850433437366838,0.11,0.07388888888888889,0.05,0.026
treesatai__dofa__frozen__deterministic__43,9,Pinus,gini_total,2000,352,1648,220,1780,,0.11,0.032998463127111306,0.823585291113381,0.3850433437366838,0.11,0.07388888888888889,0.05,0.026
treesatai__dofa__frozen__deterministic__43,10,Populus,msp,2000,13,1987,13,1987,,0.0065,0.004199505139455416,0.6398513414114824,0.015436284505533774,0.0065,0.005555555555555556,0.004375,0.004
treesatai__dofa__frozen__deterministic__43,10,Populus,entropy,2000,13,1987,13,1987,,0.0065,0.004199505139455416,0.6398513414114824,0.015436284505533774,0.0065,0.005555555555555556,0.004375,0.004
treesatai__dofa__frozen__deterministic__43,10,Populus,negative_margin,2000,13,1987,13,1987,,0.0065,0.004199505139455416,0.6398513414114824,0.015436284505533774,0.0065,0.005555555555555556,0.004375,0.004
treesatai__dofa__frozen__deterministic__43,10,Populus,gini_total,2000,13,1987,13,1987,,0.0065,0.004199505139455416,0.6398513414114824,0.015436284505533774,0.0065,0.005555555555555556,0.004375,0.004
treesatai__dofa__frozen__deterministic__43,11,Prunus,msp,2000,23,1977,23,1977,,0.0115,0.0036829583972962147,0.7689736315453806,0.03251624775613688,0.0115,0.008333333333333333,0.0075,0.003
treesatai__dofa__frozen__deterministic__43,11,Prunus,entropy,2000,23,1977,23,1977,,0.0115,0.0036829583972962147,0.7689736315453806,0.03251624775613688,0.0115,0.008333333333333333,0.0075,0.003
treesatai__dofa__frozen__deterministic__43,11,Prunus,negative_margin,2000,23,1977,23,1977,,0.0115,0.0036829583972962147,0.7689736315453806,0.03251624775613688,0.0115,0.008333333333333333,0.0075,0.003
treesatai__dofa__frozen__deterministic__43,11,Prunus,gini_total,2000,23,1977,23,1977,,0.0115,0.0036829583972962147,0.7689736315453806,0.03251624775613688,0.0115,0.008333333333333333,0.0075,0.003
treesatai__dofa__frozen__deterministic__43,12,Pseudotsuga,msp,2000,187,1813,179,1821,,0.0895,0.04258281026460942,0.7226767783678315,0.2458975327463874,0.0895,0.06277777777777778,0.059375,0.045
treesatai__dofa__frozen__deterministic__43,12,Pseudotsuga,entropy,2000,187,1813,179,1821,,0.0895,0.04258281026460942,0.7226767783678315,0.2458975327463874,0.0895,0.06277777777777778,0.059375,0.045
treesatai__dofa__frozen__deterministic__43,12,Pseudotsuga,negative_margin,2000,187,1813,179,1821,,0.0895,0.04258281026460942,0.7226767783678315,0.2458975327463874,0.0895,0.06277777777777778,0.059375,0.045
treesatai__dofa__frozen__deterministic__43,12,Pseudotsuga,gini_total,2000,187,1813,179,1821,,0.0895,0.04258281026460942,0.7226767783678315,0.2458975327463874,0.0895,0.06277777777777778,0.059375,0.045
treesatai__dofa__frozen__deterministic__43,13,Quercus,msp,2000,501,1499,434,1566,,0.217,0.10688345777618645,0.7338371264956359,0.3950882805911212,0.217,0.18944444444444444,0.16125,0.095
treesatai__dofa__frozen__deterministic__43,13,Quercus,entropy,2000,501,1499,434,1566,,0.217,0.10688345777618645,0.7338371264956359,0.3950882805911212,0.217,0.18944444444444444,0.16125,0.095
treesatai__dofa__frozen__deterministic__43,13,Quercus,negative_margin,2000,501,1499,434,1566,,0.217,0.10688345777618645,0.7338371264956359,0.3950882805911212,0.217,0.18944444444444444,0.16125,0.095
treesatai__dofa__frozen__deterministic__43,13,Quercus,gini_total,2000,501,1499,434,1566,,0.217,0.10688345777618645,0.7338371264956359,0.3950882805911212,0.217,0.18944444444444444,0.16125,0.095
treesatai__dofa__frozen__deterministic__43,14,Tilia,msp,2000,12,1988,12,1988,,0.006,0.011033168291673843,0.5137491616364855,0.008213918736100107,0.006,0.006111111111111111,0.005,0.006
treesatai__dofa__frozen__deterministic__43,14,Tilia,entropy,2000,12,1988,12,1988,,0.006,0.011033168291673843,0.5137491616364855,0.008213918736100107,0.006,0.006111111111111111,0.005,0.006
treesatai__dofa__frozen__deterministic__43,14,Tilia,negative_margin,2000,12,1988,12,1988,,0.006,0.011033168291673843,0.5137491616364855,0.008213918736100107,0.006,0.006111111111111111,0.005,0.006
treesatai__dofa__frozen__deterministic__43,14,Tilia,gini_total,2000,12,1988,12,1988,,0.006,0.011033168291673843,0.5137491616364855,0.008213918736100107,0.006,0.006111111111111111,0.005,0.006
